{
  "timestamp": "2026-06-10T07:01:23.516Z",
  "source": "catalog",
  "keyword": "Bàn phím cơ aula 75",
  "data": {
    "templates": [],
    "mods": {
      "filter": {
        "tItemType": "nt_filter",
        "filterItems": [
          {
            "name": "category",
            "unfoldRow": "2",
            "title": "Danh mục liên quan",
            "urlKey": "category",
            "hidden": false,
            "locked": false,
            "type": "category",
            "uniqueName": "category",
            "value": "",
            "displayValue": "",
            "options": [
              {
                "url": "/ban-phim-danh-cho-choi-game/?q=B%C3%A0n+ph%C3%ADm+c%C6%A1+aula+75",
                "title": "Bàn phím chơi game",
                "value": "ban-phim-danh-cho-choi-game"
              },
              {
                "url": "/ban-phim-co-ban/?q=B%C3%A0n+ph%C3%ADm+c%C6%A1+aula+75",
                "title": "Bàn phím cơ bản",
                "value": "ban-phim-co-ban"
              },
              {
                "url": "/phu-kien-ban-phim/?q=B%C3%A0n+ph%C3%ADm+c%C6%A1+aula+75",
                "title": "Phụ kiện bàn phím",
                "value": "phu-kien-ban-phim"
              },
              {
                "url": "/shop-cooling-fans-&-components/?q=B%C3%A0n+ph%C3%ADm+c%C6%A1+aula+75",
                "title": "Quạt tản nhiệt & linh kiện làm mát",
                "value": "shop-cooling-fans-&-components"
              },
              {
                "url": "/combo-chuot-phim/?q=B%C3%A0n+ph%C3%ADm+c%C6%A1+aula+75",
                "title": "Combo Chuột & Phím",
                "value": "combo-chuot-phim"
              },
              {
                "url": "/chuot-danh-cho-choi-game/?q=B%C3%A0n+ph%C3%ADm+c%C6%A1+aula+75",
                "title": "Chuột chơi game",
                "value": "chuot-danh-cho-choi-game"
              },
              {
                "url": "/nguon-may-tinh/?q=B%C3%A0n+ph%C3%ADm+c%C6%A1+aula+75",
                "title": "Nguồn máy tính",
                "value": "nguon-may-tinh"
              },
              {
                "url": "/shop-graphics-&-sound-cards/?q=B%C3%A0n+ph%C3%ADm+c%C6%A1+aula+75",
                "title": "Card đồ họa & âm thanh",
                "value": "shop-graphics-&-sound-cards"
              },
              {
                "url": "/dieu-khien-phu-kien-drones/?q=B%C3%A0n+ph%C3%ADm+c%C6%A1+aula+75",
                "title": "Điều khiển & Phụ kiện Drones",
                "value": "dieu-khien-phu-kien-drones"
              },
              {
                "url": "/router/?q=B%C3%A0n+ph%C3%ADm+c%C6%A1+aula+75",
                "title": "Router",
                "value": "router"
              },
              {
                "url": "/bo-mach-chu/?q=B%C3%A0n+ph%C3%ADm+c%C6%A1+aula+75",
                "title": "Bo mạch chủ",
                "value": "bo-mach-chu"
              },
              {
                "url": "/canh-quat-bo-phan-khac/?q=B%C3%A0n+ph%C3%ADm+c%C6%A1+aula+75",
                "title": "Cánh quạt & Bộ phận khác",
                "value": "canh-quat-bo-phan-khac"
              },
              {
                "url": "/bo-lap-rap-may-bay/?q=B%C3%A0n+ph%C3%ADm+c%C6%A1+aula+75",
                "title": "Bộ lắp ráp máy bay",
                "value": "bo-lap-rap-may-bay"
              },
              {
                "url": "/card-mang/?q=B%C3%A0n+ph%C3%ADm+c%C6%A1+aula+75",
                "title": "Card mạng",
                "value": "card-mang"
              },
              {
                "url": "/shop-mousepads/?q=B%C3%A0n+ph%C3%ADm+c%C6%A1+aula+75",
                "title": "Miếng lót chuột",
                "value": "shop-mousepads"
              },
              {
                "url": "/shop-cpu/?q=B%C3%A0n+ph%C3%ADm+c%C6%A1+aula+75",
                "title": "Bộ xử lý trung tâm (CPU)",
                "value": "shop-cpu"
              },
              {
                "url": "/am-dun-nau-nuoc/?q=B%C3%A0n+ph%C3%ADm+c%C6%A1+aula+75",
                "title": "Bếp ấm đun nước",
                "value": "am-dun-nau-nuoc"
              },
              {
                "url": "/chuot-co-ban/?q=B%C3%A0n+ph%C3%ADm+c%C6%A1+aula+75",
                "title": "Chuột cơ bản",
                "value": "chuot-co-ban"
              },
              {
                "url": "/kinh-loc/?q=B%C3%A0n+ph%C3%ADm+c%C6%A1+aula+75",
                "title": "Kính lọc",
                "value": "kinh-loc"
              },
              {
                "url": "/ram-may-tinh/?q=B%C3%A0n+ph%C3%ADm+c%C6%A1+aula+75",
                "title": "RAM máy tính",
                "value": "ram-may-tinh"
              }
            ]
          },
          {
            "name": "brand",
            "unfoldRow": "-1",
            "title": "Thương hiệu",
            "urlKey": "ppath",
            "hidden": false,
            "locked": false,
            "type": "brand",
            "uniqueName": "20000",
            "options": [
              {
                "title": "AULA",
                "value": "aula"
              },
              {
                "title": "No Brand",
                "value": "no-brand"
              },
              {
                "title": "Thermalright",
                "value": "thermalright"
              },
              {
                "title": "AULA-MOJING",
                "value": "lazada8313073704_aula-mojing-127567083"
              },
              {
                "title": "LEOBOG",
                "value": "lazada1760078704_leobog-127592232"
              },
              {
                "title": "Lingbao",
                "value": "lazada8148002704_lingbao-127585879"
              },
              {
                "title": "VGN",
                "value": "lazada6208066704_vgn-127828500"
              },
              {
                "title": "Godox",
                "value": "godox"
              },
              {
                "title": "Lofree",
                "value": "lofree-169908"
              },
              {
                "title": "AJAZZ",
                "value": "ajazz"
              },
              {
                "title": "ESPORTS LIVNG MUSEUM",
                "value": "lazada8314054704_esports livng museum-127572639"
              },
              {
                "title": "Logitech",
                "value": "logitech"
              },
              {
                "title": "MSI",
                "value": "msi"
              },
              {
                "title": "AMD",
                "value": "lazada6916014_amd-127196097"
              },
              {
                "title": "EWEADN",
                "value": "eweadn"
              },
              {
                "title": "Miui",
                "value": "miui-123757471"
              },
              {
                "title": "HEIJISHE",
                "value": "lazada8775025704_heijishe-127895455"
              },
              {
                "title": "Akko",
                "value": "akko-123146898"
              },
              {
                "title": "XINMENG",
                "value": "lazada7490007704_xinmeng-127890888"
              },
              {
                "title": "Black Shark",
                "value": "lazada6960194_black shark-127220283"
              },
              {
                "title": "HP",
                "value": "lazada6948136_hp-127220668"
              },
              {
                "title": "RadioMaster",
                "value": "lazada1774014704_radiomaster-127833835"
              },
              {
                "title": "TITANNATION",
                "value": "lazada8716160704_titannation-127844207"
              },
              {
                "title": "Intel",
                "value": "lazada6892073_intel-127198226"
              },
              {
                "title": "ATTACK SHARK",
                "value": "lazada7877030704_attack shark-127342027"
              },
              {
                "title": "NEWMEN",
                "value": "newmen"
              },
              {
                "title": "K&F Concept",
                "value": "k-f-concept"
              },
              {
                "title": "HUANANZHI",
                "value": "huananzhi-121104016"
              },
              {
                "title": "Comfast",
                "value": "comfast"
              },
              {
                "title": "SMAILWOLF",
                "value": "lazada8617402704_smailwolf-127750614"
              }
            ]
          },
          {
            "name": "service",
            "unfoldRow": "4",
            "title": "Dịch vụ & Khuyến mãi",
            "urlKey": "service",
            "hidden": false,
            "locked": false,
            "type": "multiple",
            "uniqueName": "service",
            "options": [
              {
                "title": "6.6 Sale Vẫn Nhiệt",
                "value": "After_party",
                "activeIcon": "",
                "normalIcon": ""
              },
              {
                "title": "LazFlash Sale",
                "value": "flashsale",
                "activeIcon": "",
                "normalIcon": ""
              },
              {
                "title": "Bundle & Save",
                "value": "globalhits",
                "activeIcon": "",
                "normalIcon": ""
              },
              {
                "title": "Xử lý đơn hàng bởi Lazada",
                "value": "FBL",
                "activeIcon": "",
                "normalIcon": ""
              },
              {
                "title": "Giao hỏa tốc",
                "value": "INSTANT",
                "activeIcon": "",
                "normalIcon": ""
              },
              {
                "title": "Voucher Max",
                "value": "Voucher_Max",
                "activeIcon": "",
                "normalIcon": ""
              },
              {
                "title": "LazMall",
                "value": "official",
                "activeIcon": "",
                "normalIcon": ""
              },
              {
                "title": "Tmall",
                "value": "tmall",
                "activeIcon": "",
                "normalIcon": ""
              },
              {
                "title": "Mua 3 Giảm 20%",
                "value": "taofashion",
                "activeIcon": "",
                "normalIcon": ""
              },
              {
                "title": "Giao Nhanh 24H",
                "value": "FLASH_SHIPPING",
                "activeIcon": "",
                "normalIcon": ""
              },
              {
                "title": "Thanh toán khi nhận hàng",
                "value": "COD",
                "activeIcon": "",
                "normalIcon": ""
              },
              {
                "title": "Freeship",
                "value": "freeShipping",
                "activeIcon": "",
                "normalIcon": ""
              },
              {
                "title": "Xu",
                "value": "coins",
                "activeIcon": "",
                "normalIcon": ""
              }
            ]
          },
          {
            "name": "location",
            "unfoldRow": "3",
            "title": "Vận chuyển từ",
            "urlKey": "location",
            "hidden": false,
            "locked": false,
            "type": "location",
            "uniqueName": "location",
            "value": [],
            "options": [
              {
                "title": "China",
                "value": "R270056"
              },
              {
                "title": "Hong Kong",
                "value": "R913110"
              },
              {
                "title": "Hồ Chí Minh",
                "value": "R1973756"
              },
              {
                "title": "Viet Nam",
                "value": "R49915"
              },
              {
                "title": "Hà Nội",
                "value": "R1903516"
              },
              {
                "title": "South Korea",
                "value": "R307756"
              },
              {
                "title": "Thành phố Hồ Chí Minh",
                "value": "RVN189"
              },
              {
                "title": "Hải Phòng",
                "value": "R1902682"
              },
              {
                "title": "Ninh Bình",
                "value": "R1900963"
              },
              {
                "title": "Long An",
                "value": "R1877236"
              },
              {
                "title": "Cần Thơ",
                "value": "R1874283"
              },
              {
                "title": "Đà Nẵng",
                "value": "R1891418"
              },
              {
                "title": "Tây Ninh",
                "value": "R1898961"
              },
              {
                "title": "Hưng Yên",
                "value": "R1901032"
              },
              {
                "title": "Đồng Nai",
                "value": "R1904421"
              },
              {
                "title": "Phú Thọ",
                "value": "R1902930"
              },
              {
                "title": "Quảng Ninh",
                "value": "R1902947"
              },
              {
                "title": "Vĩnh Phúc",
                "value": "R1902889"
              },
              {
                "title": "Bà Rịa Vũng Tàu",
                "value": "R1904296"
              },
              {
                "title": "Bình Dương",
                "value": "R1906037"
              },
              {
                "title": "Việt Nam",
                "value": "Local"
              },
              {
                "title": "Nước ngoài",
                "value": "Overseas"
              }
            ]
          },
          {
            "showMin": "Tối thiểu",
            "showMax": "Tối đa",
            "name": "price",
            "unfoldRow": "2",
            "title": "Giá",
            "urlKey": "price",
            "hidden": false,
            "locked": false,
            "type": "price",
            "uniqueName": "price"
          },
          {
            "name": "rating",
            "unfoldRow": "2",
            "title": "Đánh giá",
            "urlKey": "rating",
            "hidden": false,
            "locked": false,
            "type": "rating",
            "uniqueName": "rating",
            "value": "0"
          },
          {
            "name": "attribute",
            "unfoldRow": "-1",
            "title": "Loại kết nối",
            "urlKey": "ppath",
            "hidden": false,
            "locked": false,
            "type": "multiple",
            "uniqueName": "120104402",
            "options": [
              {
                "title": "Không dây",
                "value": "120104402:1149"
              },
              {
                "title": "Có dây",
                "value": "120104402:46889"
              }
            ]
          },
          {
            "name": "attribute",
            "unfoldRow": "-1",
            "title": "Loại công tắc bàn phím",
            "urlKey": "ppath",
            "hidden": false,
            "locked": false,
            "type": "multiple",
            "uniqueName": "120154606",
            "options": [
              {
                "title": "Cơ khí",
                "value": "120154606:123862202"
              },
              {
                "title": "Blue Switch",
                "value": "120154606:124222426"
              },
              {
                "title": "Red Switch",
                "value": "120154606:124222225"
              },
              {
                "title": "Membrane",
                "value": "120154606:110104570"
              },
              {
                "title": "Chuột quang",
                "value": "120154606:110008482"
              },
              {
                "title": "Công tắc đèn",
                "value": "120154606:124003605"
              }
            ]
          },
          {
            "name": "attribute",
            "unfoldRow": "-1",
            "title": "Chất liệu",
            "urlKey": "ppath",
            "hidden": false,
            "locked": false,
            "type": "multiple",
            "uniqueName": "100005685",
            "options": [
              {
                "title": "Nhựa",
                "value": "100005685:45099"
              },
              {
                "title": "Kim loại",
                "value": "100005685:4991"
              },
              {
                "title": "Nhôm",
                "value": "100005685:45131"
              },
              {
                "title": "Hợp kim nhôm",
                "value": "100005685:62264"
              },
              {
                "title": "ABS",
                "value": "100005685:20556"
              },
              {
                "title": "Nhựa ABS",
                "value": "100005685:73376"
              },
              {
                "title": "Khác",
                "value": "100005685:8804"
              },
              {
                "title": "Polycarbonate",
                "value": "100005685:45225"
              },
              {
                "title": "Hợp kim nhôm",
                "value": "100005685:110008544"
              },
              {
                "title": "Silicon",
                "value": "100005685:45132"
              },
              {
                "title": "Hợp kim nhôm",
                "value": "100005685:123296606"
              },
              {
                "title": "Lưới",
                "value": "100005685:47381"
              },
              {
                "title": "Không xác định",
                "value": "100005685:16918"
              },
              {
                "title": "Đồng thau",
                "value": "100005685:45129"
              },
              {
                "title": "Thép",
                "value": "100005685:45101"
              },
              {
                "title": "Gỗ",
                "value": "100005685:34056"
              },
              {
                "title": "Vải vóc",
                "value": "100005685:45135"
              },
              {
                "title": "Thép không gỉ",
                "value": "100005685:63940"
              },
              {
                "title": "Nylon",
                "value": "100005685:35372"
              },
              {
                "title": "Da PU",
                "value": "100005685:110008969"
              },
              {
                "title": "Polyester",
                "value": "100005685:45190"
              },
              {
                "title": "Đồ gốm",
                "value": "100005685:110008968"
              },
              {
                "title": "ABS+PC",
                "value": "100005685:121207875"
              },
              {
                "title": "Sợi carbon",
                "value": "100005685:45105"
              },
              {
                "title": "Cao su",
                "value": "100005685:45089"
              },
              {
                "title": "Nhôm / ABS",
                "value": "100005685:45147"
              },
              {
                "title": "Da thú",
                "value": "100005685:19373"
              },
              {
                "title": "Kim loại",
                "value": "100005685:110008977"
              }
            ]
          },
          {
            "name": "attribute",
            "unfoldRow": "-1",
            "title": "Xuất xứ",
            "urlKey": "ppath",
            "hidden": false,
            "locked": false,
            "type": "multiple",
            "uniqueName": "100007394",
            "options": [
              {
                "title": "Trung Quốc",
                "value": "100007394:3298"
              },
              {
                "title": "Khác",
                "value": "100007394:8804"
              },
              {
                "title": "Việt Nam",
                "value": "100007394:61613"
              },
              {
                "title": "Hàn Quốc",
                "value": "100007394:7756"
              },
              {
                "title": "Nhật Bản",
                "value": "100007394:23023"
              }
            ]
          },
          {
            "name": "attribute",
            "unfoldRow": "-1",
            "title": "Tính năng chuột",
            "urlKey": "ppath",
            "hidden": false,
            "locked": false,
            "type": "multiple",
            "uniqueName": "100007553",
            "options": [
              {
                "title": "Không dây",
                "value": "100007553:1149"
              },
              {
                "title": "Bluetooth",
                "value": "100007553:63870"
              },
              {
                "title": "Quang học",
                "value": "100007553:17500"
              },
              {
                "title": "Có dây",
                "value": "100007553:46889"
              },
              {
                "title": "USB",
                "value": "100007553:45294"
              },
              {
                "title": "Chuột laser",
                "value": "100007553:648"
              }
            ]
          },
          {
            "name": "attribute",
            "unfoldRow": "-1",
            "title": "Trình trạng",
            "urlKey": "ppath",
            "hidden": false,
            "locked": false,
            "type": "multiple",
            "uniqueName": "100005912",
            "options": [
              {
                "title": "Mới",
                "value": "100005912:63882"
              },
              {
                "title": "Đã sử dụng",
                "value": "100005912:137799"
              },
              {
                "title": "Đã tân trang",
                "value": "100005912:63693"
              }
            ]
          },
          {
            "name": "attribute",
            "unfoldRow": "-1",
            "title": "Tốc độ quạt",
            "urlKey": "ppath",
            "hidden": false,
            "locked": false,
            "type": "multiple",
            "uniqueName": "100005829",
            "options": [
              {
                "title": "Cao",
                "value": "100005829:46917"
              },
              {
                "title": "Thấp",
                "value": "100005829:46918"
              },
              {
                "title": "Trung bình",
                "value": "100005829:44615"
              }
            ]
          },
          {
            "name": "attribute",
            "unfoldRow": "-1",
            "title": "Màu sắc",
            "urlKey": "ppath",
            "hidden": false,
            "locked": false,
            "type": "multiple",
            "uniqueName": "100005652",
            "options": [
              {
                "title": "Trắng",
                "value": "100005652:35520"
              },
              {
                "title": "Đen",
                "value": "100005652:63859"
              },
              {
                "title": "Xanh dương",
                "value": "100005652:1239"
              },
              {
                "title": "Không xác định",
                "value": "100005652:16918"
              },
              {
                "title": "Màu đỏ",
                "value": "100005652:41816"
              },
              {
                "title": "Xám",
                "value": "100005652:47588"
              },
              {
                "title": "Màu xanh lá",
                "value": "100005652:8700"
              },
              {
                "title": "Hồng",
                "value": "100005652:63858"
              },
              {
                "title": "Màu vàng",
                "value": "100005652:47005"
              },
              {
                "title": "Thiên hà",
                "value": "100005652:412"
              },
              {
                "title": "Đen sâu",
                "value": "100005652:170238"
              },
              {
                "title": "Tím",
                "value": "100005652:38050"
              }
            ]
          },
          {
            "name": "attribute",
            "unfoldRow": "-1",
            "title": "Biến thể DDR",
            "urlKey": "ppath",
            "hidden": false,
            "locked": false,
            "type": "multiple",
            "uniqueName": "100007441",
            "options": [
              {
                "title": "DDR4",
                "value": "100007441:47091"
              },
              {
                "title": "DDR5",
                "value": "100007441:47093"
              },
              {
                "title": "DDR3",
                "value": "100007441:5464"
              },
              {
                "title": "DDR3L",
                "value": "100007441:47090"
              },
              {
                "title": "DDR",
                "value": "100007441:3300"
              }
            ]
          }
        ],
        "filteredQuatity": "4023",
        "filteredDoneText": "Sản Phẩm",
        "title": "Bộ lọc tìm kiếm",
        "pos": 0
      },
      "listItems": [
        {
          "name": "AULA |Bàn phím cơ ba chế độ Lang Tu F75",
          "nid": "3234652279",
          "itemId": "3234652279",
          "icons": [
            {
              "domClass": "167087",
              "type": "img",
              "group": "6",
              "showType": "0",
              "bizType": "Freeshipping"
            },
            {
              "domClass": "215496",
              "type": "img",
              "group": "3",
              "showType": "0",
              "bizType": "campaign"
            },
            {
              "domClass": "76432",
              "type": "img",
              "group": "3",
              "showType": "0",
              "bizType": "lazMall"
            }
          ],
          "image": "https://filebroker-cdn.lazada.vn/kf/Sfa6ba036486142bdaf186c59ad8741afE.jpg",
          "isSmartImage": false,
          "utLogMap": {
            "srp_name": "LazadaMainSrp",
            "x_object_type": "item",
            "src": "organic",
            "trafficType": "organic",
            "lower_k": "b%C3%A0n+ph%C3%ADm+c%C6%A1+aula+75",
            "x_sku_ids": "15557050197",
            "x_item_ids": "3234652279",
            "iconList": "167087;215496;76432",
            "SN": "d410eaa2a114d0bae901697abc58c5f0",
            "current_price": "993720",
            "x_object_id": "3234652279",
            "ai_item": "0"
          },
          "originalPriceShow": "",
          "priceShow": "993.720 ₫",
          "discount": "66% Off",
          "ratingScore": "4.946345975948196",
          "review": "1100",
          "location": "China",
          "description": [],
          "thumbs": [
            {
              "image": "https://filebroker-cdn.lazada.vn/kf/Sa7b9d497728d412f91ca1e28d5a883d5Y.jpg",
              "sku": "3234652279_VNAMZ",
              "skuId": "116871552118",
              "itemUrl": "/products/pdp-i3234652279.html",
              "querystring": ""
            },
            {
              "image": "https://filebroker-cdn.lazada.vn/kf/S392163025c4d40db825cef4353c88ce3L.jpg",
              "sku": "3234652279_VNAMZ",
              "skuId": "116871552119",
              "itemUrl": "/products/pdp-i3234652279.html",
              "querystring": ""
            },
            {
              "image": "https://filebroker-cdn.lazada.vn/kf/S40f54f4c2f294161b208d1dd32fbfc03E.jpg",
              "sku": "3234652279_VNAMZ",
              "skuId": "116871552116",
              "itemUrl": "/products/pdp-i3234652279.html",
              "querystring": ""
            },
            {
              "image": "https://filebroker-cdn.lazada.vn/kf/Sa3c41ec9ef1b4a399257b655e736843at.jpg",
              "sku": "3234652279_VNAMZ",
              "skuId": "116871552117",
              "itemUrl": "/products/pdp-i3234652279.html",
              "querystring": ""
            },
            {
              "image": "https://ae01.alicdn.com/kf/S0a950ab4e7c843678b33453daa6bd5a4j.png",
              "sku": "3234652279_VNAMZ",
              "skuId": "15557050207",
              "itemUrl": "/products/pdp-i3234652279.html",
              "querystring": ""
            },
            {
              "image": "https://ae01.alicdn.com/kf/Sc8af74ce523645f7930c7e7020b9299c5.png",
              "sku": "3234652279_VNAMZ",
              "skuId": "15557050208",
              "itemUrl": "/products/pdp-i3234652279.html",
              "querystring": ""
            },
            {
              "image": "https://ae01.alicdn.com/kf/S6669191d9ffd469787da9f98a3f1f7e2d.png",
              "sku": "3234652279_VNAMZ",
              "skuId": "15557050209",
              "itemUrl": "/products/pdp-i3234652279.html",
              "querystring": ""
            },
            {
              "image": "https://filebroker-cdn.lazada.vn/kf/S7890eeef2f154750946b7bb3016eef43L.png",
              "sku": "3234652279_VNAMZ",
              "skuId": "15557050197",
              "itemUrl": "/products/pdp-i3234652279.html",
              "querystring": ""
            },
            {
              "image": "https://filebroker-cdn.lazada.vn/kf/S650155ba11b24ed49e622de164f474431.jpg",
              "sku": "3234652279_VNAMZ",
              "skuId": "15557050203",
              "itemUrl": "/products/pdp-i3234652279.html",
              "querystring": ""
            },
            {
              "image": "https://filebroker-cdn.lazada.vn/kf/S2dd73f94d4dd4a7e992ae28da5d1161cS.jpg",
              "sku": "3234652279_VNAMZ",
              "skuId": "116871552120",
              "itemUrl": "/products/pdp-i3234652279.html",
              "querystring": ""
            },
            {
              "image": "https://filebroker-cdn.lazada.vn/kf/S62d0c592a865435da2b3c9e71ab7e624m.jpg",
              "sku": "3234652279_VNAMZ",
              "skuId": "15557050198",
              "itemUrl": "/products/pdp-i3234652279.html",
              "querystring": ""
            },
            {
              "image": "https://ae01.alicdn.com/kf/Sb076dfcba21f47928813f4d064d3cd3eF.png",
              "sku": "3234652279_VNAMZ",
              "skuId": "15557050210",
              "itemUrl": "/products/pdp-i3234652279.html",
              "querystring": ""
            },
            {
              "image": "https://filebroker-cdn.lazada.vn/kf/S73d3151ae91a4e058ee616a71f1482e4K.jpg",
              "sku": "3234652279_VNAMZ",
              "skuId": "15557050200",
              "itemUrl": "/products/pdp-i3234652279.html",
              "querystring": ""
            },
            {
              "image": "https://ae01.alicdn.com/kf/S8f1e798ee6104c24b395e285687bd9f6c.png",
              "sku": "3234652279_VNAMZ",
              "skuId": "15557050211",
              "itemUrl": "/products/pdp-i3234652279.html",
              "querystring": ""
            },
            {
              "image": "https://filebroker-cdn.lazada.vn/kf/Sf54f5f7d00ad4776b5b717f1afaef9baX.jpg",
              "sku": "3234652279_VNAMZ",
              "skuId": "15557050201",
              "itemUrl": "/products/pdp-i3234652279.html",
              "querystring": ""
            },
            {
              "image": "https://ae01.alicdn.com/kf/S666a2884d3194d84a1b75247bf843207s.png",
              "sku": "3234652279_VNAMZ",
              "skuId": "15557050212",
              "itemUrl": "/products/pdp-i3234652279.html",
              "querystring": ""
            }
          ],
          "sellerName": "Game Peripheral",
          "sellerId": "201052336013",
          "brandName": "AULA",
          "brandId": "3613",
          "cheapest_sku": "3234652279_VNAMZ-15557050197",
          "skuId": "15557050197",
          "sku": "3234652279_VNAMZ",
          "categories": [
            42062201,
            4455,
            2160,
            2161
          ],
          "price": "993720",
          "restrictedAge": 0,
          "inStock": true,
          "originalPrice": "2896000",
          "clickTrace": "query:B%C3%A0n+ph%C3%ADm+c%C6%A1+aula+75;nid:3234652279;src:LazadaMainSrp;rn:d410eaa2a114d0bae901697abc58c5f0;region:vn;sku:3234652279_VNAMZ;price:993720;client:desktop;supplier_id:201052336013;session_id:;biz_source:h5_internal;slot:0;utlog_bucket_id:470687;asc_category_id:2161;item_id:3234652279;sku_id:15557050197;shop_id:5054421;templateInfo:155386_D_E_G#-1_A3_C#",
          "itemSoldCntShow": "2.3K Đã bán",
          "longImageDisplayable": false,
          "skus": [
            {
              "id": "3234652279_VNAMZ-15557050197"
            }
          ],
          "promotionId": "",
          "isSponsored": false,
          "tItemType": "nt_product",
          "skuType": "2",
          "adFlag": "0",
          "directSimilarUrl": "https://native.m.lazada.com/dynamicxresult?item_img=https%3A%2F%2Ffilebroker-cdn.lazada.vn%2Fkf%2FSfa6ba036486142bdaf186c59ad8741afE.jpg&src=srp_findsimilar&item_id=3234652279&sku_id=15557050197&params=%7B%22sub_src%22%3A%22long_press%22%2C%22src%22%3A%22srp_findsimilar%22%7D&m=tpp_findSimilar&q=B%25C3%25A0n%2Bph%25C3%25ADm%2Bc%25C6%25A1%2Baula%2B75&similarType=findSimilarV1&price=993720.00&spuTriggerItem=0",
          "gridTitleLine": "2",
          "isFission": "0",
          "isBadgeAutoScroll": false,
          "showCart": false,
          "showBackIcon": false,
          "showUnitPrice": false,
          "itemUrl": "//www.lazada.vn/products/pdp-i3234652279.html",
          "querystring": "fs_ab=2&priceCompare=skuId%3A15557050197%3Bsource%3Alazada-search-voucher%3Bsn%3Ad410eaa2a114d0bae901697abc58c5f0%3BoriginPrice%3A993720%3BdisplayPrice%3A993720%3BisGray%3Afalse%3BsinglePromotionId%3A900000877327879%3BsingleToolCode%3AmillionSubsidy%3BvoucherPricePlugin%3A0%3Btimestamp%3A1781074857787&c=&ratingscore=4.946345975948196&freeshipping=1&source=search&channelLpJumpArgs=&fuse_fs=&search=1&sale=2334&price=9.9372E%205&review=1100&location=China&stock=1&lang=vi&request_id=d410eaa2a114d0bae901697abc58c5f0&clickTrackInfo=query%253AB%2525C3%2525A0n%252Bph%2525C3%2525ADm%252Bc%2525C6%2525A1%252Baula%252B75%253Bnid%253A3234652279%253Bsrc%253ALazadaMainSrp%253Brn%253Ad410eaa2a114d0bae901697abc58c5f0%253Bregion%253Avn%253Bsku%253A3234652279_VNAMZ%253Bprice%253A993720%253Bclient%253Adesktop%253Bsupplier_id%253A201052336013%253Bsession_id%253A%253Bbiz_source%253Ah5_internal%253Bslot%253A0%253Butlog_bucket_id%253A470687%253Basc_category_id%253A2161%253Bitem_id%253A3234652279%253Bsku_id%253A15557050197%253Bshop_id%253A5054421%253BtemplateInfo%253A155386_D_E_G%2523-1_A3_C%2523"
        },
        {
          "name": "AULA | Bàn Phím Cơ Không Dây AULA Nova 75 - Hot-swap (Custom), Kết nối 3 chế độ (Bluetooth/2.4G/Wired), Chuyên văn phòng và Gaming",
          "nid": "3298209334",
          "itemId": "3298209334",
          "icons": [
            {
              "domClass": "167087",
              "type": "img",
              "group": "6",
              "showType": "0",
              "bizType": "Freeshipping"
            },
            {
              "domClass": "215496",
              "type": "img",
              "group": "3",
              "showType": "0",
              "bizType": "campaign"
            },
            {
              "domClass": "76432",
              "type": "img",
              "group": "3",
              "showType": "0",
              "bizType": "lazMall"
            }
          ],
          "image": "https://ae01.alicdn.com/kf/Sb6e519e7b1da40deb84c633351461309V.jpg",
          "isSmartImage": false,
          "utLogMap": {
            "srp_name": "LazadaMainSrp",
            "x_object_type": "item",
            "src": "organic",
            "trafficType": "organic",
            "lower_k": "b%C3%A0n+ph%C3%ADm+c%C6%A1+aula+75",
            "x_sku_ids": "16024457394",
            "x_item_ids": "3298209334",
            "iconList": "167087;215496;76432",
            "SN": "d410eaa2a114d0bae901697abc58c5f0",
            "current_price": "1454320",
            "x_object_id": "3298209334",
            "ai_item": "0"
          },
          "originalPriceShow": "",
          "priceShow": "1.454.320 ₫",
          "discount": "57% Off",
          "ratingScore": "4.943181818181818",
          "review": "352",
          "location": "China",
          "description": [],
          "thumbs": [
            {
              "image": "https://filebroker-cdn.lazada.vn/kf/Sce787141e1054398af21a5e74c583c48f.jpg",
              "sku": "3298209334_VNAMZ",
              "skuId": "16024457397",
              "itemUrl": "/products/pdp-i3298209334.html",
              "querystring": ""
            },
            {
              "image": "https://filebroker-cdn.lazada.vn/kf/S209394bca2b2450281c7dfbf07d4b4909.jpg",
              "sku": "3298209334_VNAMZ",
              "skuId": "16024457398",
              "itemUrl": "/products/pdp-i3298209334.html",
              "querystring": ""
            },
            {
              "image": "https://filebroker-cdn.lazada.vn/kf/S7e967983b82f43fbb22048208f9417ccd.jpg",
              "sku": "3298209334_VNAMZ",
              "skuId": "16024457399",
              "itemUrl": "/products/pdp-i3298209334.html",
              "querystring": ""
            },
            {
              "image": "https://filebroker-cdn.lazada.vn/kf/S270561957a5345bb8c7c84f7382b905ez.jpg",
              "sku": "3298209334_VNAMZ",
              "skuId": "16024457400",
              "itemUrl": "/products/pdp-i3298209334.html",
              "querystring": ""
            },
            {
              "image": "https://filebroker-cdn.lazada.vn/kf/S67a48b0bd21b4d3086b8f21b7e156a5ae.jpg",
              "sku": "3298209334_VNAMZ",
              "skuId": "16024457401",
              "itemUrl": "/products/pdp-i3298209334.html",
              "querystring": ""
            },
            {
              "image": "https://filebroker-cdn.lazada.vn/kf/S555b4ba342954e709955634dba349e72w.jpg",
              "sku": "3298209334_VNAMZ",
              "skuId": "16024457393",
              "itemUrl": "/products/pdp-i3298209334.html",
              "querystring": ""
            },
            {
              "image": "https://filebroker-cdn.lazada.vn/kf/S66bfc3e8655c427da9991d87a19fb7f4Y.jpg",
              "sku": "3298209334_VNAMZ",
              "skuId": "16024457394",
              "itemUrl": "/products/pdp-i3298209334.html",
              "querystring": ""
            },
            {
              "image": "https://filebroker-cdn.lazada.vn/kf/Sf2dce85fdfc04d4183c3a00b70cb3c3ef.jpg",
              "sku": "3298209334_VNAMZ",
              "skuId": "16024457395",
              "itemUrl": "/products/pdp-i3298209334.html",
              "querystring": ""
            },
            {
              "image": "https://filebroker-cdn.lazada.vn/kf/S232d75eeda7d438f94babe81600d3c064.jpg",
              "sku": "3298209334_VNAMZ",
              "skuId": "16024457396",
              "itemUrl": "/products/pdp-i3298209334.html",
              "querystring": ""
            }
          ],
          "sellerName": "AULA-DG",
          "sellerId": "201080592391",
          "brandName": "AULA",
          "brandId": "3613",
          "cheapest_sku": "3298209334_VNAMZ-16024457394",
          "skuId": "16024457394",
          "sku": "3298209334_VNAMZ",
          "categories": [
            42062201,
            4455,
            2160,
            4459
          ],
          "price": "1454320",
          "restrictedAge": 0,
          "inStock": true,
          "originalPrice": "3367000",
          "clickTrace": "query:B%C3%A0n+ph%C3%ADm+c%C6%A1+aula+75;nid:3298209334;src:LazadaMainSrp;rn:d410eaa2a114d0bae901697abc58c5f0;region:vn;sku:3298209334_VNAMZ;price:1454320;client:desktop;supplier_id:201080592391;session_id:;biz_source:h5_internal;slot:1;utlog_bucket_id:470687;asc_category_id:4459;item_id:3298209334;sku_id:16024457394;shop_id:5069243;templateInfo:155386_D_E_G#-1_A3_C#",
          "itemSoldCntShow": "1.1K Đã bán",
          "longImageDisplayable": false,
          "skus": [
            {
              "id": "3298209334_VNAMZ-16024457394"
            }
          ],
          "promotionId": "",
          "isSponsored": false,
          "tItemType": "nt_product",
          "skuType": "2",
          "adFlag": "0",
          "directSimilarUrl": "https://native.m.lazada.com/dynamicxresult?item_img=https%3A%2F%2Fae01.alicdn.com%2Fkf%2FSb6e519e7b1da40deb84c633351461309V.jpg&src=srp_findsimilar&item_id=3298209334&sku_id=16024457394&params=%7B%22sub_src%22%3A%22long_press%22%2C%22src%22%3A%22srp_findsimilar%22%7D&m=tpp_findSimilar&q=B%25C3%25A0n%2Bph%25C3%25ADm%2Bc%25C6%25A1%2Baula%2B75&similarType=findSimilarV1&price=1454320.00&spuTriggerItem=0",
          "gridTitleLine": "2",
          "isFission": "0",
          "isBadgeAutoScroll": false,
          "showCart": false,
          "showBackIcon": false,
          "showUnitPrice": false,
          "itemUrl": "//www.lazada.vn/products/pdp-i3298209334.html",
          "querystring": "fs_ab=2&priceCompare=skuId%3A16024457394%3Bsource%3Alazada-search-voucher%3Bsn%3Ad410eaa2a114d0bae901697abc58c5f0%3BoriginPrice%3A1454320%3BdisplayPrice%3A1454320%3BisGray%3Afalse%3BsinglePromotionId%3A900000877327879%3BsingleToolCode%3AmillionSubsidy%3BvoucherPricePlugin%3A0%3Btimestamp%3A1781074857787&c=&ratingscore=4.943181818181818&freeshipping=1&source=search&channelLpJumpArgs=&fuse_fs=&search=1&sale=1102&price=1.45432E%206&review=352&location=China&stock=1&lang=vi&request_id=d410eaa2a114d0bae901697abc58c5f0&clickTrackInfo=query%253AB%2525C3%2525A0n%252Bph%2525C3%2525ADm%252Bc%2525C6%2525A1%252Baula%252B75%253Bnid%253A3298209334%253Bsrc%253ALazadaMainSrp%253Brn%253Ad410eaa2a114d0bae901697abc58c5f0%253Bregion%253Avn%253Bsku%253A3298209334_VNAMZ%253Bprice%253A1454320%253Bclient%253Adesktop%253Bsupplier_id%253A201080592391%253Bsession_id%253A%253Bbiz_source%253Ah5_internal%253Bslot%253A1%253Butlog_bucket_id%253A470687%253Basc_category_id%253A4459%253Bitem_id%253A3298209334%253Bsku_id%253A16024457394%253Bshop_id%253A5069243%253BtemplateInfo%253A155386_D_E_G%2523-1_A3_C%2523"
        },
        {
          "name": "AULA | Bàn Phím Cơ Không Dây Bluetooth RGB 75 Phím",
          "nid": "13394934676",
          "itemId": "13394934676",
          "icons": [
            {
              "domClass": "167087",
              "type": "img",
              "group": "6",
              "showType": "0",
              "bizType": "Freeshipping"
            },
            {
              "domClass": "120018",
              "text": "Voucher giảm  66%",
              "type": "text",
              "group": "2",
              "showType": "0",
              "bizType": "voucherApplied"
            },
            {
              "domClass": "225748",
              "type": "img",
              "group": "3",
              "showType": "0",
              "bizType": "campaign"
            },
            {
              "domClass": "76432",
              "type": "img",
              "group": "3",
              "showType": "0",
              "bizType": "lazMall"
            }
          ],
          "image": "https://filebroker-cdn.lazada.vn/kf/S7da44480cd77486f950718f0f2be09a3T.jpg",
          "isSmartImage": false,
          "utLogMap": {
            "srp_name": "LazadaMainSrp",
            "x_object_type": "item",
            "src": "organic",
            "trafficType": "organic",
            "lower_k": "b%C3%A0n+ph%C3%ADm+c%C6%A1+aula+75",
            "x_sku_ids": "117016493968",
            "x_item_ids": "13394934676",
            "iconList": "167087;120018;225748;76432",
            "SN": "d410eaa2a114d0bae901697abc58c5f0",
            "current_price": "1036000",
            "x_object_id": "13394934676",
            "ai_item": "0"
          },
          "originalPriceShow": "",
          "priceShow": "1.036.000 ₫",
          "discount": "66% Off",
          "ratingScore": "",
          "review": "",
          "location": "Hong Kong",
          "description": [],
          "thumbs": [
            {
              "image": "https://filebroker-cdn.lazada.vn/kf/Sdc455e472fe740d8975b165fbc20073fW.jpg",
              "sku": "13394934676_VNAMZ",
              "skuId": "117016493972",
              "itemUrl": "/products/pdp-i13394934676.html",
              "querystring": ""
            },
            {
              "image": "https://filebroker-cdn.lazada.vn/kf/S58fdd5f5050f430ea9e080863a505669g.jpg",
              "sku": "13394934676_VNAMZ",
              "skuId": "117016493973",
              "itemUrl": "/products/pdp-i13394934676.html",
              "querystring": ""
            },
            {
              "image": "https://filebroker-cdn.lazada.vn/kf/S9169e01d5a744e9ea2f56c29fd019e34M.jpg",
              "sku": "13394934676_VNAMZ",
              "skuId": "117016493974",
              "itemUrl": "/products/pdp-i13394934676.html",
              "querystring": ""
            },
            {
              "image": "https://filebroker-cdn.lazada.vn/kf/S5bee1231da884280b4ee5c35a7b749feg.jpg",
              "sku": "13394934676_VNAMZ",
              "skuId": "117016493975",
              "itemUrl": "/products/pdp-i13394934676.html",
              "querystring": ""
            },
            {
              "image": "https://filebroker-cdn.lazada.vn/kf/S8b2e9d5d204c4ec19adf5b1f3ef59b33W.jpg",
              "sku": "13394934676_VNAMZ",
              "skuId": "117016493970",
              "itemUrl": "/products/pdp-i13394934676.html",
              "querystring": ""
            },
            {
              "image": "https://filebroker-cdn.lazada.vn/kf/S905822be784d46808166aee5dd5859d9A.jpg",
              "sku": "13394934676_VNAMZ",
              "skuId": "117016493971",
              "itemUrl": "/products/pdp-i13394934676.html",
              "querystring": ""
            },
            {
              "image": "https://filebroker-cdn.lazada.vn/kf/S7c9ee047fe2d4272a190dccc86c7f0e5U.jpg",
              "sku": "13394934676_VNAMZ",
              "skuId": "117016493969",
              "itemUrl": "/products/pdp-i13394934676.html",
              "querystring": ""
            },
            {
              "image": "https://filebroker-cdn.lazada.vn/kf/S3bf11ed3011c4a2b9863240694b677123.png",
              "sku": "13394934676_VNAMZ",
              "skuId": "117016493968",
              "itemUrl": "/products/pdp-i13394934676.html",
              "querystring": ""
            }
          ],
          "sellerName": "Brand Super Deal",
          "sellerId": "200194944463",
          "brandName": "AULA",
          "brandId": "3613",
          "cheapest_sku": "13394934676_VNAMZ-117016493968",
          "skuId": "117016493968",
          "sku": "13394934676_VNAMZ",
          "categories": [
            42062201,
            4455,
            2160,
            2161
          ],
          "price": "1036000",
          "restrictedAge": 0,
          "inStock": true,
          "originalPrice": "3049000",
          "clickTrace": "query:B%C3%A0n+ph%C3%ADm+c%C6%A1+aula+75;nid:13394934676;src:LazadaMainSrp;rn:d410eaa2a114d0bae901697abc58c5f0;region:vn;sku:13394934676_VNAMZ;price:1036000;client:desktop;supplier_id:200194944463;session_id:;biz_source:h5_internal;slot:2;utlog_bucket_id:470687;asc_category_id:2161;item_id:13394934676;sku_id:117016493968;shop_id:2874615;templateInfo:107883_E#-1_A3_C#",
          "itemSoldCntShow": "604 Đã bán",
          "longImageDisplayable": false,
          "skus": [
            {
              "id": "13394934676_VNAMZ-117016493968"
            }
          ],
          "promotionId": "",
          "isSponsored": false,
          "tItemType": "nt_product",
          "skuType": "2",
          "adFlag": "0",
          "directSimilarUrl": "https://native.m.lazada.com/dynamicxresult?item_img=https%3A%2F%2Ffilebroker-cdn.lazada.vn%2Fkf%2FS7da44480cd77486f950718f0f2be09a3T.jpg&src=srp_findsimilar&item_id=13394934676&sku_id=117016493968&params=%7B%22sub_src%22%3A%22long_press%22%2C%22src%22%3A%22srp_findsimilar%22%7D&m=tpp_findSimilar&q=B%25C3%25A0n%2Bph%25C3%25ADm%2Bc%25C6%25A1%2Baula%2B75&similarType=findSimilarV1&price=1036000.00&spuTriggerItem=0",
          "gridTitleLine": "2",
          "isFission": "0",
          "isBadgeAutoScroll": false,
          "showCart": false,
          "showBackIcon": false,
          "showUnitPrice": false,
          "itemUrl": "//www.lazada.vn/products/pdp-i13394934676.html",
          "querystring": "fs_ab=2&priceCompare=skuId%3A117016493968%3Bsource%3Alazada-search-voucher%3Bsn%3Ad410eaa2a114d0bae901697abc58c5f0%3BoriginPrice%3A1036000%3BdisplayPrice%3A1036000%3BisGray%3Afalse%3BsinglePromotionId%3A300000000000000%3BsingleToolCode%3ApromPrice%3BvoucherPricePlugin%3A0%3Btimestamp%3A1781074857787&c=&ratingscore=&freeshipping=1&source=search&channelLpJumpArgs=&fuse_fs=&search=1&sale=604&price=1.036E%206&review=&location=Hong%20Kong&stock=1&lang=vi&request_id=d410eaa2a114d0bae901697abc58c5f0&clickTrackInfo=query%253AB%2525C3%2525A0n%252Bph%2525C3%2525ADm%252Bc%2525C6%2525A1%252Baula%252B75%253Bnid%253A13394934676%253Bsrc%253ALazadaMainSrp%253Brn%253Ad410eaa2a114d0bae901697abc58c5f0%253Bregion%253Avn%253Bsku%253A13394934676_VNAMZ%253Bprice%253A1036000%253Bclient%253Adesktop%253Bsupplier_id%253A200194944463%253Bsession_id%253A%253Bbiz_source%253Ah5_internal%253Bslot%253A2%253Butlog_bucket_id%253A470687%253Basc_category_id%253A2161%253Bitem_id%253A13394934676%253Bsku_id%253A117016493968%253Bshop_id%253A2874615%253BtemplateInfo%253A107883_E%2523-1_A3_C%2523"
        },
        {
          "name": "AULA | Bàn Phím Cơ Không Dây 75 Phím Có Thể Tùy Chỉnh 3 Chế Độ",
          "nid": "13378587630",
          "itemId": "13378587630",
          "icons": [
            {
              "domClass": "167087",
              "type": "img",
              "group": "6",
              "showType": "0",
              "bizType": "Freeshipping"
            },
            {
              "domClass": "120018",
              "text": "Voucher giảm  57%",
              "type": "text",
              "group": "2",
              "showType": "0",
              "bizType": "voucherApplied"
            },
            {
              "domClass": "225748",
              "type": "img",
              "group": "3",
              "showType": "0",
              "bizType": "campaign"
            },
            {
              "domClass": "76432",
              "type": "img",
              "group": "3",
              "showType": "0",
              "bizType": "lazMall"
            }
          ],
          "image": "https://filebroker-cdn.lazada.vn/kf/S99a2ab02d93c4d89afdf2392aa603efbs.jpg",
          "isSmartImage": false,
          "utLogMap": {
            "srp_name": "LazadaMainSrp",
            "x_object_type": "item",
            "src": "organic",
            "trafficType": "organic",
            "lower_k": "b%C3%A0n+ph%C3%ADm+c%C6%A1+aula+75",
            "x_sku_ids": "116964234318",
            "x_item_ids": "13378587630",
            "iconList": "167087;120018;225748;76432",
            "SN": "d410eaa2a114d0bae901697abc58c5f0",
            "current_price": "1539000",
            "x_object_id": "13378587630",
            "ai_item": "0"
          },
          "originalPriceShow": "",
          "priceShow": "1.539.000 ₫",
          "discount": "57% Off",
          "ratingScore": "",
          "review": "",
          "location": "Hong Kong",
          "description": [],
          "thumbs": [
            {
              "image": "https://filebroker-cdn.lazada.vn/kf/Sb75db2fdf71946d59b0f3ec6351ba238h.jpg",
              "sku": "13378587630_VNAMZ",
              "skuId": "116964234320",
              "itemUrl": "/products/pdp-i13378587630.html",
              "querystring": ""
            },
            {
              "image": "https://filebroker-cdn.lazada.vn/kf/S90d9daefb1604162bb9ca5f6cb4d3165N.jpg",
              "sku": "13378587630_VNAMZ",
              "skuId": "116964234318",
              "itemUrl": "/products/pdp-i13378587630.html",
              "querystring": ""
            },
            {
              "image": "https://filebroker-cdn.lazada.vn/kf/S21926693b7284371a5ba61d17e52b4c3g.jpg",
              "sku": "13378587630_VNAMZ",
              "skuId": "116964234319",
              "itemUrl": "/products/pdp-i13378587630.html",
              "querystring": ""
            },
            {
              "image": "https://filebroker-cdn.lazada.vn/kf/Sd761fb63d58447d18ad3ba139fb09a82a.jpg",
              "sku": "13378587630_VNAMZ",
              "skuId": "116964234317",
              "itemUrl": "/products/pdp-i13378587630.html",
              "querystring": ""
            },
            {
              "image": "https://filebroker-cdn.lazada.vn/kf/Sfc0bc55eae624a98ab5e59bac4a88e8dd.jpg",
              "sku": "13378587630_VNAMZ",
              "skuId": "116964234325",
              "itemUrl": "/products/pdp-i13378587630.html",
              "querystring": ""
            },
            {
              "image": "https://filebroker-cdn.lazada.vn/kf/S3f80ae9161d3439ebffb6211775c98dfo.jpg",
              "sku": "13378587630_VNAMZ",
              "skuId": "116964234323",
              "itemUrl": "/products/pdp-i13378587630.html",
              "querystring": ""
            },
            {
              "image": "https://filebroker-cdn.lazada.vn/kf/S0b78e7f6756c416cb7116c8add0248fez.jpg",
              "sku": "13378587630_VNAMZ",
              "skuId": "116964234324",
              "itemUrl": "/products/pdp-i13378587630.html",
              "querystring": ""
            },
            {
              "image": "https://filebroker-cdn.lazada.vn/kf/S403cf4997fb047e68b3246127d720635q.jpg",
              "sku": "13378587630_VNAMZ",
              "skuId": "116964234321",
              "itemUrl": "/products/pdp-i13378587630.html",
              "querystring": ""
            },
            {
              "image": "https://filebroker-cdn.lazada.vn/kf/S1c500d70a24a4fd19ff5e4ab2976ae05O.jpg",
              "sku": "13378587630_VNAMZ",
              "skuId": "116964234322",
              "itemUrl": "/products/pdp-i13378587630.html",
              "querystring": ""
            }
          ],
          "sellerName": "Brand Super Deal",
          "sellerId": "200194944463",
          "brandName": "AULA",
          "brandId": "3613",
          "cheapest_sku": "13378587630_VNAMZ-116964234318",
          "skuId": "116964234318",
          "sku": "13378587630_VNAMZ",
          "categories": [
            42062201,
            4455,
            2160,
            2161
          ],
          "price": "1539000",
          "restrictedAge": 0,
          "inStock": true,
          "originalPrice": "3552000",
          "clickTrace": "query:B%C3%A0n+ph%C3%ADm+c%C6%A1+aula+75;nid:13378587630;src:LazadaMainSrp;rn:d410eaa2a114d0bae901697abc58c5f0;region:vn;sku:13378587630_VNAMZ;price:1539000;client:desktop;supplier_id:200194944463;session_id:;biz_source:h5_internal;slot:3;utlog_bucket_id:470687;asc_category_id:2161;item_id:13378587630;sku_id:116964234318;shop_id:2874615;templateInfo:107883_E#-1_A3_C#",
          "itemSoldCntShow": "609 Đã bán",
          "longImageDisplayable": false,
          "skus": [
            {
              "id": "13378587630_VNAMZ-116964234318"
            }
          ],
          "promotionId": "",
          "isSponsored": false,
          "tItemType": "nt_product",
          "skuType": "2",
          "adFlag": "0",
          "directSimilarUrl": "https://native.m.lazada.com/dynamicxresult?item_img=https%3A%2F%2Ffilebroker-cdn.lazada.vn%2Fkf%2FS99a2ab02d93c4d89afdf2392aa603efbs.jpg&src=srp_findsimilar&item_id=13378587630&sku_id=116964234318&params=%7B%22sub_src%22%3A%22long_press%22%2C%22src%22%3A%22srp_findsimilar%22%7D&m=tpp_findSimilar&q=B%25C3%25A0n%2Bph%25C3%25ADm%2Bc%25C6%25A1%2Baula%2B75&similarType=findSimilarV1&price=1539000.00&spuTriggerItem=0",
          "gridTitleLine": "2",
          "isFission": "0",
          "isBadgeAutoScroll": false,
          "showCart": false,
          "showBackIcon": false,
          "showUnitPrice": false,
          "itemUrl": "//www.lazada.vn/products/pdp-i13378587630.html",
          "querystring": "fs_ab=2&priceCompare=skuId%3A116964234318%3Bsource%3Alazada-search-voucher%3Bsn%3Ad410eaa2a114d0bae901697abc58c5f0%3BoriginPrice%3A1539000%3BdisplayPrice%3A1539000%3BisGray%3Afalse%3BsinglePromotionId%3A300000000000000%3BsingleToolCode%3ApromPrice%3BvoucherPricePlugin%3A0%3Btimestamp%3A1781074857787&c=&ratingscore=&freeshipping=1&source=search&channelLpJumpArgs=&fuse_fs=&search=1&sale=609&price=1.539E%206&review=&location=Hong%20Kong&stock=1&lang=vi&request_id=d410eaa2a114d0bae901697abc58c5f0&clickTrackInfo=query%253AB%2525C3%2525A0n%252Bph%2525C3%2525ADm%252Bc%2525C6%2525A1%252Baula%252B75%253Bnid%253A13378587630%253Bsrc%253ALazadaMainSrp%253Brn%253Ad410eaa2a114d0bae901697abc58c5f0%253Bregion%253Avn%253Bsku%253A13378587630_VNAMZ%253Bprice%253A1539000%253Bclient%253Adesktop%253Bsupplier_id%253A200194944463%253Bsession_id%253A%253Bbiz_source%253Ah5_internal%253Bslot%253A3%253Butlog_bucket_id%253A470687%253Basc_category_id%253A2161%253Bitem_id%253A13378587630%253Bsku_id%253A116964234318%253Bshop_id%253A2874615%253BtemplateInfo%253A107883_E%2523-1_A3_C%2523"
        },
        {
          "name": "AULA | Bàn Phím Cơ Bluetooth F75 Không Dây Ba Chế Độ",
          "nid": "13395072524",
          "itemId": "13395072524",
          "icons": [
            {
              "domClass": "167087",
              "type": "img",
              "group": "6",
              "showType": "0",
              "bizType": "Freeshipping"
            },
            {
              "domClass": "120018",
              "text": "Voucher giảm  33%",
              "type": "text",
              "group": "2",
              "showType": "0",
              "bizType": "voucherApplied"
            },
            {
              "domClass": "225748",
              "type": "img",
              "group": "3",
              "showType": "0",
              "bizType": "campaign"
            },
            {
              "domClass": "76432",
              "type": "img",
              "group": "3",
              "showType": "0",
              "bizType": "lazMall"
            }
          ],
          "image": "https://ae-pic-a1.aliexpress-media.com/kf/See851b8439674e549fdb519e5bbe14d7t.png",
          "isSmartImage": false,
          "utLogMap": {
            "srp_name": "LazadaMainSrp",
            "x_object_type": "item",
            "src": "organic",
            "trafficType": "organic",
            "lower_k": "b%C3%A0n+ph%C3%ADm+c%C6%A1+aula+75",
            "x_sku_ids": "117016677682",
            "x_item_ids": "13395072524",
            "iconList": "167087;120018;225748;76432",
            "SN": "d410eaa2a114d0bae901697abc58c5f0",
            "current_price": "1036000",
            "x_object_id": "13395072524",
            "ai_item": "0"
          },
          "originalPriceShow": "",
          "priceShow": "1.036.000 ₫",
          "discount": "33% Off",
          "ratingScore": "5.0",
          "review": "0",
          "location": "Hong Kong",
          "description": [],
          "thumbs": [
            {
              "image": "https://ae-pic-a1.aliexpress-media.com/kf/S8b5e9bec31e84bef984b6764a30a3c2dU.png",
              "sku": "13395072524_VNAMZ",
              "skuId": "117016677692",
              "itemUrl": "/products/pdp-i13395072524.html",
              "querystring": ""
            },
            {
              "image": "https://ae-pic-a1.aliexpress-media.com/kf/S874238404de5421ab3b01d86caaa89c7w.png",
              "sku": "13395072524_VNAMZ",
              "skuId": "117016677691",
              "itemUrl": "/products/pdp-i13395072524.html",
              "querystring": ""
            },
            {
              "image": "https://filebroker-cdn.lazada.vn/kf/Sdbf81c6a104542f99006c5226ff499cft.png",
              "sku": "13395072524_VNAMZ",
              "skuId": "117016677690",
              "itemUrl": "/products/pdp-i13395072524.html",
              "querystring": ""
            },
            {
              "image": "https://filebroker-cdn.lazada.vn/kf/S5c4724b4852649329ecf7b1500cd3644b.jpg",
              "sku": "13395072524_VNAMZ",
              "skuId": "117016677685",
              "itemUrl": "/products/pdp-i13395072524.html",
              "querystring": ""
            },
            {
              "image": "https://filebroker-cdn.lazada.vn/kf/S0e4f1b02b754497fbfaa96415ab08182w.jpg",
              "sku": "13395072524_VNAMZ",
              "skuId": "117016677684",
              "itemUrl": "/products/pdp-i13395072524.html",
              "querystring": ""
            },
            {
              "image": "https://filebroker-cdn.lazada.vn/kf/S1bca5ec4a34643a5ba1fa307d4139534R.jpg",
              "sku": "13395072524_VNAMZ",
              "skuId": "117016677683",
              "itemUrl": "/products/pdp-i13395072524.html",
              "querystring": ""
            },
            {
              "image": "https://filebroker-cdn.lazada.vn/kf/Sa4286431d2ba423794faa1c244c34329M.jpg",
              "sku": "13395072524_VNAMZ",
              "skuId": "117016677682",
              "itemUrl": "/products/pdp-i13395072524.html",
              "querystring": ""
            },
            {
              "image": "https://ae-pic-a1.aliexpress-media.com/kf/S909fe7cbd560404b8fc1c912fd55f4e2k.jpg",
              "sku": "13395072524_VNAMZ",
              "skuId": "117016677693",
              "itemUrl": "/products/pdp-i13395072524.html",
              "querystring": ""
            },
            {
              "image": "https://ae-pic-a1.aliexpress-media.com/kf/S327861683ade4491908853938bf3fa370.png",
              "sku": "13395072524_VNAMZ",
              "skuId": "117016677689",
              "itemUrl": "/products/pdp-i13395072524.html",
              "querystring": ""
            },
            {
              "image": "https://ae-pic-a1.aliexpress-media.com/kf/S031f8ed4050b43ba85d1d41992df0e4cf.png",
              "sku": "13395072524_VNAMZ",
              "skuId": "117016677688",
              "itemUrl": "/products/pdp-i13395072524.html",
              "querystring": ""
            },
            {
              "image": "https://ae-pic-a1.aliexpress-media.com/kf/S5edf89f946e64cc49eb0ae7d46b858f7z.png",
              "sku": "13395072524_VNAMZ",
              "skuId": "117016677687",
              "itemUrl": "/products/pdp-i13395072524.html",
              "querystring": ""
            },
            {
              "image": "https://filebroker-cdn.lazada.vn/kf/Sed217a5135b0487bbc8ca3c7249f60d9c.jpg",
              "sku": "13395072524_VNAMZ",
              "skuId": "117016677686",
              "itemUrl": "/products/pdp-i13395072524.html",
              "querystring": ""
            }
          ],
          "sellerName": "Brand Super Deal",
          "sellerId": "200194944463",
          "brandName": "AULA",
          "brandId": "3613",
          "cheapest_sku": "13395072524_VNAMZ-117016677682",
          "skuId": "117016677682",
          "sku": "13395072524_VNAMZ",
          "categories": [
            42062201,
            4455,
            2160,
            2161
          ],
          "price": "1036000",
          "restrictedAge": 0,
          "inStock": true,
          "originalPrice": "1539000",
          "clickTrace": "query:B%C3%A0n+ph%C3%ADm+c%C6%A1+aula+75;nid:13395072524;src:LazadaMainSrp;rn:d410eaa2a114d0bae901697abc58c5f0;region:vn;sku:13395072524_VNAMZ;price:1036000;client:desktop;supplier_id:200194944463;session_id:;biz_source:h5_internal;slot:4;utlog_bucket_id:470687;asc_category_id:2161;item_id:13395072524;sku_id:117016677682;shop_id:2874615;templateInfo:107883_A3_C_E#",
          "itemSoldCntShow": "3.6K Đã bán",
          "longImageDisplayable": false,
          "skus": [
            {
              "id": "13395072524_VNAMZ-117016677682"
            }
          ],
          "promotionId": "",
          "isSponsored": false,
          "tItemType": "nt_product",
          "skuType": "2",
          "adFlag": "0",
          "directSimilarUrl": "https://native.m.lazada.com/dynamicxresult?item_img=https%3A%2F%2Fae-pic-a1.aliexpress-media.com%2Fkf%2FSee851b8439674e549fdb519e5bbe14d7t.png&src=srp_findsimilar&item_id=13395072524&sku_id=117016677682&params=%7B%22sub_src%22%3A%22long_press%22%2C%22src%22%3A%22srp_findsimilar%22%7D&m=tpp_findSimilar&q=B%25C3%25A0n%2Bph%25C3%25ADm%2Bc%25C6%25A1%2Baula%2B75&similarType=findSimilarV1&price=1036000.00&spuTriggerItem=0",
          "gridTitleLine": "2",
          "isFission": "0",
          "isBadgeAutoScroll": false,
          "showCart": false,
          "showBackIcon": false,
          "showUnitPrice": false,
          "itemUrl": "//www.lazada.vn/products/pdp-i13395072524.html",
          "querystring": "fs_ab=2&priceCompare=skuId%3A117016677682%3Bsource%3Alazada-search-voucher%3Bsn%3Ad410eaa2a114d0bae901697abc58c5f0%3BoriginPrice%3A1036000%3BdisplayPrice%3A1036000%3BisGray%3Afalse%3BsinglePromotionId%3A300000000000000%3BsingleToolCode%3ApromPrice%3BvoucherPricePlugin%3A0%3Btimestamp%3A1781074857787&c=&ratingscore=5.0&freeshipping=1&source=search&channelLpJumpArgs=&fuse_fs=&search=1&sale=3615&price=1.036E%206&review=0&location=Hong%20Kong&stock=1&lang=vi&request_id=d410eaa2a114d0bae901697abc58c5f0&clickTrackInfo=query%253AB%2525C3%2525A0n%252Bph%2525C3%2525ADm%252Bc%2525C6%2525A1%252Baula%252B75%253Bnid%253A13395072524%253Bsrc%253ALazadaMainSrp%253Brn%253Ad410eaa2a114d0bae901697abc58c5f0%253Bregion%253Avn%253Bsku%253A13395072524_VNAMZ%253Bprice%253A1036000%253Bclient%253Adesktop%253Bsupplier_id%253A200194944463%253Bsession_id%253A%253Bbiz_source%253Ah5_internal%253Bslot%253A4%253Butlog_bucket_id%253A470687%253Basc_category_id%253A2161%253Bitem_id%253A13395072524%253Bsku_id%253A117016677682%253Bshop_id%253A2874615%253BtemplateInfo%253A107883_A3_C_E%2523"
        },
        {
          "name": "AULA | Bàn Phím Cơ Đa Chế Độ F75 Đặt Hàng Theo Yêu Cầu",
          "nid": "13395002268",
          "itemId": "13395002268",
          "icons": [
            {
              "domClass": "167087",
              "type": "img",
              "group": "6",
              "showType": "0",
              "bizType": "Freeshipping"
            },
            {
              "domClass": "120018",
              "text": "Voucher giảm  66%",
              "type": "text",
              "group": "2",
              "showType": "0",
              "bizType": "voucherApplied"
            },
            {
              "domClass": "225748",
              "type": "img",
              "group": "3",
              "showType": "0",
              "bizType": "campaign"
            },
            {
              "domClass": "76432",
              "type": "img",
              "group": "3",
              "showType": "0",
              "bizType": "lazMall"
            }
          ],
          "image": "https://filebroker-cdn.lazada.vn/kf/S7561faa8d19a4497bf7009ba7f733ae7X.png",
          "isSmartImage": false,
          "utLogMap": {
            "srp_name": "LazadaMainSrp",
            "x_object_type": "item",
            "src": "organic",
            "trafficType": "organic",
            "lower_k": "b%C3%A0n+ph%C3%ADm+c%C6%A1+aula+75",
            "x_sku_ids": "117027208755",
            "x_item_ids": "13395002268",
            "iconList": "167087;120018;225748;76432",
            "SN": "d410eaa2a114d0bae901697abc58c5f0",
            "current_price": "1018000",
            "x_object_id": "13395002268",
            "ai_item": "0"
          },
          "originalPriceShow": "",
          "priceShow": "1.018.000 ₫",
          "discount": "66% Off",
          "ratingScore": "5.0",
          "review": "8",
          "location": "Hong Kong",
          "description": [],
          "thumbs": [
            {
              "image": "https://filebroker-cdn.lazada.vn/kf/Sb7a0247a393d4ecb8c0af92e1ecb59ed9.jpg",
              "sku": "13395002268_VNAMZ",
              "skuId": "117027208751",
              "itemUrl": "/products/pdp-i13395002268.html",
              "querystring": ""
            },
            {
              "image": "https://filebroker-cdn.lazada.vn/kf/Sf7fa9f21ea634b76b24871b2b61f6344r.jpg",
              "sku": "13395002268_VNAMZ",
              "skuId": "117027208750",
              "itemUrl": "/products/pdp-i13395002268.html",
              "querystring": ""
            },
            {
              "image": "https://filebroker-cdn.lazada.vn/kf/Sc9798436fadb4e00a2d88e0ac28d15f5i.jpg",
              "sku": "13395002268_VNAMZ",
              "skuId": "117027208757",
              "itemUrl": "/products/pdp-i13395002268.html",
              "querystring": ""
            },
            {
              "image": "https://filebroker-cdn.lazada.vn/kf/Sd82e6c7cd5ab43c79cb60adaf4c98fa1H.jpg",
              "sku": "13395002268_VNAMZ",
              "skuId": "117027208756",
              "itemUrl": "/products/pdp-i13395002268.html",
              "querystring": ""
            },
            {
              "image": "https://filebroker-cdn.lazada.vn/kf/S18966729bd18417f8a1da4744344235eC.jpg",
              "sku": "13395002268_VNAMZ",
              "skuId": "117027208759",
              "itemUrl": "/products/pdp-i13395002268.html",
              "querystring": ""
            },
            {
              "image": "https://filebroker-cdn.lazada.vn/kf/Sfabd1b77584f496082315a01eb00ae44d.jpg",
              "sku": "13395002268_VNAMZ",
              "skuId": "117027208758",
              "itemUrl": "/products/pdp-i13395002268.html",
              "querystring": ""
            },
            {
              "image": "https://filebroker-cdn.lazada.vn/kf/S6ff426212b4e443b885a23c3907128f9d.jpg",
              "sku": "13395002268_VNAMZ",
              "skuId": "117027208753",
              "itemUrl": "/products/pdp-i13395002268.html",
              "querystring": ""
            },
            {
              "image": "https://filebroker-cdn.lazada.vn/kf/S142f50ea54a4420b8f74805d7a9be4fcJ.jpg",
              "sku": "13395002268_VNAMZ",
              "skuId": "117027208752",
              "itemUrl": "/products/pdp-i13395002268.html",
              "querystring": ""
            },
            {
              "image": "https://filebroker-cdn.lazada.vn/kf/S27639dec625844419e431e953b9c6b14z.jpg",
              "sku": "13395002268_VNAMZ",
              "skuId": "117027208755",
              "itemUrl": "/products/pdp-i13395002268.html",
              "querystring": ""
            },
            {
              "image": "https://filebroker-cdn.lazada.vn/kf/S8b03d2017517467d9f8602efd7d39271v.jpg",
              "sku": "13395002268_VNAMZ",
              "skuId": "117027208754",
              "itemUrl": "/products/pdp-i13395002268.html",
              "querystring": ""
            }
          ],
          "sellerName": "Brand Super Deal",
          "sellerId": "200194944463",
          "brandName": "AULA",
          "brandId": "3613",
          "cheapest_sku": "13395002268_VNAMZ-117027208755",
          "skuId": "117027208755",
          "sku": "13395002268_VNAMZ",
          "categories": [
            42062201,
            4455,
            2160,
            2161
          ],
          "price": "1018000",
          "restrictedAge": 0,
          "inStock": true,
          "originalPrice": "3031000",
          "clickTrace": "query:B%C3%A0n+ph%C3%ADm+c%C6%A1+aula+75;nid:13395002268;src:LazadaMainSrp;rn:d410eaa2a114d0bae901697abc58c5f0;region:vn;sku:13395002268_VNAMZ;price:1018000;client:desktop;supplier_id:200194944463;session_id:;biz_source:h5_internal;slot:5;utlog_bucket_id:470687;asc_category_id:2161;item_id:13395002268;sku_id:117027208755;shop_id:2874615;templateInfo:107883_E#-1_A3_C#",
          "itemSoldCntShow": "541 Đã bán",
          "longImageDisplayable": false,
          "skus": [
            {
              "id": "13395002268_VNAMZ-117027208755"
            }
          ],
          "promotionId": "",
          "isSponsored": false,
          "tItemType": "nt_product",
          "skuType": "2",
          "adFlag": "0",
          "directSimilarUrl": "https://native.m.lazada.com/dynamicxresult?item_img=https%3A%2F%2Ffilebroker-cdn.lazada.vn%2Fkf%2FS7561faa8d19a4497bf7009ba7f733ae7X.png&src=srp_findsimilar&item_id=13395002268&sku_id=117027208755&params=%7B%22sub_src%22%3A%22long_press%22%2C%22src%22%3A%22srp_findsimilar%22%7D&m=tpp_findSimilar&q=B%25C3%25A0n%2Bph%25C3%25ADm%2Bc%25C6%25A1%2Baula%2B75&similarType=findSimilarV1&price=1018000.00&spuTriggerItem=0",
          "gridTitleLine": "2",
          "isFission": "0",
          "isBadgeAutoScroll": false,
          "showCart": false,
          "showBackIcon": false,
          "showUnitPrice": false,
          "itemUrl": "//www.lazada.vn/products/pdp-i13395002268.html",
          "querystring": "fs_ab=2&priceCompare=skuId%3A117027208755%3Bsource%3Alazada-search-voucher%3Bsn%3Ad410eaa2a114d0bae901697abc58c5f0%3BoriginPrice%3A1018000%3BdisplayPrice%3A1018000%3BisGray%3Afalse%3BsinglePromotionId%3A300000000000000%3BsingleToolCode%3ApromPrice%3BvoucherPricePlugin%3A0%3Btimestamp%3A1781074857787&c=&ratingscore=5.0&freeshipping=1&source=search&channelLpJumpArgs=&fuse_fs=&search=1&sale=541&price=1.018E%206&review=8&location=Hong%20Kong&stock=1&lang=vi&request_id=d410eaa2a114d0bae901697abc58c5f0&clickTrackInfo=query%253AB%2525C3%2525A0n%252Bph%2525C3%2525ADm%252Bc%2525C6%2525A1%252Baula%252B75%253Bnid%253A13395002268%253Bsrc%253ALazadaMainSrp%253Brn%253Ad410eaa2a114d0bae901697abc58c5f0%253Bregion%253Avn%253Bsku%253A13395002268_VNAMZ%253Bprice%253A1018000%253Bclient%253Adesktop%253Bsupplier_id%253A200194944463%253Bsession_id%253A%253Bbiz_source%253Ah5_internal%253Bslot%253A5%253Butlog_bucket_id%253A470687%253Basc_category_id%253A2161%253Bitem_id%253A13395002268%253Bsku_id%253A117027208755%253Bshop_id%253A2874615%253BtemplateInfo%253A107883_E%2523-1_A3_C%2523"
        },
        {
          "name": "AULA | Bàn Phím Cơ AULA S75PRO - Tri-mode (Wireless 2.4G/Bluetooth/USB-C), Layout 75%, LED RGB, Chuyên Gaming",
          "nid": "13347484056",
          "itemId": "13347484056",
          "icons": [
            {
              "domClass": "167087",
              "type": "img",
              "group": "6",
              "showType": "0",
              "bizType": "Freeshipping"
            },
            {
              "domClass": "120018",
              "text": "Voucher giảm  41%",
              "type": "text",
              "group": "2",
              "showType": "0",
              "bizType": "voucherApplied"
            },
            {
              "domClass": "226328",
              "type": "img",
              "group": "3",
              "showType": "0",
              "bizType": "campaign"
            },
            {
              "domClass": "76432",
              "type": "img",
              "group": "3",
              "showType": "0",
              "bizType": "lazMall"
            }
          ],
          "image": "https://filebroker-cdn.lazada.vn/kf/S37b3dcdc4b6f4e76b615c800d9dfb6d6M.jpg",
          "isSmartImage": false,
          "utLogMap": {
            "srp_name": "LazadaMainSrp",
            "x_object_type": "item",
            "src": "organic",
            "trafficType": "organic",
            "lower_k": "b%C3%A0n+ph%C3%ADm+c%C6%A1+aula+75",
            "x_sku_ids": "116690126501",
            "x_item_ids": "13347484056",
            "iconList": "167087;120018;226328;76432",
            "SN": "d410eaa2a114d0bae901697abc58c5f0",
            "current_price": "1103000",
            "x_object_id": "13347484056",
            "ai_item": "0"
          },
          "originalPriceShow": "",
          "priceShow": "1.103.000 ₫",
          "discount": "41% Off",
          "ratingScore": "4.918367346938775",
          "review": "49",
          "location": "China",
          "description": [],
          "thumbs": [
            {
              "image": "https://filebroker-cdn.lazada.vn/kf/Sc6aea7bc47154e1989389ba6ead4ecc1N.jpg",
              "sku": "13347484056_VNAMZ",
              "skuId": "116690126502",
              "itemUrl": "/products/pdp-i13347484056.html",
              "querystring": ""
            },
            {
              "image": "https://filebroker-cdn.lazada.vn/kf/S5b968a887c594051a09116086f58f56a7.jpg",
              "sku": "13347484056_VNAMZ",
              "skuId": "116690126501",
              "itemUrl": "/products/pdp-i13347484056.html",
              "querystring": ""
            },
            {
              "image": "https://filebroker-cdn.lazada.vn/kf/S3929f51589de41e2aecaf731c751e8a0w.jpg",
              "sku": "13347484056_VNAMZ",
              "skuId": "116690126504",
              "itemUrl": "/products/pdp-i13347484056.html",
              "querystring": ""
            },
            {
              "image": "https://filebroker-cdn.lazada.vn/kf/S12e542a19f5e4efa871d4031f3a34cc7i.jpg",
              "sku": "13347484056_VNAMZ",
              "skuId": "116690126503",
              "itemUrl": "/products/pdp-i13347484056.html",
              "querystring": ""
            },
            {
              "image": "https://filebroker-cdn.lazada.vn/kf/S2641d8674d5f462ab32e7d6ae43f56b8K.jpg",
              "sku": "13347484056_VNAMZ",
              "skuId": "116690126506",
              "itemUrl": "/products/pdp-i13347484056.html",
              "querystring": ""
            },
            {
              "image": "https://filebroker-cdn.lazada.vn/kf/Sc2211e4d56324be2aa36ee6102cc508cP.jpg",
              "sku": "13347484056_VNAMZ",
              "skuId": "116690126505",
              "itemUrl": "/products/pdp-i13347484056.html",
              "querystring": ""
            }
          ],
          "sellerName": "AULA-DG",
          "sellerId": "201080592391",
          "brandName": "AULA",
          "brandId": "3613",
          "cheapest_sku": "13347484056_VNAMZ-116690126501",
          "skuId": "116690126501",
          "sku": "13347484056_VNAMZ",
          "categories": [
            42062201,
            4455,
            2160,
            2161
          ],
          "price": "1103000",
          "restrictedAge": 0,
          "inStock": true,
          "originalPrice": "1866000",
          "clickTrace": "query:B%C3%A0n+ph%C3%ADm+c%C6%A1+aula+75;nid:13347484056;src:LazadaMainSrp;rn:d410eaa2a114d0bae901697abc58c5f0;region:vn;sku:13347484056_VNAMZ;price:1103000;client:desktop;supplier_id:201080592391;session_id:;biz_source:h5_internal;slot:6;utlog_bucket_id:470687;asc_category_id:2161;item_id:13347484056;sku_id:116690126501;shop_id:5069243;templateInfo:107883_E#-1_A3_C#",
          "itemSoldCntShow": "171 Đã bán",
          "longImageDisplayable": false,
          "skus": [
            {
              "id": "13347484056_VNAMZ-116690126501"
            }
          ],
          "promotionId": "",
          "isSponsored": false,
          "tItemType": "nt_product",
          "skuType": "2",
          "adFlag": "0",
          "directSimilarUrl": "https://native.m.lazada.com/dynamicxresult?item_img=https%3A%2F%2Ffilebroker-cdn.lazada.vn%2Fkf%2FS37b3dcdc4b6f4e76b615c800d9dfb6d6M.jpg&src=srp_findsimilar&item_id=13347484056&sku_id=116690126501&params=%7B%22sub_src%22%3A%22long_press%22%2C%22src%22%3A%22srp_findsimilar%22%7D&m=tpp_findSimilar&q=B%25C3%25A0n%2Bph%25C3%25ADm%2Bc%25C6%25A1%2Baula%2B75&similarType=findSimilarV1&price=1103000.00&spuTriggerItem=0",
          "gridTitleLine": "2",
          "isFission": "0",
          "isBadgeAutoScroll": false,
          "showCart": false,
          "showBackIcon": false,
          "showUnitPrice": false,
          "itemUrl": "//www.lazada.vn/products/pdp-i13347484056.html",
          "querystring": "fs_ab=2&priceCompare=skuId%3A116690126501%3Bsource%3Alazada-search-voucher%3Bsn%3Ad410eaa2a114d0bae901697abc58c5f0%3BoriginPrice%3A1103000%3BdisplayPrice%3A1103000%3BisGray%3Afalse%3BsinglePromotionId%3A460000000000000%3BsingleToolCode%3ApromPrice%3BvoucherPricePlugin%3A0%3Btimestamp%3A1781074857787&c=&ratingscore=4.918367346938775&freeshipping=1&source=search&channelLpJumpArgs=&fuse_fs=&search=1&sale=171&price=1.103E%206&review=49&location=China&stock=1&lang=vi&request_id=d410eaa2a114d0bae901697abc58c5f0&clickTrackInfo=query%253AB%2525C3%2525A0n%252Bph%2525C3%2525ADm%252Bc%2525C6%2525A1%252Baula%252B75%253Bnid%253A13347484056%253Bsrc%253ALazadaMainSrp%253Brn%253Ad410eaa2a114d0bae901697abc58c5f0%253Bregion%253Avn%253Bsku%253A13347484056_VNAMZ%253Bprice%253A1103000%253Bclient%253Adesktop%253Bsupplier_id%253A201080592391%253Bsession_id%253A%253Bbiz_source%253Ah5_internal%253Bslot%253A6%253Butlog_bucket_id%253A470687%253Basc_category_id%253A2161%253Bitem_id%253A13347484056%253Bsku_id%253A116690126501%253Bshop_id%253A5069243%253BtemplateInfo%253A107883_E%2523-1_A3_C%2523"
        },
        {
          "name": "AULA | Bàn Phím Cơ Chơi Game Thể Thao Điện Tử Đều Chỉnh Được 75 Phím",
          "nid": "13393701557",
          "itemId": "13393701557",
          "icons": [
            {
              "domClass": "167087",
              "type": "img",
              "group": "6",
              "showType": "0",
              "bizType": "Freeshipping"
            },
            {
              "domClass": "120018",
              "text": "Voucher giảm  58%",
              "type": "text",
              "group": "2",
              "showType": "0",
              "bizType": "voucherApplied"
            },
            {
              "domClass": "225748",
              "type": "img",
              "group": "3",
              "showType": "0",
              "bizType": "campaign"
            },
            {
              "domClass": "76432",
              "type": "img",
              "group": "3",
              "showType": "0",
              "bizType": "lazMall"
            }
          ],
          "image": "https://filebroker-cdn.lazada.vn/kf/Sa5e76f0a09a84f2c8107362b09e98be7t.png",
          "isSmartImage": false,
          "utLogMap": {
            "srp_name": "LazadaMainSrp",
            "x_object_type": "item",
            "src": "organic",
            "trafficType": "organic",
            "lower_k": "b%C3%A0n+ph%C3%ADm+c%C6%A1+aula+75",
            "x_sku_ids": "117027584435",
            "x_item_ids": "13393701557",
            "iconList": "167087;120018;225748;76432",
            "SN": "d410eaa2a114d0bae901697abc58c5f0",
            "current_price": "1489000",
            "x_object_id": "13393701557",
            "ai_item": "0"
          },
          "originalPriceShow": "",
          "priceShow": "1.489.000 ₫",
          "discount": "58% Off",
          "ratingScore": "",
          "review": "",
          "location": "Hong Kong",
          "description": [],
          "thumbs": [
            {
              "image": "https://filebroker-cdn.lazada.vn/kf/Sdc78bf46144a439e9cf20c226a60adcbM.jpg",
              "sku": "13393701557_VNAMZ",
              "skuId": "117027584441",
              "itemUrl": "/products/pdp-i13393701557.html",
              "querystring": ""
            },
            {
              "image": "https://filebroker-cdn.lazada.vn/kf/S9550c5a1ca474985aa44612d2ff25ebcI.jpg",
              "sku": "13393701557_VNAMZ",
              "skuId": "117027584452",
              "itemUrl": "/products/pdp-i13393701557.html",
              "querystring": ""
            },
            {
              "image": "https://filebroker-cdn.lazada.vn/kf/S2495595520374ec9a691d65f0dcf03249.jpg",
              "sku": "13393701557_VNAMZ",
              "skuId": "117027584442",
              "itemUrl": "/products/pdp-i13393701557.html",
              "querystring": ""
            },
            {
              "image": "https://filebroker-cdn.lazada.vn/kf/Sdc78bf46144a439e9cf20c226a60adcbM.jpg",
              "sku": "13393701557_VNAMZ",
              "skuId": "117027584450",
              "itemUrl": "/products/pdp-i13393701557.html",
              "querystring": ""
            },
            {
              "image": "https://filebroker-cdn.lazada.vn/kf/S815c7a643a6443d9b1bdfc12e73fc510i.jpg",
              "sku": "13393701557_VNAMZ",
              "skuId": "117027584440",
              "itemUrl": "/products/pdp-i13393701557.html",
              "querystring": ""
            },
            {
              "image": "https://filebroker-cdn.lazada.vn/kf/S2495595520374ec9a691d65f0dcf03249.jpg",
              "sku": "13393701557_VNAMZ",
              "skuId": "117027584451",
              "itemUrl": "/products/pdp-i13393701557.html",
              "querystring": ""
            },
            {
              "image": "https://filebroker-cdn.lazada.vn/kf/Sb51fe8e24730484eac866f3be37fe2e1I.png",
              "sku": "13393701557_VNAMZ",
              "skuId": "117027584445",
              "itemUrl": "/products/pdp-i13393701557.html",
              "querystring": ""
            },
            {
              "image": "https://filebroker-cdn.lazada.vn/kf/Se547fc8a90e9446cbaed801ddd4a54b3W.png",
              "sku": "13393701557_VNAMZ",
              "skuId": "117027584435",
              "itemUrl": "/products/pdp-i13393701557.html",
              "querystring": ""
            },
            {
              "image": "https://filebroker-cdn.lazada.vn/kf/Se57d1c9c51ff47da9d64881990a7cc93M.png",
              "sku": "13393701557_VNAMZ",
              "skuId": "117027584446",
              "itemUrl": "/products/pdp-i13393701557.html",
              "querystring": ""
            },
            {
              "image": "https://filebroker-cdn.lazada.vn/kf/S9550c5a1ca474985aa44612d2ff25ebcI.jpg",
              "sku": "13393701557_VNAMZ",
              "skuId": "117027584443",
              "itemUrl": "/products/pdp-i13393701557.html",
              "querystring": ""
            },
            {
              "image": "https://filebroker-cdn.lazada.vn/kf/Se547fc8a90e9446cbaed801ddd4a54b3W.png",
              "sku": "13393701557_VNAMZ",
              "skuId": "117027584444",
              "itemUrl": "/products/pdp-i13393701557.html",
              "querystring": ""
            },
            {
              "image": "https://filebroker-cdn.lazada.vn/kf/S2748cc28b6b1443d830b00a917367e4b2.jpg",
              "sku": "13393701557_VNAMZ",
              "skuId": "117027584438",
              "itemUrl": "/products/pdp-i13393701557.html",
              "querystring": ""
            },
            {
              "image": "https://filebroker-cdn.lazada.vn/kf/S815c7a643a6443d9b1bdfc12e73fc510i.jpg",
              "sku": "13393701557_VNAMZ",
              "skuId": "117027584449",
              "itemUrl": "/products/pdp-i13393701557.html",
              "querystring": ""
            },
            {
              "image": "https://filebroker-cdn.lazada.vn/kf/S4a9518f1cc5c4b7f9a98b0143b1df28dg.jpg",
              "sku": "13393701557_VNAMZ",
              "skuId": "117027584439",
              "itemUrl": "/products/pdp-i13393701557.html",
              "querystring": ""
            },
            {
              "image": "https://filebroker-cdn.lazada.vn/kf/Sb51fe8e24730484eac866f3be37fe2e1I.png",
              "sku": "13393701557_VNAMZ",
              "skuId": "117027584436",
              "itemUrl": "/products/pdp-i13393701557.html",
              "querystring": ""
            },
            {
              "image": "https://filebroker-cdn.lazada.vn/kf/S2748cc28b6b1443d830b00a917367e4b2.jpg",
              "sku": "13393701557_VNAMZ",
              "skuId": "117027584447",
              "itemUrl": "/products/pdp-i13393701557.html",
              "querystring": ""
            },
            {
              "image": "https://filebroker-cdn.lazada.vn/kf/Se57d1c9c51ff47da9d64881990a7cc93M.png",
              "sku": "13393701557_VNAMZ",
              "skuId": "117027584437",
              "itemUrl": "/products/pdp-i13393701557.html",
              "querystring": ""
            },
            {
              "image": "https://filebroker-cdn.lazada.vn/kf/S4a9518f1cc5c4b7f9a98b0143b1df28dg.jpg",
              "sku": "13393701557_VNAMZ",
              "skuId": "117027584448",
              "itemUrl": "/products/pdp-i13393701557.html",
              "querystring": ""
            }
          ],
          "sellerName": "Brand Super Deal",
          "sellerId": "200194944463",
          "brandName": "AULA",
          "brandId": "3613",
          "cheapest_sku": "13393701557_VNAMZ-117027584435",
          "skuId": "117027584435",
          "sku": "13393701557_VNAMZ",
          "categories": [
            42062201,
            4455,
            2160,
            2161
          ],
          "price": "1489000",
          "restrictedAge": 0,
          "inStock": true,
          "originalPrice": "3552000",
          "clickTrace": "query:B%C3%A0n+ph%C3%ADm+c%C6%A1+aula+75;nid:13393701557;src:LazadaMainSrp;rn:d410eaa2a114d0bae901697abc58c5f0;region:vn;sku:13393701557_VNAMZ;price:1489000;client:desktop;supplier_id:200194944463;session_id:;biz_source:h5_internal;slot:7;utlog_bucket_id:470687;asc_category_id:2161;item_id:13393701557;sku_id:117027584435;shop_id:2874615;templateInfo:107883_E#-1_A3_C#",
          "itemSoldCntShow": "601 Đã bán",
          "longImageDisplayable": false,
          "skus": [
            {
              "id": "13393701557_VNAMZ-117027584435"
            }
          ],
          "promotionId": "",
          "isSponsored": false,
          "tItemType": "nt_product",
          "skuType": "2",
          "adFlag": "0",
          "directSimilarUrl": "https://native.m.lazada.com/dynamicxresult?item_img=https%3A%2F%2Ffilebroker-cdn.lazada.vn%2Fkf%2FSa5e76f0a09a84f2c8107362b09e98be7t.png&src=srp_findsimilar&item_id=13393701557&sku_id=117027584435&params=%7B%22sub_src%22%3A%22long_press%22%2C%22src%22%3A%22srp_findsimilar%22%7D&m=tpp_findSimilar&q=B%25C3%25A0n%2Bph%25C3%25ADm%2Bc%25C6%25A1%2Baula%2B75&similarType=findSimilarV1&price=1489000.00&spuTriggerItem=0",
          "gridTitleLine": "2",
          "isFission": "0",
          "isBadgeAutoScroll": false,
          "showCart": false,
          "showBackIcon": false,
          "showUnitPrice": false,
          "itemUrl": "//www.lazada.vn/products/pdp-i13393701557.html",
          "querystring": "fs_ab=2&priceCompare=skuId%3A117027584435%3Bsource%3Alazada-search-voucher%3Bsn%3Ad410eaa2a114d0bae901697abc58c5f0%3BoriginPrice%3A1489000%3BdisplayPrice%3A1489000%3BisGray%3Afalse%3BsinglePromotionId%3A300000000000000%3BsingleToolCode%3ApromPrice%3BvoucherPricePlugin%3A0%3Btimestamp%3A1781074857787&c=&ratingscore=&freeshipping=1&source=search&channelLpJumpArgs=&fuse_fs=&search=1&sale=601&price=1.489E%206&review=&location=Hong%20Kong&stock=1&lang=vi&request_id=d410eaa2a114d0bae901697abc58c5f0&clickTrackInfo=query%253AB%2525C3%2525A0n%252Bph%2525C3%2525ADm%252Bc%2525C6%2525A1%252Baula%252B75%253Bnid%253A13393701557%253Bsrc%253ALazadaMainSrp%253Brn%253Ad410eaa2a114d0bae901697abc58c5f0%253Bregion%253Avn%253Bsku%253A13393701557_VNAMZ%253Bprice%253A1489000%253Bclient%253Adesktop%253Bsupplier_id%253A200194944463%253Bsession_id%253A%253Bbiz_source%253Ah5_internal%253Bslot%253A7%253Butlog_bucket_id%253A470687%253Basc_category_id%253A2161%253Bitem_id%253A13393701557%253Bsku_id%253A117027584435%253Bshop_id%253A2874615%253BtemplateInfo%253A107883_E%2523-1_A3_C%2523"
        },
        {
          "name": "AULA | Bàn Phím Cơ 3 Chế Độ 75%",
          "nid": "13396882448",
          "itemId": "13396882448",
          "icons": [
            {
              "domClass": "167087",
              "type": "img",
              "group": "6",
              "showType": "0",
              "bizType": "Freeshipping"
            },
            {
              "domClass": "215496",
              "type": "img",
              "group": "3",
              "showType": "0",
              "bizType": "campaign"
            },
            {
              "domClass": "76432",
              "type": "img",
              "group": "3",
              "showType": "0",
              "bizType": "lazMall"
            }
          ],
          "image": "https://ae-pic-a1.aliexpress-media.com/kf/Sac9866f7e942421790cedeca31197dfea.jpg",
          "isSmartImage": false,
          "utLogMap": {
            "srp_name": "LazadaMainSrp",
            "x_object_type": "item",
            "src": "organic",
            "trafficType": "organic",
            "lower_k": "b%C3%A0n+ph%C3%ADm+c%C6%A1+aula+75",
            "x_sku_ids": "117044626874",
            "x_item_ids": "13396882448",
            "iconList": "167087;215496;76432",
            "SN": "d410eaa2a114d0bae901697abc58c5f0",
            "current_price": "1130920",
            "x_object_id": "13396882448",
            "ai_item": "0"
          },
          "originalPriceShow": "",
          "priceShow": "1.130.920 ₫",
          "discount": "61% Off",
          "ratingScore": "",
          "review": "",
          "location": "China",
          "description": [],
          "thumbs": [
            {
              "image": "https://ae-pic-a1.aliexpress-media.com/kf/S1f5cacbc5642417394b100f16f9851aa8.jpg",
              "sku": "13396882448_VNAMZ",
              "skuId": "117044626873",
              "itemUrl": "/products/pdp-i13396882448.html",
              "querystring": ""
            },
            {
              "image": "https://ae-pic-a1.aliexpress-media.com/kf/Sbe2163a67aab43bf9f10d1d8d5c8fa23y.jpg",
              "sku": "13396882448_VNAMZ",
              "skuId": "117044626872",
              "itemUrl": "/products/pdp-i13396882448.html",
              "querystring": ""
            },
            {
              "image": "https://ae-pic-a1.aliexpress-media.com/kf/S50904ed5b19e4a1d9387114d2f283801i.jpg",
              "sku": "13396882448_VNAMZ",
              "skuId": "117044626871",
              "itemUrl": "/products/pdp-i13396882448.html",
              "querystring": ""
            },
            {
              "image": "https://ae-pic-a1.aliexpress-media.com/kf/Sa1be477841d4417da238fc92c19f56331.jpg",
              "sku": "13396882448_VNAMZ",
              "skuId": "117044626870",
              "itemUrl": "/products/pdp-i13396882448.html",
              "querystring": ""
            },
            {
              "image": "https://ae-pic-a1.aliexpress-media.com/kf/Sfd646f1b7d944c38bce543183b55db0ei.jpg",
              "sku": "13396882448_VNAMZ",
              "skuId": "117044626874",
              "itemUrl": "/products/pdp-i13396882448.html",
              "querystring": ""
            },
            {
              "image": "https://ae-pic-a1.aliexpress-media.com/kf/Sf86d26dc301a47b780ffa5c47efe6ab97.jpg",
              "sku": "13396882448_VNAMZ",
              "skuId": "117044626869",
              "itemUrl": "/products/pdp-i13396882448.html",
              "querystring": ""
            }
          ],
          "sellerName": "AULA kezhihua Specialty Store",
          "sellerId": "201040144029",
          "brandName": "AULA",
          "brandId": "3613",
          "cheapest_sku": "13396882448_VNAMZ-117044626874",
          "skuId": "117044626874",
          "sku": "13396882448_VNAMZ",
          "categories": [
            42062201,
            4455,
            2160,
            2161
          ],
          "price": "1130920",
          "restrictedAge": 0,
          "inStock": true,
          "originalPrice": "2896000",
          "clickTrace": "query:B%C3%A0n+ph%C3%ADm+c%C6%A1+aula+75;nid:13396882448;src:LazadaMainSrp;rn:d410eaa2a114d0bae901697abc58c5f0;region:vn;sku:13396882448_VNAMZ;price:1130920;client:desktop;supplier_id:201040144029;session_id:;biz_source:h5_internal;slot:8;utlog_bucket_id:470687;asc_category_id:2161;item_id:13396882448;sku_id:117044626874;shop_id:5050074;templateInfo:155386_D_E_G#-1_A3_C#",
          "itemSoldCntShow": "28 Đã bán",
          "longImageDisplayable": false,
          "skus": [
            {
              "id": "13396882448_VNAMZ-117044626874"
            }
          ],
          "promotionId": "",
          "isSponsored": false,
          "tItemType": "nt_product",
          "skuType": "2",
          "adFlag": "0",
          "directSimilarUrl": "https://native.m.lazada.com/dynamicxresult?item_img=https%3A%2F%2Fae-pic-a1.aliexpress-media.com%2Fkf%2FSac9866f7e942421790cedeca31197dfea.jpg&src=srp_findsimilar&item_id=13396882448&sku_id=117044626874&params=%7B%22sub_src%22%3A%22long_press%22%2C%22src%22%3A%22srp_findsimilar%22%7D&m=tpp_findSimilar&q=B%25C3%25A0n%2Bph%25C3%25ADm%2Bc%25C6%25A1%2Baula%2B75&similarType=findSimilarV1&price=1130920.00&spuTriggerItem=0",
          "gridTitleLine": "2",
          "isFission": "0",
          "isBadgeAutoScroll": false,
          "showCart": false,
          "showBackIcon": false,
          "showUnitPrice": false,
          "itemUrl": "//www.lazada.vn/products/pdp-i13396882448.html",
          "querystring": "fs_ab=2&priceCompare=skuId%3A117044626874%3Bsource%3Alazada-search-voucher%3Bsn%3Ad410eaa2a114d0bae901697abc58c5f0%3BoriginPrice%3A1130920%3BdisplayPrice%3A1130920%3BisGray%3Afalse%3BsinglePromotionId%3A900000877327879%3BsingleToolCode%3AmillionSubsidy%3BvoucherPricePlugin%3A0%3Btimestamp%3A1781074857787&c=&ratingscore=&freeshipping=1&source=search&channelLpJumpArgs=&fuse_fs=&search=1&sale=28&price=1.13092E%206&review=&location=China&stock=1&lang=vi&request_id=d410eaa2a114d0bae901697abc58c5f0&clickTrackInfo=query%253AB%2525C3%2525A0n%252Bph%2525C3%2525ADm%252Bc%2525C6%2525A1%252Baula%252B75%253Bnid%253A13396882448%253Bsrc%253ALazadaMainSrp%253Brn%253Ad410eaa2a114d0bae901697abc58c5f0%253Bregion%253Avn%253Bsku%253A13396882448_VNAMZ%253Bprice%253A1130920%253Bclient%253Adesktop%253Bsupplier_id%253A201040144029%253Bsession_id%253A%253Bbiz_source%253Ah5_internal%253Bslot%253A8%253Butlog_bucket_id%253A470687%253Basc_category_id%253A2161%253Bitem_id%253A13396882448%253Bsku_id%253A117044626874%253Bshop_id%253A5050074%253BtemplateInfo%253A155386_D_E_G%2523-1_A3_C%2523"
        },
        {
          "name": "AULA | Bàn Phím Cơ Chơi Game Không Dây Thẩm Mỹ Có Thể Tùy Chỉnh 3 Chế Độ 75 Phím",
          "nid": "13378647338",
          "itemId": "13378647338",
          "icons": [
            {
              "domClass": "167087",
              "type": "img",
              "group": "6",
              "showType": "0",
              "bizType": "Freeshipping"
            },
            {
              "domClass": "120018",
              "text": "Voucher giảm  57%",
              "type": "text",
              "group": "2",
              "showType": "0",
              "bizType": "voucherApplied"
            },
            {
              "domClass": "225748",
              "type": "img",
              "group": "3",
              "showType": "0",
              "bizType": "campaign"
            },
            {
              "domClass": "76432",
              "type": "img",
              "group": "3",
              "showType": "0",
              "bizType": "lazMall"
            }
          ],
          "image": "https://filebroker-cdn.lazada.vn/kf/S1af39e58545e4a389dfabd239fd3458ca.jpg",
          "isSmartImage": false,
          "utLogMap": {
            "srp_name": "LazadaMainSrp",
            "x_object_type": "item",
            "src": "organic",
            "trafficType": "organic",
            "lower_k": "b%C3%A0n+ph%C3%ADm+c%C6%A1+aula+75",
            "x_sku_ids": "116953185966",
            "x_item_ids": "13378647338",
            "iconList": "167087;120018;225748;76432",
            "SN": "d410eaa2a114d0bae901697abc58c5f0",
            "current_price": "1540000",
            "x_object_id": "13378647338",
            "ai_item": "0"
          },
          "originalPriceShow": "",
          "priceShow": "1.540.000 ₫",
          "discount": "57% Off",
          "ratingScore": "",
          "review": "",
          "location": "Hong Kong",
          "description": [],
          "thumbs": [
            {
              "image": "https://filebroker-cdn.lazada.vn/kf/S0225910b5a35439180cbc9005c5173b7g.jpg",
              "sku": "13378647338_VNAMZ",
              "skuId": "116953185963",
              "itemUrl": "/products/pdp-i13378647338.html",
              "querystring": ""
            },
            {
              "image": "https://filebroker-cdn.lazada.vn/kf/S204776de05e643f09f802c7761e28fe4H.jpg",
              "sku": "13378647338_VNAMZ",
              "skuId": "116953185962",
              "itemUrl": "/products/pdp-i13378647338.html",
              "querystring": ""
            },
            {
              "image": "https://filebroker-cdn.lazada.vn/kf/S03b5f181091c4dee9f061a55ad73d6b1g.jpg",
              "sku": "13378647338_VNAMZ",
              "skuId": "116953185965",
              "itemUrl": "/products/pdp-i13378647338.html",
              "querystring": ""
            },
            {
              "image": "https://filebroker-cdn.lazada.vn/kf/S8b97a88c940749d5a76b56a6865da97b8.jpg",
              "sku": "13378647338_VNAMZ",
              "skuId": "116953185964",
              "itemUrl": "/products/pdp-i13378647338.html",
              "querystring": ""
            },
            {
              "image": "https://filebroker-cdn.lazada.vn/kf/S1eb0b8f819f943c0b13c3eaec48189feS.jpg",
              "sku": "13378647338_VNAMZ",
              "skuId": "116953185967",
              "itemUrl": "/products/pdp-i13378647338.html",
              "querystring": ""
            },
            {
              "image": "https://filebroker-cdn.lazada.vn/kf/Sc596b94ace6d45d985995acc36e5b66an.jpg",
              "sku": "13378647338_VNAMZ",
              "skuId": "116953185966",
              "itemUrl": "/products/pdp-i13378647338.html",
              "querystring": ""
            },
            {
              "image": "https://filebroker-cdn.lazada.vn/kf/S8522bc1b1e85474c8e5c59983c97ada4Z.jpg",
              "sku": "13378647338_VNAMZ",
              "skuId": "116953185959",
              "itemUrl": "/products/pdp-i13378647338.html",
              "querystring": ""
            },
            {
              "image": "https://filebroker-cdn.lazada.vn/kf/S9daea9c079044de28589cd1d386efb46w.jpg",
              "sku": "13378647338_VNAMZ",
              "skuId": "116953185961",
              "itemUrl": "/products/pdp-i13378647338.html",
              "querystring": ""
            },
            {
              "image": "https://filebroker-cdn.lazada.vn/kf/S204776de05e643f09f802c7761e28fe4H.jpg",
              "sku": "13378647338_VNAMZ",
              "skuId": "116953185960",
              "itemUrl": "/products/pdp-i13378647338.html",
              "querystring": ""
            }
          ],
          "sellerName": "Brand Super Deal",
          "sellerId": "200194944463",
          "brandName": "AULA",
          "brandId": "3613",
          "cheapest_sku": "13378647338_VNAMZ-116953185966",
          "skuId": "116953185966",
          "sku": "13378647338_VNAMZ",
          "categories": [
            42062201,
            4455,
            2160,
            2161
          ],
          "price": "1540000",
          "restrictedAge": 0,
          "inStock": true,
          "originalPrice": "3553000",
          "clickTrace": "query:B%C3%A0n+ph%C3%ADm+c%C6%A1+aula+75;nid:13378647338;src:LazadaMainSrp;rn:d410eaa2a114d0bae901697abc58c5f0;region:vn;sku:13378647338_VNAMZ;price:1540000;client:desktop;supplier_id:200194944463;session_id:;biz_source:h5_internal;slot:9;utlog_bucket_id:470687;asc_category_id:2161;item_id:13378647338;sku_id:116953185966;shop_id:2874615;templateInfo:107883_E#-1_A3_C#",
          "itemSoldCntShow": "482 Đã bán",
          "longImageDisplayable": false,
          "skus": [
            {
              "id": "13378647338_VNAMZ-116953185966"
            }
          ],
          "promotionId": "",
          "isSponsored": false,
          "tItemType": "nt_product",
          "skuType": "2",
          "adFlag": "0",
          "directSimilarUrl": "https://native.m.lazada.com/dynamicxresult?item_img=https%3A%2F%2Ffilebroker-cdn.lazada.vn%2Fkf%2FS1af39e58545e4a389dfabd239fd3458ca.jpg&src=srp_findsimilar&item_id=13378647338&sku_id=116953185966&params=%7B%22sub_src%22%3A%22long_press%22%2C%22src%22%3A%22srp_findsimilar%22%7D&m=tpp_findSimilar&q=B%25C3%25A0n%2Bph%25C3%25ADm%2Bc%25C6%25A1%2Baula%2B75&similarType=findSimilarV1&price=1540000.00&spuTriggerItem=0",
          "gridTitleLine": "2",
          "isFission": "0",
          "isBadgeAutoScroll": false,
          "showCart": false,
          "showBackIcon": false,
          "showUnitPrice": false,
          "itemUrl": "//www.lazada.vn/products/pdp-i13378647338.html",
          "querystring": "fs_ab=2&priceCompare=skuId%3A116953185966%3Bsource%3Alazada-search-voucher%3Bsn%3Ad410eaa2a114d0bae901697abc58c5f0%3BoriginPrice%3A1540000%3BdisplayPrice%3A1540000%3BisGray%3Afalse%3BsinglePromotionId%3A300000000000000%3BsingleToolCode%3ApromPrice%3BvoucherPricePlugin%3A0%3Btimestamp%3A1781074857787&c=&ratingscore=&freeshipping=1&source=search&channelLpJumpArgs=&fuse_fs=&search=1&sale=482&price=1.54E%206&review=&location=Hong%20Kong&stock=1&lang=vi&request_id=d410eaa2a114d0bae901697abc58c5f0&clickTrackInfo=query%253AB%2525C3%2525A0n%252Bph%2525C3%2525ADm%252Bc%2525C6%2525A1%252Baula%252B75%253Bnid%253A13378647338%253Bsrc%253ALazadaMainSrp%253Brn%253Ad410eaa2a114d0bae901697abc58c5f0%253Bregion%253Avn%253Bsku%253A13378647338_VNAMZ%253Bprice%253A1540000%253Bclient%253Adesktop%253Bsupplier_id%253A200194944463%253Bsession_id%253A%253Bbiz_source%253Ah5_internal%253Bslot%253A9%253Butlog_bucket_id%253A470687%253Basc_category_id%253A2161%253Bitem_id%253A13378647338%253Bsku_id%253A116953185966%253Bshop_id%253A2874615%253BtemplateInfo%253A107883_E%2523-1_A3_C%2523"
        },
        {
          "name": "AULA | Bàn phím cơ AULA F75 - Tri-mode, Đèn RGB, Dành cho văn phòng, máy tính, thể thao điện tử và chơi game",
          "nid": "3318863273",
          "itemId": "3318863273",
          "icons": [
            {
              "domClass": "167087",
              "type": "img",
              "group": "6",
              "showType": "0",
              "bizType": "Freeshipping"
            },
            {
              "domClass": "120018",
              "text": "Voucher giảm  49%",
              "type": "text",
              "group": "2",
              "showType": "0",
              "bizType": "voucherApplied"
            },
            {
              "domClass": "226328",
              "type": "img",
              "group": "3",
              "showType": "0",
              "bizType": "campaign"
            },
            {
              "domClass": "76432",
              "type": "img",
              "group": "3",
              "showType": "0",
              "bizType": "lazMall"
            }
          ],
          "image": "https://ae01.alicdn.com/kf/Sdb048a6253654f28a40d77248f866c11d.jpg",
          "isSmartImage": false,
          "utLogMap": {
            "srp_name": "LazadaMainSrp",
            "x_object_type": "item",
            "src": "organic",
            "trafficType": "organic",
            "lower_k": "b%C3%A0n+ph%C3%ADm+c%C6%A1+aula+75",
            "x_sku_ids": "16212533035",
            "x_item_ids": "3318863273",
            "iconList": "167087;120018;226328;76432",
            "SN": "d410eaa2a114d0bae901697abc58c5f0",
            "current_price": "1486000",
            "x_object_id": "3318863273",
            "ai_item": "0"
          },
          "originalPriceShow": "",
          "priceShow": "1.486.000 ₫",
          "discount": "49% Off",
          "ratingScore": "4.569696969696969",
          "review": "165",
          "location": "China",
          "description": [],
          "thumbs": [
            {
              "image": "https://ae01.alicdn.com/kf/S6dc19c215b9345ee946cbf8750706db0V.jpg",
              "sku": "3318863273_VNAMZ",
              "skuId": "16212533035",
              "itemUrl": "/products/pdp-i3318863273.html",
              "querystring": ""
            },
            {
              "image": "https://ae01.alicdn.com/kf/S22b4c22c4cfe4fb8a42dd09a6a895d1bA.jpg",
              "sku": "3318863273_VNAMZ",
              "skuId": "16212533043",
              "itemUrl": "/products/pdp-i3318863273.html",
              "querystring": ""
            },
            {
              "image": "https://ae01.alicdn.com/kf/Se6e08c2312214962bccd8c2db03b7addq.jpg",
              "sku": "3318863273_VNAMZ",
              "skuId": "16212533044",
              "itemUrl": "/products/pdp-i3318863273.html",
              "querystring": ""
            },
            {
              "image": "https://ae01.alicdn.com/kf/Sfb229c9636694dccab9c6b7258f78035P.jpg",
              "sku": "3318863273_VNAMZ",
              "skuId": "16212533038",
              "itemUrl": "/products/pdp-i3318863273.html",
              "querystring": ""
            },
            {
              "image": "https://ae01.alicdn.com/kf/Se326d197411641eba18254be7c37cc97Y.jpg",
              "sku": "3318863273_VNAMZ",
              "skuId": "16212533039",
              "itemUrl": "/products/pdp-i3318863273.html",
              "querystring": ""
            },
            {
              "image": "https://ae01.alicdn.com/kf/S9f7e0af3678b477a801b30ccc56ab2b1T.jpg",
              "sku": "3318863273_VNAMZ",
              "skuId": "16212533036",
              "itemUrl": "/products/pdp-i3318863273.html",
              "querystring": ""
            },
            {
              "image": "https://ae01.alicdn.com/kf/S336ea405546d4cfa99da15d8ebefa4d8N.jpg",
              "sku": "3318863273_VNAMZ",
              "skuId": "16212533037",
              "itemUrl": "/products/pdp-i3318863273.html",
              "querystring": ""
            },
            {
              "image": "https://ae01.alicdn.com/kf/Sd40b47c53698455e988fc60e4c6a53908.jpg",
              "sku": "3318863273_VNAMZ",
              "skuId": "16212533041",
              "itemUrl": "/products/pdp-i3318863273.html",
              "querystring": ""
            },
            {
              "image": "https://ae01.alicdn.com/kf/Sa0fb803cfff7412d91812724dab3cbdau.jpg",
              "sku": "3318863273_VNAMZ",
              "skuId": "16212533042",
              "itemUrl": "/products/pdp-i3318863273.html",
              "querystring": ""
            },
            {
              "image": "https://ae01.alicdn.com/kf/S2f3df18db48d4b57a000662813f0aa3fF.jpg",
              "sku": "3318863273_VNAMZ",
              "skuId": "16212533040",
              "itemUrl": "/products/pdp-i3318863273.html",
              "querystring": ""
            }
          ],
          "sellerName": "AULA-mojing",
          "sellerId": "201039968120",
          "brandName": "AULA-MOJING",
          "brandId": "127567083",
          "cheapest_sku": "3318863273_VNAMZ-16212533035",
          "skuId": "16212533035",
          "sku": "3318863273_VNAMZ",
          "categories": [
            42062201,
            4455,
            2160,
            4459
          ],
          "price": "1486000",
          "restrictedAge": 0,
          "inStock": true,
          "originalPrice": "2896000",
          "clickTrace": "query:B%C3%A0n+ph%C3%ADm+c%C6%A1+aula+75;nid:3318863273;src:LazadaMainSrp;rn:d410eaa2a114d0bae901697abc58c5f0;region:vn;sku:3318863273_VNAMZ;price:1486000;client:desktop;supplier_id:201039968120;session_id:;biz_source:h5_internal;slot:10;utlog_bucket_id:470687;asc_category_id:4459;item_id:3318863273;sku_id:16212533035;shop_id:5050108;templateInfo:107883_E#-1_A3_C#",
          "itemSoldCntShow": "537 Đã bán",
          "longImageDisplayable": false,
          "skus": [
            {
              "id": "3318863273_VNAMZ-16212533035"
            }
          ],
          "promotionId": "",
          "isSponsored": false,
          "tItemType": "nt_product",
          "skuType": "2",
          "adFlag": "0",
          "directSimilarUrl": "https://native.m.lazada.com/dynamicxresult?item_img=https%3A%2F%2Fae01.alicdn.com%2Fkf%2FSdb048a6253654f28a40d77248f866c11d.jpg&src=srp_findsimilar&item_id=3318863273&sku_id=16212533035&params=%7B%22sub_src%22%3A%22long_press%22%2C%22src%22%3A%22srp_findsimilar%22%7D&m=tpp_findSimilar&q=B%25C3%25A0n%2Bph%25C3%25ADm%2Bc%25C6%25A1%2Baula%2B75&similarType=findSimilarV1&price=1486000.00&spuTriggerItem=0",
          "gridTitleLine": "2",
          "isFission": "0",
          "isBadgeAutoScroll": false,
          "showCart": false,
          "showBackIcon": false,
          "showUnitPrice": false,
          "itemUrl": "//www.lazada.vn/products/pdp-i3318863273.html",
          "querystring": "fs_ab=2&priceCompare=skuId%3A16212533035%3Bsource%3Alazada-search-voucher%3Bsn%3Ad410eaa2a114d0bae901697abc58c5f0%3BoriginPrice%3A1486000%3BdisplayPrice%3A1486000%3BisGray%3Afalse%3BsinglePromotionId%3A460000000000000%3BsingleToolCode%3ApromPrice%3BvoucherPricePlugin%3A0%3Btimestamp%3A1781074857787&c=&ratingscore=4.569696969696969&freeshipping=1&source=search&channelLpJumpArgs=&fuse_fs=&search=1&sale=537&price=1.486E%206&review=165&location=China&stock=1&lang=vi&request_id=d410eaa2a114d0bae901697abc58c5f0&clickTrackInfo=query%253AB%2525C3%2525A0n%252Bph%2525C3%2525ADm%252Bc%2525C6%2525A1%252Baula%252B75%253Bnid%253A3318863273%253Bsrc%253ALazadaMainSrp%253Brn%253Ad410eaa2a114d0bae901697abc58c5f0%253Bregion%253Avn%253Bsku%253A3318863273_VNAMZ%253Bprice%253A1486000%253Bclient%253Adesktop%253Bsupplier_id%253A201039968120%253Bsession_id%253A%253Bbiz_source%253Ah5_internal%253Bslot%253A10%253Butlog_bucket_id%253A470687%253Basc_category_id%253A4459%253Bitem_id%253A3318863273%253Bsku_id%253A16212533035%253Bshop_id%253A5050108%253BtemplateInfo%253A107883_E%2523-1_A3_C%2523"
        },
        {
          "name": "AULA | Bàn Phím Cơ F75 Gõ Siêu Mượt, Độ Trễ Cực Thấp",
          "nid": "13359219433",
          "itemId": "13359219433",
          "icons": [
            {
              "domClass": "167087",
              "type": "img",
              "group": "6",
              "showType": "0",
              "bizType": "Freeshipping"
            },
            {
              "domClass": "120018",
              "text": "Voucher giảm  32%",
              "type": "text",
              "group": "2",
              "showType": "0",
              "bizType": "voucherApplied"
            },
            {
              "domClass": "226328",
              "type": "img",
              "group": "3",
              "showType": "0",
              "bizType": "campaign"
            },
            {
              "domClass": "76432",
              "type": "img",
              "group": "3",
              "showType": "0",
              "bizType": "lazMall"
            }
          ],
          "image": "https://filebroker-cdn.lazada.vn/kf/S70806f791a484a12810d20419454c4751.jpg",
          "isSmartImage": false,
          "utLogMap": {
            "srp_name": "LazadaMainSrp",
            "x_object_type": "item",
            "src": "organic",
            "trafficType": "organic",
            "lower_k": "b%C3%A0n+ph%C3%ADm+c%C6%A1+aula+75",
            "x_sku_ids": "116869812801",
            "x_item_ids": "13359219433",
            "iconList": "167087;120018;226328;76432",
            "SN": "d410eaa2a114d0bae901697abc58c5f0",
            "current_price": "1016000",
            "x_object_id": "13359219433",
            "ai_item": "0"
          },
          "originalPriceShow": "",
          "priceShow": "1.016.000 ₫",
          "discount": "32% Off",
          "ratingScore": "5.0",
          "review": "78",
          "location": "Thành phố Hồ Chí Minh",
          "description": [],
          "thumbs": [
            {
              "image": "https://filebroker-cdn.lazada.vn/kf/Sfc79ba699e7447fabf79af7a0ece6cb0m.jpg",
              "sku": "13359219433_VNAMZ",
              "skuId": "116869812804",
              "itemUrl": "/products/pdp-i13359219433.html",
              "querystring": ""
            },
            {
              "image": "https://filebroker-cdn.lazada.vn/kf/S00e5e8a5f0f441d19b59d19eec7f824bk.jpg",
              "sku": "13359219433_VNAMZ",
              "skuId": "116869812826",
              "itemUrl": "/products/pdp-i13359219433.html",
              "querystring": ""
            },
            {
              "image": "https://filebroker-cdn.lazada.vn/kf/S40fb59187a1a45749fe41e5286cc2ee5K.jpg",
              "sku": "13359219433_VNAMZ",
              "skuId": "116869812807",
              "itemUrl": "/products/pdp-i13359219433.html",
              "querystring": ""
            },
            {
              "image": "https://filebroker-cdn.lazada.vn/kf/Sb2ab201c03d442acaa58539f8d707b9bY.jpg",
              "sku": "13359219433_VNAMZ",
              "skuId": "116869812806",
              "itemUrl": "/products/pdp-i13359219433.html",
              "querystring": ""
            },
            {
              "image": "https://filebroker-cdn.lazada.vn/kf/See9a1eefd537429f9bf85d2c7ae22269k.png",
              "sku": "13359219433_VNAMZ",
              "skuId": "116869812809",
              "itemUrl": "/products/pdp-i13359219433.html",
              "querystring": ""
            },
            {
              "image": "https://filebroker-cdn.lazada.vn/kf/S3dc0db82c1a847a88f4eb8af150c49135.png",
              "sku": "13359219433_VNAMZ",
              "skuId": "116869812808",
              "itemUrl": "/products/pdp-i13359219433.html",
              "querystring": ""
            },
            {
              "image": "https://filebroker-cdn.lazada.vn/kf/Sf277efe3d7d240dbb24dd19785d01ce6R.png",
              "sku": "13359219433_VNAMZ",
              "skuId": "116869812810",
              "itemUrl": "/products/pdp-i13359219433.html",
              "querystring": ""
            },
            {
              "image": "https://filebroker-cdn.lazada.vn/kf/Sd324b1e7aa2d476ab33b751dffe7a058K.jpg",
              "sku": "13359219433_VNAMZ",
              "skuId": "116869812820",
              "itemUrl": "/products/pdp-i13359219433.html",
              "querystring": ""
            },
            {
              "image": "https://filebroker-cdn.lazada.vn/kf/S89ae21b156f9412d9d1915fdb39a7c41C.jpg",
              "sku": "13359219433_VNAMZ",
              "skuId": "116869812801",
              "itemUrl": "/products/pdp-i13359219433.html",
              "querystring": ""
            },
            {
              "image": "https://filebroker-cdn.lazada.vn/kf/S355228541868432bb687deaccdcbffc4j.png",
              "sku": "13359219433_VNAMZ",
              "skuId": "116869812812",
              "itemUrl": "/products/pdp-i13359219433.html",
              "querystring": ""
            },
            {
              "image": "https://filebroker-cdn.lazada.vn/kf/S7f16ac5eb2d247869790cdd1b5a91abdP.png",
              "sku": "13359219433_VNAMZ",
              "skuId": "116869812811",
              "itemUrl": "/products/pdp-i13359219433.html",
              "querystring": ""
            },
            {
              "image": "https://filebroker-cdn.lazada.vn/kf/S6a0cc1e907de46b2894441998d42d3bfK.jpg",
              "sku": "13359219433_VNAMZ",
              "skuId": "116869812822",
              "itemUrl": "/products/pdp-i13359219433.html",
              "querystring": ""
            },
            {
              "image": "https://filebroker-cdn.lazada.vn/kf/S1690f405a921427085689687a1cd61435.png",
              "sku": "13359219433_VNAMZ",
              "skuId": "116869812814",
              "itemUrl": "/products/pdp-i13359219433.html",
              "querystring": ""
            },
            {
              "image": "https://filebroker-cdn.lazada.vn/kf/S8c66c9c913494e36a4262580d1fde792d.jpg",
              "sku": "13359219433_VNAMZ",
              "skuId": "116869812802",
              "itemUrl": "/products/pdp-i13359219433.html",
              "querystring": ""
            },
            {
              "image": "https://filebroker-cdn.lazada.vn/kf/S78706ecc1a2b4199a15964481b6dae21N.png",
              "sku": "13359219433_VNAMZ",
              "skuId": "116869812813",
              "itemUrl": "/products/pdp-i13359219433.html",
              "querystring": ""
            },
            {
              "image": "https://filebroker-cdn.lazada.vn/kf/Sb0ea4184c62e41a0a38c4eeec6f5520ao.jpg",
              "sku": "13359219433_VNAMZ",
              "skuId": "116869812824",
              "itemUrl": "/products/pdp-i13359219433.html",
              "querystring": ""
            }
          ],
          "sellerName": "Game Peripheral",
          "sellerId": "201052336013",
          "brandName": "AULA",
          "brandId": "3613",
          "cheapest_sku": "13359219433_VNAMZ-116869812801",
          "skuId": "116869812801",
          "sku": "13359219433_VNAMZ",
          "categories": [
            42062201,
            4455,
            2160,
            15219
          ],
          "price": "1016000",
          "restrictedAge": 0,
          "inStock": true,
          "originalPrice": "1486000",
          "clickTrace": "query:B%C3%A0n+ph%C3%ADm+c%C6%A1+aula+75;nid:13359219433;src:LazadaMainSrp;rn:d410eaa2a114d0bae901697abc58c5f0;region:vn;sku:13359219433_VNAMZ;price:1016000;client:desktop;supplier_id:201052336013;session_id:;biz_source:h5_internal;slot:11;utlog_bucket_id:470687;asc_category_id:15219;item_id:13359219433;sku_id:116869812801;shop_id:5054421;templateInfo:107883_E#-1_A3_C#",
          "itemSoldCntShow": "347 Đã bán",
          "longImageDisplayable": false,
          "skus": [
            {
              "id": "13359219433_VNAMZ-116869812801"
            }
          ],
          "promotionId": "",
          "isSponsored": false,
          "tItemType": "nt_product",
          "skuType": "2",
          "adFlag": "0",
          "directSimilarUrl": "https://native.m.lazada.com/dynamicxresult?item_img=https%3A%2F%2Ffilebroker-cdn.lazada.vn%2Fkf%2FS70806f791a484a12810d20419454c4751.jpg&src=srp_findsimilar&item_id=13359219433&sku_id=116869812801&params=%7B%22sub_src%22%3A%22long_press%22%2C%22src%22%3A%22srp_findsimilar%22%7D&m=tpp_findSimilar&q=B%25C3%25A0n%2Bph%25C3%25ADm%2Bc%25C6%25A1%2Baula%2B75&similarType=findSimilarV1&price=1016000.00&spuTriggerItem=0",
          "gridTitleLine": "2",
          "isFission": "0",
          "isBadgeAutoScroll": false,
          "showCart": false,
          "showBackIcon": false,
          "showUnitPrice": false,
          "itemUrl": "//www.lazada.vn/products/pdp-i13359219433.html",
          "querystring": "fs_ab=2&priceCompare=skuId%3A116869812801%3Bsource%3Alazada-search-voucher%3Bsn%3Ad410eaa2a114d0bae901697abc58c5f0%3BoriginPrice%3A1016000%3BdisplayPrice%3A1016000%3BisGray%3Afalse%3BsinglePromotionId%3A460000000000000%3BsingleToolCode%3ApromPrice%3BvoucherPricePlugin%3A0%3Btimestamp%3A1781074857787&c=&ratingscore=5.0&freeshipping=1&source=search&channelLpJumpArgs=&fuse_fs=&search=1&sale=347&price=1.016E%206&review=78&location=Th%C3%A0nh%20ph%E1%BB%91%20H%E1%BB%93%20Ch%C3%AD%20Minh&stock=1&lang=vi&request_id=d410eaa2a114d0bae901697abc58c5f0&clickTrackInfo=query%253AB%2525C3%2525A0n%252Bph%2525C3%2525ADm%252Bc%2525C6%2525A1%252Baula%252B75%253Bnid%253A13359219433%253Bsrc%253ALazadaMainSrp%253Brn%253Ad410eaa2a114d0bae901697abc58c5f0%253Bregion%253Avn%253Bsku%253A13359219433_VNAMZ%253Bprice%253A1016000%253Bclient%253Adesktop%253Bsupplier_id%253A201052336013%253Bsession_id%253A%253Bbiz_source%253Ah5_internal%253Bslot%253A11%253Butlog_bucket_id%253A470687%253Basc_category_id%253A15219%253Bitem_id%253A13359219433%253Bsku_id%253A116869812801%253Bshop_id%253A5054421%253BtemplateInfo%253A107883_E%2523-1_A3_C%2523"
        },
        {
          "name": "AULA | Bàn Phím Cơ Không Dây Bluetooth Ba Chế Độ 75 Phím",
          "nid": "13359946450",
          "itemId": "13359946450",
          "icons": [
            {
              "domClass": "167087",
              "type": "img",
              "group": "6",
              "showType": "0",
              "bizType": "Freeshipping"
            },
            {
              "domClass": "120018",
              "text": "Voucher giảm  33%",
              "type": "text",
              "group": "2",
              "showType": "0",
              "bizType": "voucherApplied"
            },
            {
              "domClass": "225748",
              "type": "img",
              "group": "3",
              "showType": "0",
              "bizType": "campaign"
            },
            {
              "domClass": "76432",
              "type": "img",
              "group": "3",
              "showType": "0",
              "bizType": "lazMall"
            }
          ],
          "image": "https://filebroker-cdn.lazada.vn/kf/S17812497e3d64331bc9c30fbc728d2ean.jpg",
          "isSmartImage": false,
          "utLogMap": {
            "srp_name": "LazadaMainSrp",
            "x_object_type": "item",
            "src": "organic",
            "trafficType": "organic",
            "lower_k": "b%C3%A0n+ph%C3%ADm+c%C6%A1+aula+75",
            "x_sku_ids": "116869964170",
            "x_item_ids": "13359946450",
            "iconList": "167087;120018;225748;76432",
            "SN": "d410eaa2a114d0bae901697abc58c5f0",
            "current_price": "1553000",
            "x_object_id": "13359946450",
            "ai_item": "0"
          },
          "originalPriceShow": "",
          "priceShow": "1.553.000 ₫",
          "discount": "33% Off",
          "ratingScore": "4.733333333333333",
          "review": "15",
          "location": "China",
          "description": [],
          "thumbs": [
            {
              "image": "https://filebroker-cdn.lazada.vn/kf/S141f247ff65e44ef8387a0fc13a5ab71l.jpg",
              "sku": "13359946450_VNAMZ",
              "skuId": "116869964175",
              "itemUrl": "/products/pdp-i13359946450.html",
              "querystring": ""
            },
            {
              "image": "https://filebroker-cdn.lazada.vn/kf/S6e4d82f19c2440dca46a613359837e86j.jpg",
              "sku": "13359946450_VNAMZ",
              "skuId": "116869964174",
              "itemUrl": "/products/pdp-i13359946450.html",
              "querystring": ""
            },
            {
              "image": "https://filebroker-cdn.lazada.vn/kf/S6e4d82f19c2440dca46a613359837e86j.jpg",
              "sku": "13359946450_VNAMZ",
              "skuId": "116869964171",
              "itemUrl": "/products/pdp-i13359946450.html",
              "querystring": ""
            },
            {
              "image": "https://filebroker-cdn.lazada.vn/kf/S17812497e3d64331bc9c30fbc728d2ean.jpg",
              "sku": "13359946450_VNAMZ",
              "skuId": "116869964173",
              "itemUrl": "/products/pdp-i13359946450.html",
              "querystring": ""
            },
            {
              "image": "https://filebroker-cdn.lazada.vn/kf/S141f247ff65e44ef8387a0fc13a5ab71l.jpg",
              "sku": "13359946450_VNAMZ",
              "skuId": "116869964172",
              "itemUrl": "/products/pdp-i13359946450.html",
              "querystring": ""
            }
          ],
          "sellerName": "HIMO digital Specialty Store",
          "sellerId": "201040144081",
          "brandName": "AULA",
          "brandId": "3613",
          "cheapest_sku": "13359946450_VNAMZ-116869964170",
          "skuId": "116869964170",
          "sku": "13359946450_VNAMZ",
          "categories": [
            42062201,
            4455,
            2160,
            2161
          ],
          "price": "1553000",
          "restrictedAge": 0,
          "inStock": true,
          "originalPrice": "2315000",
          "clickTrace": "query:B%C3%A0n+ph%C3%ADm+c%C6%A1+aula+75;nid:13359946450;src:LazadaMainSrp;rn:d410eaa2a114d0bae901697abc58c5f0;region:vn;sku:13359946450_VNAMZ;price:1553000;client:desktop;supplier_id:201040144081;session_id:;biz_source:h5_internal;slot:12;utlog_bucket_id:470687;asc_category_id:2161;item_id:13359946450;sku_id:116869964170;shop_id:5050117;templateInfo:107883_A3_C_E#",
          "itemSoldCntShow": "67 Đã bán",
          "longImageDisplayable": false,
          "skus": [
            {
              "id": "13359946450_VNAMZ-116869964170"
            }
          ],
          "promotionId": "",
          "isSponsored": false,
          "tItemType": "nt_product",
          "skuType": "2",
          "adFlag": "0",
          "directSimilarUrl": "https://native.m.lazada.com/dynamicxresult?item_img=https%3A%2F%2Ffilebroker-cdn.lazada.vn%2Fkf%2FS17812497e3d64331bc9c30fbc728d2ean.jpg&src=srp_findsimilar&item_id=13359946450&sku_id=116869964170&params=%7B%22sub_src%22%3A%22long_press%22%2C%22src%22%3A%22srp_findsimilar%22%7D&m=tpp_findSimilar&q=B%25C3%25A0n%2Bph%25C3%25ADm%2Bc%25C6%25A1%2Baula%2B75&similarType=findSimilarV1&price=1553000.00&spuTriggerItem=0",
          "gridTitleLine": "2",
          "isFission": "0",
          "isBadgeAutoScroll": false,
          "showCart": false,
          "showBackIcon": false,
          "showUnitPrice": false,
          "itemUrl": "//www.lazada.vn/products/pdp-i13359946450.html",
          "querystring": "fs_ab=2&priceCompare=skuId%3A116869964170%3Bsource%3Alazada-search-voucher%3Bsn%3Ad410eaa2a114d0bae901697abc58c5f0%3BoriginPrice%3A1553000%3BdisplayPrice%3A1553000%3BisGray%3Afalse%3BsinglePromotionId%3A460000000000000%3BsingleToolCode%3ApromPrice%3BvoucherPricePlugin%3A0%3Btimestamp%3A1781074857787&c=&ratingscore=4.733333333333333&freeshipping=1&source=search&channelLpJumpArgs=&fuse_fs=&search=1&sale=67&price=1.553E%206&review=15&location=China&stock=1&lang=vi&request_id=d410eaa2a114d0bae901697abc58c5f0&clickTrackInfo=query%253AB%2525C3%2525A0n%252Bph%2525C3%2525ADm%252Bc%2525C6%2525A1%252Baula%252B75%253Bnid%253A13359946450%253Bsrc%253ALazadaMainSrp%253Brn%253Ad410eaa2a114d0bae901697abc58c5f0%253Bregion%253Avn%253Bsku%253A13359946450_VNAMZ%253Bprice%253A1553000%253Bclient%253Adesktop%253Bsupplier_id%253A201040144081%253Bsession_id%253A%253Bbiz_source%253Ah5_internal%253Bslot%253A12%253Butlog_bucket_id%253A470687%253Basc_category_id%253A2161%253Bitem_id%253A13359946450%253Bsku_id%253A116869964170%253Bshop_id%253A5050117%253BtemplateInfo%253A107883_A3_C_E%2523"
        },
        {
          "name": "AULA | Bàn Phím Cơ Không Dây S75 Pro Kết Nối 3 Chế Độ, Gasket Mount, Layout 75%, Màn Hình & Núm Xoay",
          "nid": "3278130390",
          "itemId": "3278130390",
          "icons": [
            {
              "domClass": "167087",
              "type": "img",
              "group": "6",
              "showType": "0",
              "bizType": "Freeshipping"
            },
            {
              "domClass": "120018",
              "text": "Voucher giảm  70%",
              "type": "text",
              "group": "2",
              "showType": "0",
              "bizType": "voucherApplied"
            },
            {
              "domClass": "226328",
              "type": "img",
              "group": "3",
              "showType": "0",
              "bizType": "campaign"
            },
            {
              "domClass": "76432",
              "type": "img",
              "group": "3",
              "showType": "0",
              "bizType": "lazMall"
            }
          ],
          "image": "https://ae01.alicdn.com/kf/Sffc8da2cfe774e5188a2ad6c4c52c628Y.jpeg",
          "isSmartImage": false,
          "utLogMap": {
            "srp_name": "LazadaMainSrp",
            "x_object_type": "item",
            "src": "organic",
            "trafficType": "organic",
            "lower_k": "b%C3%A0n+ph%C3%ADm+c%C6%A1+aula+75",
            "x_sku_ids": "15842389797",
            "x_item_ids": "3278130390",
            "iconList": "167087;120018;226328;76432",
            "SN": "d410eaa2a114d0bae901697abc58c5f0",
            "current_price": "1156000",
            "x_object_id": "3278130390",
            "ai_item": "0"
          },
          "originalPriceShow": "",
          "priceShow": "1.156.000 ₫",
          "discount": "70% Off",
          "ratingScore": "4.853658536585366",
          "review": "40",
          "location": "China",
          "description": [],
          "thumbs": [
            {
              "image": "https://filebroker-cdn.lazada.vn/kf/S0125e50ee2ba41cb9f65f76a1f5ee42bK.jpg",
              "sku": "3278130390_VNAMZ",
              "skuId": "15842389808",
              "itemUrl": "/products/pdp-i3278130390.html",
              "querystring": ""
            },
            {
              "image": "https://filebroker-cdn.lazada.vn/kf/S586a766dbf5c4a36b738e55fc426b81fr.jpg",
              "sku": "3278130390_VNAMZ",
              "skuId": "15842389809",
              "itemUrl": "/products/pdp-i3278130390.html",
              "querystring": ""
            },
            {
              "image": "https://ae01.alicdn.com/kf/S462eaaf714684f60ab7f4cda098a2415J.jpeg",
              "sku": "3278130390_VNAMZ",
              "skuId": "15842389806",
              "itemUrl": "/products/pdp-i3278130390.html",
              "querystring": ""
            },
            {
              "image": "https://ae01.alicdn.com/kf/Sa6018de9e97b4c93bd955117962f99b2j.png",
              "sku": "3278130390_VNAMZ",
              "skuId": "15842389828",
              "itemUrl": "/products/pdp-i3278130390.html",
              "querystring": ""
            },
            {
              "image": "https://filebroker-cdn.lazada.vn/kf/S0125e50ee2ba41cb9f65f76a1f5ee42bK.jpg",
              "sku": "3278130390_VNAMZ",
              "skuId": "15842389807",
              "itemUrl": "/products/pdp-i3278130390.html",
              "querystring": ""
            },
            {
              "image": "https://ae01.alicdn.com/kf/Sc92ed4c64f3a4ac49797f8e73fca2833w.png",
              "sku": "3278130390_VNAMZ",
              "skuId": "15842389829",
              "itemUrl": "/products/pdp-i3278130390.html",
              "querystring": ""
            },
            {
              "image": "https://filebroker-cdn.lazada.vn/kf/Scc3ff11027e64675b5131284ca4a15b6n.jpg",
              "sku": "3278130390_VNAMZ",
              "skuId": "15842389804",
              "itemUrl": "/products/pdp-i3278130390.html",
              "querystring": ""
            },
            {
              "image": "https://ae01.alicdn.com/kf/Secb7751c90384d06a1bcc7d47c44a336H.png",
              "sku": "3278130390_VNAMZ",
              "skuId": "15842389826",
              "itemUrl": "/products/pdp-i3278130390.html",
              "querystring": ""
            },
            {
              "image": "https://filebroker-cdn.lazada.vn/kf/S7b2fe1f5483a4ab9b70136670257adbck.jpg",
              "sku": "3278130390_VNAMZ",
              "skuId": "15842389805",
              "itemUrl": "/products/pdp-i3278130390.html",
              "querystring": ""
            },
            {
              "image": "https://ae01.alicdn.com/kf/Sae3076a03e4a4f28a36a6d569dfd8613l.png",
              "sku": "3278130390_VNAMZ",
              "skuId": "15842389827",
              "itemUrl": "/products/pdp-i3278130390.html",
              "querystring": ""
            },
            {
              "image": "https://filebroker-cdn.lazada.vn/kf/Sce59f7ebefc34510aca30b3029658404i.png",
              "sku": "3278130390_VNAMZ",
              "skuId": "15842389802",
              "itemUrl": "/products/pdp-i3278130390.html",
              "querystring": ""
            },
            {
              "image": "https://ae01.alicdn.com/kf/Sb49f7f66783d46b1a055211935f22509q.png",
              "sku": "3278130390_VNAMZ",
              "skuId": "15842389824",
              "itemUrl": "/products/pdp-i3278130390.html",
              "querystring": ""
            },
            {
              "image": "https://filebroker-cdn.lazada.vn/kf/Scc3ff11027e64675b5131284ca4a15b6n.jpg",
              "sku": "3278130390_VNAMZ",
              "skuId": "15842389803",
              "itemUrl": "/products/pdp-i3278130390.html",
              "querystring": ""
            },
            {
              "image": "https://ae01.alicdn.com/kf/S734d04f8ac084a0393f9b73cbfe41c06J.png",
              "sku": "3278130390_VNAMZ",
              "skuId": "15842389825",
              "itemUrl": "/products/pdp-i3278130390.html",
              "querystring": ""
            },
            {
              "image": "https://ae01.alicdn.com/kf/S0d3a1c574efe4c00a9b8e4f66944c986m.jpeg",
              "sku": "3278130390_VNAMZ",
              "skuId": "15842389800",
              "itemUrl": "/products/pdp-i3278130390.html",
              "querystring": ""
            },
            {
              "image": "https://ae01.alicdn.com/kf/S76ae9e8043ee4e8a820e4b542883882bE.png",
              "sku": "3278130390_VNAMZ",
              "skuId": "15842389822",
              "itemUrl": "/products/pdp-i3278130390.html",
              "querystring": ""
            },
            {
              "image": "https://filebroker-cdn.lazada.vn/kf/Sce59f7ebefc34510aca30b3029658404i.png",
              "sku": "3278130390_VNAMZ",
              "skuId": "15842389801",
              "itemUrl": "/products/pdp-i3278130390.html",
              "querystring": ""
            },
            {
              "image": "https://ae01.alicdn.com/kf/S2e37ef8e18b34665a2a5017dececc0e1N.png",
              "sku": "3278130390_VNAMZ",
              "skuId": "15842389823",
              "itemUrl": "/products/pdp-i3278130390.html",
              "querystring": ""
            },
            {
              "image": "https://ae01.alicdn.com/kf/S9771dd49f1c04d22a8e15c079cfb03d4d.png",
              "sku": "3278130390_VNAMZ",
              "skuId": "15842389820",
              "itemUrl": "/products/pdp-i3278130390.html",
              "querystring": ""
            },
            {
              "image": "https://ae01.alicdn.com/kf/S962325d510a14c4cac407d707c2420721.png",
              "sku": "3278130390_VNAMZ",
              "skuId": "15842389821",
              "itemUrl": "/products/pdp-i3278130390.html",
              "querystring": ""
            },
            {
              "image": "https://ae01.alicdn.com/kf/S501787bc6cde4be38d95d0b27174a5e18.png",
              "sku": "3278130390_VNAMZ",
              "skuId": "15842389819",
              "itemUrl": "/products/pdp-i3278130390.html",
              "querystring": ""
            },
            {
              "image": "https://ae01.alicdn.com/kf/Se2cd0c4e99e34cddbb7c1d791b55c1aef.png",
              "sku": "3278130390_VNAMZ",
              "skuId": "15842389817",
              "itemUrl": "/products/pdp-i3278130390.html",
              "querystring": ""
            },
            {
              "image": "https://ae01.alicdn.com/kf/S6297e80e68ad49f697f42c2b26a7f9589.png",
              "sku": "3278130390_VNAMZ",
              "skuId": "15842389818",
              "itemUrl": "/products/pdp-i3278130390.html",
              "querystring": ""
            },
            {
              "image": "https://ae01.alicdn.com/kf/Sc80efa1133b1494b9d70b99ec20e2b5dT.png",
              "sku": "3278130390_VNAMZ",
              "skuId": "15842389815",
              "itemUrl": "/products/pdp-i3278130390.html",
              "querystring": ""
            },
            {
              "image": "https://ae01.alicdn.com/kf/S8bc70197c8d24eea84a9b941f4a8a899K.png",
              "sku": "3278130390_VNAMZ",
              "skuId": "15842389816",
              "itemUrl": "/products/pdp-i3278130390.html",
              "querystring": ""
            },
            {
              "image": "https://ae01.alicdn.com/kf/Sb4d03d7f82954ad9b993ee35428258f0F.jpeg",
              "sku": "3278130390_VNAMZ",
              "skuId": "15842389813",
              "itemUrl": "/products/pdp-i3278130390.html",
              "querystring": ""
            },
            {
              "image": "https://filebroker-cdn.lazada.vn/kf/Sef760a90375a496480e931be68e3337bH.png",
              "sku": "3278130390_VNAMZ",
              "skuId": "15842389835",
              "itemUrl": "/products/pdp-i3278130390.html",
              "querystring": ""
            },
            {
              "image": "https://ae01.alicdn.com/kf/S7d965a31fa524674a210b2aba7b05631w.jpeg",
              "sku": "3278130390_VNAMZ",
              "skuId": "15842389814",
              "itemUrl": "/products/pdp-i3278130390.html",
              "querystring": ""
            },
            {
              "image": "https://filebroker-cdn.lazada.vn/kf/Sef760a90375a496480e931be68e3337bH.png",
              "sku": "3278130390_VNAMZ",
              "skuId": "15842389836",
              "itemUrl": "/products/pdp-i3278130390.html",
              "querystring": ""
            },
            {
              "image": "https://ae01.alicdn.com/kf/Se7a1fe25483e44e4a38b3be33e3dc879I.jpeg",
              "sku": "3278130390_VNAMZ",
              "skuId": "15842389811",
              "itemUrl": "/products/pdp-i3278130390.html",
              "querystring": ""
            },
            {
              "image": "https://filebroker-cdn.lazada.vn/kf/Sb726ea0de67d43f696f772b639241e4b6.png",
              "sku": "3278130390_VNAMZ",
              "skuId": "15842389833",
              "itemUrl": "/products/pdp-i3278130390.html",
              "querystring": ""
            },
            {
              "image": "https://ae01.alicdn.com/kf/Sb9334b92817b4e6e819b75e1454e8736r.jpeg",
              "sku": "3278130390_VNAMZ",
              "skuId": "15842389812",
              "itemUrl": "/products/pdp-i3278130390.html",
              "querystring": ""
            },
            {
              "image": "https://filebroker-cdn.lazada.vn/kf/Sb726ea0de67d43f696f772b639241e4b6.png",
              "sku": "3278130390_VNAMZ",
              "skuId": "15842389834",
              "itemUrl": "/products/pdp-i3278130390.html",
              "querystring": ""
            },
            {
              "image": "https://ae01.alicdn.com/kf/S50ce2a81ff454721b2651cc89d6654f07.jpeg",
              "sku": "3278130390_VNAMZ",
              "skuId": "15842389798",
              "itemUrl": "/products/pdp-i3278130390.html",
              "querystring": ""
            },
            {
              "image": "https://ae01.alicdn.com/kf/Sf2810ee049484cb3b639548a6fb73a037.png",
              "sku": "3278130390_VNAMZ",
              "skuId": "15842389831",
              "itemUrl": "/products/pdp-i3278130390.html",
              "querystring": ""
            },
            {
              "image": "https://ae01.alicdn.com/kf/Scbc75dfa04564e18a5e1cbb86085c1e3N.jpeg",
              "sku": "3278130390_VNAMZ",
              "skuId": "15842389799",
              "itemUrl": "/products/pdp-i3278130390.html",
              "querystring": ""
            },
            {
              "image": "https://ae01.alicdn.com/kf/Sa9c71d98c9af443c8701100220d9ec78Z.jpeg",
              "sku": "3278130390_VNAMZ",
              "skuId": "15842389810",
              "itemUrl": "/products/pdp-i3278130390.html",
              "querystring": ""
            },
            {
              "image": "https://ae01.alicdn.com/kf/S8cd9752679fc45a6b29116012d8a020bS.png",
              "sku": "3278130390_VNAMZ",
              "skuId": "15842389832",
              "itemUrl": "/products/pdp-i3278130390.html",
              "querystring": ""
            },
            {
              "image": "https://ae01.alicdn.com/kf/S9939811628ba4b87925f7cf3a8f58872Z.jpeg",
              "sku": "3278130390_VNAMZ",
              "skuId": "15842389797",
              "itemUrl": "/products/pdp-i3278130390.html",
              "querystring": ""
            },
            {
              "image": "https://ae01.alicdn.com/kf/Sdbcc19ef038042b4beabf6a49a7413cbh.png",
              "sku": "3278130390_VNAMZ",
              "skuId": "15842389830",
              "itemUrl": "/products/pdp-i3278130390.html",
              "querystring": ""
            }
          ],
          "sellerName": "AULA kezhihua Specialty Store",
          "sellerId": "201040144029",
          "brandName": "AULA",
          "brandId": "3613",
          "cheapest_sku": "3278130390_VNAMZ-15842389797",
          "skuId": "15842389797",
          "sku": "3278130390_VNAMZ",
          "categories": [
            42062201,
            4455,
            2160,
            2161
          ],
          "price": "1156000",
          "restrictedAge": 0,
          "inStock": true,
          "originalPrice": "3835000",
          "clickTrace": "query:B%C3%A0n+ph%C3%ADm+c%C6%A1+aula+75;nid:3278130390;src:LazadaMainSrp;rn:d410eaa2a114d0bae901697abc58c5f0;region:vn;sku:3278130390_VNAMZ;price:1156000;client:desktop;supplier_id:201040144029;session_id:;biz_source:h5_internal;slot:13;utlog_bucket_id:470687;asc_category_id:2161;item_id:3278130390;sku_id:15842389797;shop_id:5050074;templateInfo:107883_E#-1_A3_C#",
          "itemSoldCntShow": "144 Đã bán",
          "longImageDisplayable": false,
          "skus": [
            {
              "id": "3278130390_VNAMZ-15842389797"
            }
          ],
          "promotionId": "",
          "isSponsored": false,
          "tItemType": "nt_product",
          "skuType": "2",
          "adFlag": "0",
          "directSimilarUrl": "https://native.m.lazada.com/dynamicxresult?item_img=https%3A%2F%2Fae01.alicdn.com%2Fkf%2FSffc8da2cfe774e5188a2ad6c4c52c628Y.jpeg&src=srp_findsimilar&item_id=3278130390&sku_id=15842389797&params=%7B%22sub_src%22%3A%22long_press%22%2C%22src%22%3A%22srp_findsimilar%22%7D&m=tpp_findSimilar&q=B%25C3%25A0n%2Bph%25C3%25ADm%2Bc%25C6%25A1%2Baula%2B75&similarType=findSimilarV1&price=1156000.00&spuTriggerItem=0",
          "gridTitleLine": "2",
          "isFission": "0",
          "isBadgeAutoScroll": false,
          "showCart": false,
          "showBackIcon": false,
          "showUnitPrice": false,
          "itemUrl": "//www.lazada.vn/products/pdp-i3278130390.html",
          "querystring": "fs_ab=2&priceCompare=skuId%3A15842389797%3Bsource%3Alazada-search-voucher%3Bsn%3Ad410eaa2a114d0bae901697abc58c5f0%3BoriginPrice%3A1156000%3BdisplayPrice%3A1156000%3BisGray%3Afalse%3BsinglePromotionId%3A460000000000000%3BsingleToolCode%3ApromPrice%3BvoucherPricePlugin%3A0%3Btimestamp%3A1781074857787&c=&ratingscore=4.853658536585366&freeshipping=1&source=search&channelLpJumpArgs=&fuse_fs=&search=1&sale=144&price=1.156E%206&review=40&location=China&stock=1&lang=vi&request_id=d410eaa2a114d0bae901697abc58c5f0&clickTrackInfo=query%253AB%2525C3%2525A0n%252Bph%2525C3%2525ADm%252Bc%2525C6%2525A1%252Baula%252B75%253Bnid%253A3278130390%253Bsrc%253ALazadaMainSrp%253Brn%253Ad410eaa2a114d0bae901697abc58c5f0%253Bregion%253Avn%253Bsku%253A3278130390_VNAMZ%253Bprice%253A1156000%253Bclient%253Adesktop%253Bsupplier_id%253A201040144029%253Bsession_id%253A%253Bbiz_source%253Ah5_internal%253Bslot%253A13%253Butlog_bucket_id%253A470687%253Basc_category_id%253A2161%253Bitem_id%253A3278130390%253Bsku_id%253A15842389797%253Bshop_id%253A5050074%253BtemplateInfo%253A107883_E%2523-1_A3_C%2523"
        },
        {
          "name": "AULA | Bàn Phím Cơ Không Dây Bluetooth RGB Đa Sắc Mầu Có Thể Tùy Chỉnh 75 Phím",
          "nid": "13362527375",
          "itemId": "13362527375",
          "icons": [
            {
              "domClass": "167087",
              "type": "img",
              "group": "6",
              "showType": "0",
              "bizType": "Freeshipping"
            },
            {
              "domClass": "120018",
              "text": "Voucher giảm  65%",
              "type": "text",
              "group": "2",
              "showType": "0",
              "bizType": "voucherApplied"
            },
            {
              "domClass": "226328",
              "type": "img",
              "group": "3",
              "showType": "0",
              "bizType": "campaign"
            },
            {
              "domClass": "76432",
              "type": "img",
              "group": "3",
              "showType": "0",
              "bizType": "lazMall"
            }
          ],
          "image": "https://filebroker-cdn.lazada.vn/kf/Sb898593b36784c489fb6c8bf2ac60bd5L.jpg",
          "isSmartImage": false,
          "utLogMap": {
            "srp_name": "LazadaMainSrp",
            "x_object_type": "item",
            "src": "organic",
            "trafficType": "organic",
            "lower_k": "b%C3%A0n+ph%C3%ADm+c%C6%A1+aula+75",
            "x_sku_ids": "116886611254",
            "x_item_ids": "13362527375",
            "iconList": "167087;120018;226328;76432",
            "SN": "d410eaa2a114d0bae901697abc58c5f0",
            "current_price": "1016000",
            "x_object_id": "13362527375",
            "ai_item": "0"
          },
          "originalPriceShow": "",
          "priceShow": "1.016.000 ₫",
          "discount": "65% Off",
          "ratingScore": "4.529411764705882",
          "review": "17",
          "location": "China",
          "description": [],
          "thumbs": [
            {
              "image": "https://filebroker-cdn.lazada.vn/kf/S19e8dabd0a574dc3b60c1ae9a8668bcc9.jpg",
              "sku": "13362527375_VNAMZ",
              "skuId": "116886611257",
              "itemUrl": "/products/pdp-i13362527375.html",
              "querystring": ""
            },
            {
              "image": "https://filebroker-cdn.lazada.vn/kf/Sb0dcbf194d2e4c29b9cbf3f6d91f99a6B.jpg",
              "sku": "13362527375_VNAMZ",
              "skuId": "116886611258",
              "itemUrl": "/products/pdp-i13362527375.html",
              "querystring": ""
            },
            {
              "image": "https://filebroker-cdn.lazada.vn/kf/S60947e542665466ab28ec655cd796286P.jpg",
              "sku": "13362527375_VNAMZ",
              "skuId": "116886611255",
              "itemUrl": "/products/pdp-i13362527375.html",
              "querystring": ""
            },
            {
              "image": "https://filebroker-cdn.lazada.vn/kf/Se401dceb4d7d4a05a53519b5e94e24afL.jpg",
              "sku": "13362527375_VNAMZ",
              "skuId": "116886611256",
              "itemUrl": "/products/pdp-i13362527375.html",
              "querystring": ""
            },
            {
              "image": "https://ae-pic-a1.aliexpress-media.com/kf/Se5ad11255b774a26a9658b40ba1d083cl.png",
              "sku": "13362527375_VNAMZ",
              "skuId": "116886611254",
              "itemUrl": "/products/pdp-i13362527375.html",
              "querystring": ""
            },
            {
              "image": "https://filebroker-cdn.lazada.vn/kf/S950729f25f754c31befc68c474efd7210.jpg",
              "sku": "13362527375_VNAMZ",
              "skuId": "116886611260",
              "itemUrl": "/products/pdp-i13362527375.html",
              "querystring": ""
            },
            {
              "image": "https://filebroker-cdn.lazada.vn/kf/Sbf618973e3774e12a1a50ca99a2afbcaN.jpg",
              "sku": "13362527375_VNAMZ",
              "skuId": "116886611261",
              "itemUrl": "/products/pdp-i13362527375.html",
              "querystring": ""
            },
            {
              "image": "https://filebroker-cdn.lazada.vn/kf/S2aeb217cae4c407a8f14212f716237c98.jpg",
              "sku": "13362527375_VNAMZ",
              "skuId": "116886611259",
              "itemUrl": "/products/pdp-i13362527375.html",
              "querystring": ""
            }
          ],
          "sellerName": "AULA-DG",
          "sellerId": "201080592391",
          "brandName": "AULA",
          "brandId": "3613",
          "cheapest_sku": "13362527375_VNAMZ-116886611254",
          "skuId": "116886611254",
          "sku": "13362527375_VNAMZ",
          "categories": [
            42062201,
            4455,
            2160,
            2161
          ],
          "price": "1016000",
          "restrictedAge": 0,
          "inStock": true,
          "originalPrice": "2896000",
          "clickTrace": "query:B%C3%A0n+ph%C3%ADm+c%C6%A1+aula+75;nid:13362527375;src:LazadaMainSrp;rn:d410eaa2a114d0bae901697abc58c5f0;region:vn;sku:13362527375_VNAMZ;price:1016000;client:desktop;supplier_id:201080592391;session_id:;biz_source:h5_internal;slot:14;utlog_bucket_id:470687;asc_category_id:2161;item_id:13362527375;sku_id:116886611254;shop_id:5069243;templateInfo:107883_E#-1_A3_C#",
          "itemSoldCntShow": "70 Đã bán",
          "longImageDisplayable": false,
          "skus": [
            {
              "id": "13362527375_VNAMZ-116886611254"
            }
          ],
          "promotionId": "",
          "isSponsored": false,
          "tItemType": "nt_product",
          "skuType": "2",
          "adFlag": "0",
          "directSimilarUrl": "https://native.m.lazada.com/dynamicxresult?item_img=https%3A%2F%2Ffilebroker-cdn.lazada.vn%2Fkf%2FSb898593b36784c489fb6c8bf2ac60bd5L.jpg&src=srp_findsimilar&item_id=13362527375&sku_id=116886611254&params=%7B%22sub_src%22%3A%22long_press%22%2C%22src%22%3A%22srp_findsimilar%22%7D&m=tpp_findSimilar&q=B%25C3%25A0n%2Bph%25C3%25ADm%2Bc%25C6%25A1%2Baula%2B75&similarType=findSimilarV1&price=1016000.00&spuTriggerItem=0",
          "gridTitleLine": "2",
          "isFission": "0",
          "isBadgeAutoScroll": false,
          "showCart": false,
          "showBackIcon": false,
          "showUnitPrice": false,
          "itemUrl": "//www.lazada.vn/products/pdp-i13362527375.html",
          "querystring": "fs_ab=2&priceCompare=skuId%3A116886611254%3Bsource%3Alazada-search-voucher%3Bsn%3Ad410eaa2a114d0bae901697abc58c5f0%3BoriginPrice%3A1016000%3BdisplayPrice%3A1016000%3BisGray%3Afalse%3BsinglePromotionId%3A460000000000000%3BsingleToolCode%3ApromPrice%3BvoucherPricePlugin%3A0%3Btimestamp%3A1781074857787&c=&ratingscore=4.529411764705882&freeshipping=1&source=search&channelLpJumpArgs=&fuse_fs=&search=1&sale=70&price=1.016E%206&review=17&location=China&stock=1&lang=vi&request_id=d410eaa2a114d0bae901697abc58c5f0&clickTrackInfo=query%253AB%2525C3%2525A0n%252Bph%2525C3%2525ADm%252Bc%2525C6%2525A1%252Baula%252B75%253Bnid%253A13362527375%253Bsrc%253ALazadaMainSrp%253Brn%253Ad410eaa2a114d0bae901697abc58c5f0%253Bregion%253Avn%253Bsku%253A13362527375_VNAMZ%253Bprice%253A1016000%253Bclient%253Adesktop%253Bsupplier_id%253A201080592391%253Bsession_id%253A%253Bbiz_source%253Ah5_internal%253Bslot%253A14%253Butlog_bucket_id%253A470687%253Basc_category_id%253A2161%253Bitem_id%253A13362527375%253Bsku_id%253A116886611254%253Bshop_id%253A5069243%253BtemplateInfo%253A107883_E%2523-1_A3_C%2523"
        },
        {
          "name": "AULA | Bàn Phím Cơ Chơi Game Bluetooth Ba Chế Độ 75 Phím",
          "nid": "13379614759",
          "itemId": "13379614759",
          "icons": [
            {
              "domClass": "167087",
              "type": "img",
              "group": "6",
              "showType": "0",
              "bizType": "Freeshipping"
            },
            {
              "domClass": "120018",
              "text": "Voucher giảm  49%",
              "type": "text",
              "group": "2",
              "showType": "0",
              "bizType": "voucherApplied"
            },
            {
              "domClass": "225748",
              "type": "img",
              "group": "3",
              "showType": "0",
              "bizType": "campaign"
            },
            {
              "domClass": "76432",
              "type": "img",
              "group": "3",
              "showType": "0",
              "bizType": "lazMall"
            }
          ],
          "image": "https://filebroker-cdn.lazada.vn/kf/S2ab86188f42f41949f9204a6da1a812c7.jpg",
          "isSmartImage": false,
          "utLogMap": {
            "srp_name": "LazadaMainSrp",
            "x_object_type": "item",
            "src": "organic",
            "trafficType": "organic",
            "lower_k": "b%C3%A0n+ph%C3%ADm+c%C6%A1+aula+75",
            "x_sku_ids": "116953269641",
            "x_item_ids": "13379614759",
            "iconList": "167087;120018;225748;76432",
            "SN": "d410eaa2a114d0bae901697abc58c5f0",
            "current_price": "1040000",
            "x_object_id": "13379614759",
            "ai_item": "0"
          },
          "originalPriceShow": "",
          "priceShow": "1.040.000 ₫",
          "discount": "49% Off",
          "ratingScore": "4.913043478260869",
          "review": "23",
          "location": "Hong Kong",
          "description": [],
          "thumbs": [
            {
              "image": "https://ae-pic-a1.aliexpress-media.com/kf/Sf3465c60c4d54a0690b493a8e3134f7aL.png",
              "sku": "13379614759_VNAMZ",
              "skuId": "116953269645",
              "itemUrl": "/products/pdp-i13379614759.html",
              "querystring": ""
            },
            {
              "image": "https://ae-pic-a1.aliexpress-media.com/kf/S98842e8ace4e44fe83cb118e7a2272eaJ.png",
              "sku": "13379614759_VNAMZ",
              "skuId": "116953269644",
              "itemUrl": "/products/pdp-i13379614759.html",
              "querystring": ""
            },
            {
              "image": "https://ae-pic-a1.aliexpress-media.com/kf/S60dc730efb7248d59b76c690e8a76e272.png",
              "sku": "13379614759_VNAMZ",
              "skuId": "116953269643",
              "itemUrl": "/products/pdp-i13379614759.html",
              "querystring": ""
            },
            {
              "image": "https://ae-pic-a1.aliexpress-media.com/kf/Sda2bd2211981488eb14e64300d239c1cX.png",
              "sku": "13379614759_VNAMZ",
              "skuId": "116953269642",
              "itemUrl": "/products/pdp-i13379614759.html",
              "querystring": ""
            },
            {
              "image": "https://filebroker-cdn.lazada.vn/kf/S7062a0f2bf4747d0a2b9a3b26c177ea04.jpg",
              "sku": "13379614759_VNAMZ",
              "skuId": "116953269649",
              "itemUrl": "/products/pdp-i13379614759.html",
              "querystring": ""
            },
            {
              "image": "https://filebroker-cdn.lazada.vn/kf/Se658a913c3f044d896fde3854d927d78c.jpg",
              "sku": "13379614759_VNAMZ",
              "skuId": "116953269648",
              "itemUrl": "/products/pdp-i13379614759.html",
              "querystring": ""
            },
            {
              "image": "https://filebroker-cdn.lazada.vn/kf/S72693fe714354ccebfaa3ac92052fdfbr.jpg",
              "sku": "13379614759_VNAMZ",
              "skuId": "116953269647",
              "itemUrl": "/products/pdp-i13379614759.html",
              "querystring": ""
            },
            {
              "image": "https://filebroker-cdn.lazada.vn/kf/S7a5a433a25cf4893b115001a9575284fe.jpg",
              "sku": "13379614759_VNAMZ",
              "skuId": "116953269646",
              "itemUrl": "/products/pdp-i13379614759.html",
              "querystring": ""
            },
            {
              "image": "https://filebroker-cdn.lazada.vn/kf/Sa32e6817459d4c3781f4e7a90424e909X.jpg",
              "sku": "13379614759_VNAMZ",
              "skuId": "117093274724",
              "itemUrl": "/products/pdp-i13379614759.html",
              "querystring": ""
            },
            {
              "image": "https://filebroker-cdn.lazada.vn/kf/S3209430664d340519e3b59869b771ffaB.png",
              "sku": "13379614759_VNAMZ",
              "skuId": "117093274723",
              "itemUrl": "/products/pdp-i13379614759.html",
              "querystring": ""
            },
            {
              "image": "https://filebroker-cdn.lazada.vn/kf/Sc938a428e99d4902b48f705893d21a50A.png",
              "sku": "13379614759_VNAMZ",
              "skuId": "117093274726",
              "itemUrl": "/products/pdp-i13379614759.html",
              "querystring": ""
            },
            {
              "image": "https://filebroker-cdn.lazada.vn/kf/S0f67cff29b6045f1b28fb99f324546efB.png",
              "sku": "13379614759_VNAMZ",
              "skuId": "117093274725",
              "itemUrl": "/products/pdp-i13379614759.html",
              "querystring": ""
            },
            {
              "image": "https://filebroker-cdn.lazada.vn/kf/S495172bab2b14ef3b0fc2fcfd625fc7fl.png",
              "sku": "13379614759_VNAMZ",
              "skuId": "117093274722",
              "itemUrl": "/products/pdp-i13379614759.html",
              "querystring": ""
            },
            {
              "image": "https://filebroker-cdn.lazada.vn/kf/S28fd041b6f5a4b08aa42ff18c759eaf9R.jpg",
              "sku": "13379614759_VNAMZ",
              "skuId": "117093274721",
              "itemUrl": "/products/pdp-i13379614759.html",
              "querystring": ""
            },
            {
              "image": "https://filebroker-cdn.lazada.vn/kf/S39deab9ba08d4952a4f1c9bc0dd095c1o.png",
              "sku": "13379614759_VNAMZ",
              "skuId": "117093274728",
              "itemUrl": "/products/pdp-i13379614759.html",
              "querystring": ""
            },
            {
              "image": "https://filebroker-cdn.lazada.vn/kf/Sc541990ad27d4b31b6737c6fff3b054f9.png",
              "sku": "13379614759_VNAMZ",
              "skuId": "117093274727",
              "itemUrl": "/products/pdp-i13379614759.html",
              "querystring": ""
            },
            {
              "image": "https://filebroker-cdn.lazada.vn/kf/S168e89f17442486eb8915dbe3e4d8f0dS.jpg",
              "sku": "13379614759_VNAMZ",
              "skuId": "117093274729",
              "itemUrl": "/products/pdp-i13379614759.html",
              "querystring": ""
            },
            {
              "image": "https://ae-pic-a1.aliexpress-media.com/kf/Se46d39df592b428bb28719e633cf403eN.png",
              "sku": "13379614759_VNAMZ",
              "skuId": "116953269641",
              "itemUrl": "/products/pdp-i13379614759.html",
              "querystring": ""
            },
            {
              "image": "https://ae-pic-a1.aliexpress-media.com/kf/S9be1849ec46c4df2abdddd50bbef9df7Q.png",
              "sku": "13379614759_VNAMZ",
              "skuId": "116953269640",
              "itemUrl": "/products/pdp-i13379614759.html",
              "querystring": ""
            },
            {
              "image": "https://filebroker-cdn.lazada.vn/kf/S7e0c47ca892d4ad39cc00a61a4a70d642.png",
              "sku": "13379614759_VNAMZ",
              "skuId": "116953269651",
              "itemUrl": "/products/pdp-i13379614759.html",
              "querystring": ""
            },
            {
              "image": "https://filebroker-cdn.lazada.vn/kf/S5a68c55346c44e868bd7aacf0041dd3eG.jpg",
              "sku": "13379614759_VNAMZ",
              "skuId": "116953269650",
              "itemUrl": "/products/pdp-i13379614759.html",
              "querystring": ""
            }
          ],
          "sellerName": "Brand Super Deal",
          "sellerId": "200194944463",
          "brandName": "AULA",
          "brandId": "3613",
          "cheapest_sku": "13379614759_VNAMZ-116953269641",
          "skuId": "116953269641",
          "sku": "13379614759_VNAMZ",
          "categories": [
            42062201,
            4455,
            2160,
            2161
          ],
          "price": "1040000",
          "restrictedAge": 0,
          "inStock": true,
          "originalPrice": "2047000",
          "clickTrace": "query:B%C3%A0n+ph%C3%ADm+c%C6%A1+aula+75;nid:13379614759;src:LazadaMainSrp;rn:d410eaa2a114d0bae901697abc58c5f0;region:vn;sku:13379614759_VNAMZ;price:1040000;client:desktop;supplier_id:200194944463;session_id:;biz_source:h5_internal;slot:15;utlog_bucket_id:470687;asc_category_id:2161;item_id:13379614759;sku_id:116953269641;shop_id:2874615;templateInfo:107883_E#-1_A3_C#",
          "itemSoldCntShow": "6.1K Đã bán",
          "longImageDisplayable": false,
          "skus": [
            {
              "id": "13379614759_VNAMZ-116953269641"
            }
          ],
          "promotionId": "",
          "isSponsored": false,
          "tItemType": "nt_product",
          "skuType": "2",
          "adFlag": "0",
          "directSimilarUrl": "https://native.m.lazada.com/dynamicxresult?item_img=https%3A%2F%2Ffilebroker-cdn.lazada.vn%2Fkf%2FS2ab86188f42f41949f9204a6da1a812c7.jpg&src=srp_findsimilar&item_id=13379614759&sku_id=116953269641&params=%7B%22sub_src%22%3A%22long_press%22%2C%22src%22%3A%22srp_findsimilar%22%7D&m=tpp_findSimilar&q=B%25C3%25A0n%2Bph%25C3%25ADm%2Bc%25C6%25A1%2Baula%2B75&similarType=findSimilarV1&price=1040000.00&spuTriggerItem=0",
          "gridTitleLine": "2",
          "isFission": "0",
          "isBadgeAutoScroll": false,
          "showCart": false,
          "showBackIcon": false,
          "showUnitPrice": false,
          "itemUrl": "//www.lazada.vn/products/pdp-i13379614759.html",
          "querystring": "fs_ab=2&priceCompare=skuId%3A116953269641%3Bsource%3Alazada-search-voucher%3Bsn%3Ad410eaa2a114d0bae901697abc58c5f0%3BoriginPrice%3A1040000%3BdisplayPrice%3A1040000%3BisGray%3Afalse%3BsinglePromotionId%3A300000000000000%3BsingleToolCode%3ApromPrice%3BvoucherPricePlugin%3A0%3Btimestamp%3A1781074857787&c=&ratingscore=4.913043478260869&freeshipping=1&source=search&channelLpJumpArgs=&fuse_fs=&search=1&sale=6091&price=1.04E%206&review=23&location=Hong%20Kong&stock=1&lang=vi&request_id=d410eaa2a114d0bae901697abc58c5f0&clickTrackInfo=query%253AB%2525C3%2525A0n%252Bph%2525C3%2525ADm%252Bc%2525C6%2525A1%252Baula%252B75%253Bnid%253A13379614759%253Bsrc%253ALazadaMainSrp%253Brn%253Ad410eaa2a114d0bae901697abc58c5f0%253Bregion%253Avn%253Bsku%253A13379614759_VNAMZ%253Bprice%253A1040000%253Bclient%253Adesktop%253Bsupplier_id%253A200194944463%253Bsession_id%253A%253Bbiz_source%253Ah5_internal%253Bslot%253A15%253Butlog_bucket_id%253A470687%253Basc_category_id%253A2161%253Bitem_id%253A13379614759%253Bsku_id%253A116953269641%253Bshop_id%253A2874615%253BtemplateInfo%253A107883_E%2523-1_A3_C%2523"
        },
        {
          "name": "AULA | Bàn phím cơ AULA S75 Pro - Tri-mode, Hotswap, Keycap in hông, Thiết kế Công Thái Học, Chuyên game và văn phòng",
          "nid": "3248197927",
          "itemId": "3248197927",
          "icons": [
            {
              "domClass": "167087",
              "type": "img",
              "group": "6",
              "showType": "0",
              "bizType": "Freeshipping"
            },
            {
              "domClass": "120018",
              "text": "Voucher giảm  41%",
              "type": "text",
              "group": "2",
              "showType": "0",
              "bizType": "voucherApplied"
            },
            {
              "domClass": "226328",
              "type": "img",
              "group": "3",
              "showType": "0",
              "bizType": "campaign"
            },
            {
              "domClass": "76432",
              "type": "img",
              "group": "3",
              "showType": "0",
              "bizType": "lazMall"
            }
          ],
          "image": "https://filebroker-cdn.lazada.vn/kf/S881b4df5f14e46d9817fcd890ec1260am.jpg",
          "isSmartImage": false,
          "utLogMap": {
            "srp_name": "LazadaMainSrp",
            "x_object_type": "item",
            "src": "organic",
            "trafficType": "organic",
            "lower_k": "b%C3%A0n+ph%C3%ADm+c%C6%A1+aula+75",
            "x_sku_ids": "15658674932",
            "x_item_ids": "3248197927",
            "iconList": "167087;120018;226328;76432",
            "SN": "d410eaa2a114d0bae901697abc58c5f0",
            "current_price": "1438000",
            "x_object_id": "3248197927",
            "ai_item": "0"
          },
          "originalPriceShow": "",
          "priceShow": "1.438.000 ₫",
          "discount": "41% Off",
          "ratingScore": "4.952688172043011",
          "review": "466",
          "location": "China",
          "description": [],
          "thumbs": [
            {
              "image": "https://filebroker-cdn.lazada.vn/kf/Scdd48d4257194f86948079c2fafeef346.jpg",
              "sku": "3248197927_VNAMZ",
              "skuId": "15658674932",
              "itemUrl": "/products/pdp-i3248197927.html",
              "querystring": ""
            },
            {
              "image": "https://filebroker-cdn.lazada.vn/kf/Scdd48d4257194f86948079c2fafeef346.jpg",
              "sku": "3248197927_VNAMZ",
              "skuId": "15658674933",
              "itemUrl": "/products/pdp-i3248197927.html",
              "querystring": ""
            },
            {
              "image": "https://filebroker-cdn.lazada.vn/kf/Sd52ba76143ee4c5bae45c18c180b109e2.jpg",
              "sku": "3248197927_VNAMZ",
              "skuId": "15848509620",
              "itemUrl": "/products/pdp-i3248197927.html",
              "querystring": ""
            },
            {
              "image": "https://filebroker-cdn.lazada.vn/kf/Se3c189036a2542d7b70502d8f6b6ef9cB.jpg",
              "sku": "3248197927_VNAMZ",
              "skuId": "15848509621",
              "itemUrl": "/products/pdp-i3248197927.html",
              "querystring": ""
            },
            {
              "image": "https://filebroker-cdn.lazada.vn/kf/S5b6cfd0047e14b0b8745eefd255e77ecS.jpg",
              "sku": "3248197927_VNAMZ",
              "skuId": "15658674936",
              "itemUrl": "/products/pdp-i3248197927.html",
              "querystring": ""
            },
            {
              "image": "https://filebroker-cdn.lazada.vn/kf/S881b4df5f14e46d9817fcd890ec1260am.jpg",
              "sku": "3248197927_VNAMZ",
              "skuId": "15848509619",
              "itemUrl": "/products/pdp-i3248197927.html",
              "querystring": ""
            },
            {
              "image": "https://filebroker-cdn.lazada.vn/kf/S5b6cfd0047e14b0b8745eefd255e77ecS.jpg",
              "sku": "3248197927_VNAMZ",
              "skuId": "15658674937",
              "itemUrl": "/products/pdp-i3248197927.html",
              "querystring": ""
            },
            {
              "image": "https://filebroker-cdn.lazada.vn/kf/S484ccad035574f66bd2de14c5878eea2j.jpg",
              "sku": "3248197927_VNAMZ",
              "skuId": "15658674934",
              "itemUrl": "/products/pdp-i3248197927.html",
              "querystring": ""
            },
            {
              "image": "https://filebroker-cdn.lazada.vn/kf/S484ccad035574f66bd2de14c5878eea2j.jpg",
              "sku": "3248197927_VNAMZ",
              "skuId": "15658674935",
              "itemUrl": "/products/pdp-i3248197927.html",
              "querystring": ""
            },
            {
              "image": "https://filebroker-cdn.lazada.vn/kf/Sd52ba76143ee4c5bae45c18c180b109e2.jpg",
              "sku": "3248197927_VNAMZ",
              "skuId": "15848509616",
              "itemUrl": "/products/pdp-i3248197927.html",
              "querystring": ""
            },
            {
              "image": "https://filebroker-cdn.lazada.vn/kf/Se3c189036a2542d7b70502d8f6b6ef9cB.jpg",
              "sku": "3248197927_VNAMZ",
              "skuId": "15848509617",
              "itemUrl": "/products/pdp-i3248197927.html",
              "querystring": ""
            },
            {
              "image": "https://filebroker-cdn.lazada.vn/kf/S881b4df5f14e46d9817fcd890ec1260am.jpg",
              "sku": "3248197927_VNAMZ",
              "skuId": "15848509618",
              "itemUrl": "/products/pdp-i3248197927.html",
              "querystring": ""
            }
          ],
          "sellerName": "AULA-YunHan Specialty Store",
          "sellerId": "201071280486",
          "brandName": "AULA",
          "brandId": "3613",
          "cheapest_sku": "3248197927_VNAMZ-15658674932",
          "skuId": "15658674932",
          "sku": "3248197927_VNAMZ",
          "categories": [
            42062201,
            4455,
            2160,
            2161
          ],
          "price": "1438000",
          "restrictedAge": 0,
          "inStock": true,
          "originalPrice": "2425000",
          "clickTrace": "query:B%C3%A0n+ph%C3%ADm+c%C6%A1+aula+75;nid:3248197927;src:LazadaMainSrp;rn:d410eaa2a114d0bae901697abc58c5f0;region:vn;sku:3248197927_VNAMZ;price:1438000;client:desktop;supplier_id:201071280486;session_id:;biz_source:h5_internal;slot:16;utlog_bucket_id:470687;asc_category_id:2161;item_id:3248197927;sku_id:15658674932;shop_id:5061192;templateInfo:107883_E#-1_A3_C#",
          "itemSoldCntShow": "1.2K Đã bán",
          "longImageDisplayable": false,
          "skus": [
            {
              "id": "3248197927_VNAMZ-15658674932"
            }
          ],
          "promotionId": "",
          "isSponsored": false,
          "tItemType": "nt_product",
          "skuType": "2",
          "adFlag": "0",
          "directSimilarUrl": "https://native.m.lazada.com/dynamicxresult?item_img=https%3A%2F%2Ffilebroker-cdn.lazada.vn%2Fkf%2FS881b4df5f14e46d9817fcd890ec1260am.jpg&src=srp_findsimilar&item_id=3248197927&sku_id=15658674932&params=%7B%22sub_src%22%3A%22long_press%22%2C%22src%22%3A%22srp_findsimilar%22%7D&m=tpp_findSimilar&q=B%25C3%25A0n%2Bph%25C3%25ADm%2Bc%25C6%25A1%2Baula%2B75&similarType=findSimilarV1&price=1438000.00&spuTriggerItem=0",
          "gridTitleLine": "2",
          "isFission": "0",
          "isBadgeAutoScroll": false,
          "showCart": false,
          "showBackIcon": false,
          "showUnitPrice": false,
          "itemUrl": "//www.lazada.vn/products/pdp-i3248197927.html",
          "querystring": "fs_ab=2&priceCompare=skuId%3A15658674932%3Bsource%3Alazada-search-voucher%3Bsn%3Ad410eaa2a114d0bae901697abc58c5f0%3BoriginPrice%3A1438000%3BdisplayPrice%3A1438000%3BisGray%3Afalse%3BsinglePromotionId%3A460000000000000%3BsingleToolCode%3ApromPrice%3BvoucherPricePlugin%3A0%3Btimestamp%3A1781074857787&c=&ratingscore=4.952688172043011&freeshipping=1&source=search&channelLpJumpArgs=&fuse_fs=&search=1&sale=1159&price=1.438E%206&review=466&location=China&stock=1&lang=vi&request_id=d410eaa2a114d0bae901697abc58c5f0&clickTrackInfo=query%253AB%2525C3%2525A0n%252Bph%2525C3%2525ADm%252Bc%2525C6%2525A1%252Baula%252B75%253Bnid%253A3248197927%253Bsrc%253ALazadaMainSrp%253Brn%253Ad410eaa2a114d0bae901697abc58c5f0%253Bregion%253Avn%253Bsku%253A3248197927_VNAMZ%253Bprice%253A1438000%253Bclient%253Adesktop%253Bsupplier_id%253A201071280486%253Bsession_id%253A%253Bbiz_source%253Ah5_internal%253Bslot%253A16%253Butlog_bucket_id%253A470687%253Basc_category_id%253A2161%253Bitem_id%253A3248197927%253Bsku_id%253A15658674932%253Bshop_id%253A5061192%253BtemplateInfo%253A107883_E%2523-1_A3_C%2523"
        },
        {
          "name": "AULA | Bàn Phím Cơ Không Dây 3 Chế Độ F75, Gasket Mount, Hot-swap, Kèm Núm Xoay Đa Năng",
          "nid": "13359578417",
          "itemId": "13359578417",
          "icons": [
            {
              "domClass": "167087",
              "type": "img",
              "group": "6",
              "showType": "0",
              "bizType": "Freeshipping"
            },
            {
              "domClass": "120018",
              "text": "Voucher giảm  66%",
              "type": "text",
              "group": "2",
              "showType": "0",
              "bizType": "voucherApplied"
            },
            {
              "domClass": "226328",
              "type": "img",
              "group": "3",
              "showType": "0",
              "bizType": "campaign"
            },
            {
              "domClass": "76432",
              "type": "img",
              "group": "3",
              "showType": "0",
              "bizType": "lazMall"
            }
          ],
          "image": "https://ae-pic-a1.aliexpress-media.com/kf/Se156e6d769b340b1a4e3f242da14562cu.png",
          "isSmartImage": false,
          "utLogMap": {
            "srp_name": "LazadaMainSrp",
            "x_object_type": "item",
            "src": "organic",
            "trafficType": "organic",
            "lower_k": "b%C3%A0n+ph%C3%ADm+c%C6%A1+aula+75",
            "x_sku_ids": "116862816407",
            "x_item_ids": "13359578417",
            "iconList": "167087;120018;226328;76432",
            "SN": "d410eaa2a114d0bae901697abc58c5f0",
            "current_price": "1486000",
            "x_object_id": "13359578417",
            "ai_item": "0"
          },
          "originalPriceShow": "",
          "priceShow": "1.486.000 ₫",
          "discount": "66% Off",
          "ratingScore": "4.96",
          "review": "75",
          "location": "China",
          "description": [],
          "thumbs": [
            {
              "image": "https://filebroker-cdn.lazada.vn/kf/S9d1a1c39321d4b27933973d79ad5d984J.jpg",
              "sku": "13359578417_VNAMZ",
              "skuId": "116862816409",
              "itemUrl": "/products/pdp-i13359578417.html",
              "querystring": ""
            },
            {
              "image": "https://filebroker-cdn.lazada.vn/kf/S7f79451052d54b53a65864115274df2bm.jpg",
              "sku": "13359578417_VNAMZ",
              "skuId": "116862816408",
              "itemUrl": "/products/pdp-i13359578417.html",
              "querystring": ""
            },
            {
              "image": "https://filebroker-cdn.lazada.vn/kf/S7f79451052d54b53a65864115274df2bm.jpg",
              "sku": "13359578417_VNAMZ",
              "skuId": "116862816407",
              "itemUrl": "/products/pdp-i13359578417.html",
              "querystring": ""
            },
            {
              "image": "https://filebroker-cdn.lazada.vn/kf/Saa968f4084634f179c95e6ead874fa6cN.jpg",
              "sku": "13359578417_VNAMZ",
              "skuId": "116862816416",
              "itemUrl": "/products/pdp-i13359578417.html",
              "querystring": ""
            },
            {
              "image": "https://filebroker-cdn.lazada.vn/kf/S21e7d11b3172429c94a0574166f389dak.jpg",
              "sku": "13359578417_VNAMZ",
              "skuId": "116862816415",
              "itemUrl": "/products/pdp-i13359578417.html",
              "querystring": ""
            },
            {
              "image": "https://filebroker-cdn.lazada.vn/kf/S671ac7b9667d47d9a510a50a122b7d56L.jpg",
              "sku": "13359578417_VNAMZ",
              "skuId": "116862816414",
              "itemUrl": "/products/pdp-i13359578417.html",
              "querystring": ""
            },
            {
              "image": "https://filebroker-cdn.lazada.vn/kf/S6d5dc399491d488e904e512c76ce2411I.jpg",
              "sku": "13359578417_VNAMZ",
              "skuId": "116862816413",
              "itemUrl": "/products/pdp-i13359578417.html",
              "querystring": ""
            },
            {
              "image": "https://filebroker-cdn.lazada.vn/kf/S688637c65a154c1cad787f86eb201eb6L.jpg",
              "sku": "13359578417_VNAMZ",
              "skuId": "116862816412",
              "itemUrl": "/products/pdp-i13359578417.html",
              "querystring": ""
            },
            {
              "image": "https://filebroker-cdn.lazada.vn/kf/Sbe766262cf2f44e0b371eaaa89c88ef33.jpg",
              "sku": "13359578417_VNAMZ",
              "skuId": "116862816411",
              "itemUrl": "/products/pdp-i13359578417.html",
              "querystring": ""
            },
            {
              "image": "https://filebroker-cdn.lazada.vn/kf/Saec4b55676d241af9127f218aef83478L.jpg",
              "sku": "13359578417_VNAMZ",
              "skuId": "116862816410",
              "itemUrl": "/products/pdp-i13359578417.html",
              "querystring": ""
            }
          ],
          "sellerName": "AULA kezhihua Specialty Store",
          "sellerId": "201040144029",
          "brandName": "AULA",
          "brandId": "3613",
          "cheapest_sku": "13359578417_VNAMZ-116862816407",
          "skuId": "116862816407",
          "sku": "13359578417_VNAMZ",
          "categories": [
            42062201,
            4455,
            2160,
            2161
          ],
          "price": "1486000",
          "restrictedAge": 0,
          "inStock": true,
          "originalPrice": "4307000",
          "clickTrace": "query:B%C3%A0n+ph%C3%ADm+c%C6%A1+aula+75;nid:13359578417;src:LazadaMainSrp;rn:d410eaa2a114d0bae901697abc58c5f0;region:vn;sku:13359578417_VNAMZ;price:1486000;client:desktop;supplier_id:201040144029;session_id:;biz_source:h5_internal;slot:17;utlog_bucket_id:470687;asc_category_id:2161;item_id:13359578417;sku_id:116862816407;shop_id:5050074;templateInfo:107883_E#-1_A3_C#",
          "itemSoldCntShow": "269 Đã bán",
          "longImageDisplayable": false,
          "skus": [
            {
              "id": "13359578417_VNAMZ-116862816407"
            }
          ],
          "promotionId": "",
          "isSponsored": false,
          "tItemType": "nt_product",
          "skuType": "2",
          "adFlag": "0",
          "directSimilarUrl": "https://native.m.lazada.com/dynamicxresult?item_img=https%3A%2F%2Fae-pic-a1.aliexpress-media.com%2Fkf%2FSe156e6d769b340b1a4e3f242da14562cu.png&src=srp_findsimilar&item_id=13359578417&sku_id=116862816407&params=%7B%22sub_src%22%3A%22long_press%22%2C%22src%22%3A%22srp_findsimilar%22%7D&m=tpp_findSimilar&q=B%25C3%25A0n%2Bph%25C3%25ADm%2Bc%25C6%25A1%2Baula%2B75&similarType=findSimilarV1&price=1486000.00&spuTriggerItem=0",
          "gridTitleLine": "2",
          "isFission": "0",
          "isBadgeAutoScroll": false,
          "showCart": false,
          "showBackIcon": false,
          "showUnitPrice": false,
          "itemUrl": "//www.lazada.vn/products/pdp-i13359578417.html",
          "querystring": "fs_ab=2&priceCompare=skuId%3A116862816407%3Bsource%3Alazada-search-voucher%3Bsn%3Ad410eaa2a114d0bae901697abc58c5f0%3BoriginPrice%3A1486000%3BdisplayPrice%3A1486000%3BisGray%3Afalse%3BsinglePromotionId%3A460000000000000%3BsingleToolCode%3ApromPrice%3BvoucherPricePlugin%3A0%3Btimestamp%3A1781074857787&c=&ratingscore=4.96&freeshipping=1&source=search&channelLpJumpArgs=&fuse_fs=&search=1&sale=269&price=1.486E%206&review=75&location=China&stock=1&lang=vi&request_id=d410eaa2a114d0bae901697abc58c5f0&clickTrackInfo=query%253AB%2525C3%2525A0n%252Bph%2525C3%2525ADm%252Bc%2525C6%2525A1%252Baula%252B75%253Bnid%253A13359578417%253Bsrc%253ALazadaMainSrp%253Brn%253Ad410eaa2a114d0bae901697abc58c5f0%253Bregion%253Avn%253Bsku%253A13359578417_VNAMZ%253Bprice%253A1486000%253Bclient%253Adesktop%253Bsupplier_id%253A201040144029%253Bsession_id%253A%253Bbiz_source%253Ah5_internal%253Bslot%253A17%253Butlog_bucket_id%253A470687%253Basc_category_id%253A2161%253Bitem_id%253A13359578417%253Bsku_id%253A116862816407%253Bshop_id%253A5050074%253BtemplateInfo%253A107883_E%2523-1_A3_C%2523"
        },
        {
          "name": "AULA | Bàn Phím Cơ Chơi Game Tùy Chỉnh Không Dây 3 Chế Độ F75/S750pro， Màn Hình Đa Năng, Không Dây 3 Chế Độ, Gasket Mount, Hotswap",
          "nid": "3332604599",
          "itemId": "3332604599",
          "icons": [
            {
              "domClass": "120018",
              "text": "Voucher giảm  61%",
              "type": "text",
              "group": "2",
              "showType": "0",
              "bizType": "voucherApplied"
            },
            {
              "domClass": "225748",
              "type": "img",
              "group": "3",
              "showType": "0",
              "bizType": "campaign"
            }
          ],
          "image": "https://filebroker-cdn.lazada.vn/kf/S1b83cb05e26e4cba913e3d481e231a76G.png",
          "isSmartImage": false,
          "utLogMap": {
            "srp_name": "LazadaMainSrp",
            "x_object_type": "item",
            "src": "organic",
            "trafficType": "organic",
            "lower_k": "b%C3%A0n+ph%C3%ADm+c%C6%A1+aula+75",
            "x_sku_ids": "116145980235",
            "x_item_ids": "3332604599",
            "iconList": "120018;225748",
            "SN": "d410eaa2a114d0bae901697abc58c5f0",
            "current_price": "1186000",
            "x_object_id": "3332604599",
            "ai_item": "0"
          },
          "originalPriceShow": "",
          "priceShow": "1.186.000 ₫",
          "discount": "61% Off",
          "ratingScore": "4.826086956521739",
          "review": "24",
          "location": "Hong Kong",
          "description": [],
          "thumbs": [
            {
              "image": "https://filebroker-cdn.lazada.vn/kf/Sb31f964596ed4712b67dfae718d89aebx.png",
              "sku": "3332604599_VNAMZ",
              "skuId": "116145980244",
              "itemUrl": "/products/pdp-i3332604599.html",
              "querystring": ""
            },
            {
              "image": "https://filebroker-cdn.lazada.vn/kf/Sca7284b96a864c77b0e11287b2f2e6f8M.png",
              "sku": "3332604599_VNAMZ",
              "skuId": "116145980243",
              "itemUrl": "/products/pdp-i3332604599.html",
              "querystring": ""
            },
            {
              "image": "https://filebroker-cdn.lazada.vn/kf/S6379211074154e4894b2b147e2a3d2a8a.jpg",
              "sku": "3332604599_VNAMZ",
              "skuId": "116145980246",
              "itemUrl": "/products/pdp-i3332604599.html",
              "querystring": ""
            },
            {
              "image": "https://filebroker-cdn.lazada.vn/kf/S802017cce98d4a0490de5b1b1fffdfc7r.png",
              "sku": "3332604599_VNAMZ",
              "skuId": "116145980245",
              "itemUrl": "/products/pdp-i3332604599.html",
              "querystring": ""
            },
            {
              "image": "https://filebroker-cdn.lazada.vn/kf/Sda618d22d92640678e139b67fc358d75d.png",
              "sku": "3332604599_VNAMZ",
              "skuId": "116145980240",
              "itemUrl": "/products/pdp-i3332604599.html",
              "querystring": ""
            },
            {
              "image": "https://filebroker-cdn.lazada.vn/kf/S448a79e726f3482097c9bb3e5991e7dbI.png",
              "sku": "3332604599_VNAMZ",
              "skuId": "116145980242",
              "itemUrl": "/products/pdp-i3332604599.html",
              "querystring": ""
            },
            {
              "image": "https://filebroker-cdn.lazada.vn/kf/S12354a699ec9419dbbf420c2d0ca08ccQ.png",
              "sku": "3332604599_VNAMZ",
              "skuId": "116145980241",
              "itemUrl": "/products/pdp-i3332604599.html",
              "querystring": ""
            },
            {
              "image": "https://filebroker-cdn.lazada.vn/kf/S0ecf317714e44817b313101ef916a500Q.jpg",
              "sku": "3332604599_VNAMZ",
              "skuId": "116145980237",
              "itemUrl": "/products/pdp-i3332604599.html",
              "querystring": ""
            },
            {
              "image": "https://filebroker-cdn.lazada.vn/kf/Sfe0ec03e40464a8db7929adeccec59c0v.jpg",
              "sku": "3332604599_VNAMZ",
              "skuId": "116145980236",
              "itemUrl": "/products/pdp-i3332604599.html",
              "querystring": ""
            },
            {
              "image": "https://filebroker-cdn.lazada.vn/kf/S76f35a903ed748c4a3378f5a4ba1f172s.png",
              "sku": "3332604599_VNAMZ",
              "skuId": "116145980239",
              "itemUrl": "/products/pdp-i3332604599.html",
              "querystring": ""
            },
            {
              "image": "https://filebroker-cdn.lazada.vn/kf/S09144babf40242aba9b41cfd878e92d0P.jpg",
              "sku": "3332604599_VNAMZ",
              "skuId": "116145980238",
              "itemUrl": "/products/pdp-i3332604599.html",
              "querystring": ""
            },
            {
              "image": "https://filebroker-cdn.lazada.vn/kf/S20a611373ef94a05922af4873b5a9bfdA.jpg",
              "sku": "3332604599_VNAMZ",
              "skuId": "116145980233",
              "itemUrl": "/products/pdp-i3332604599.html",
              "querystring": ""
            },
            {
              "image": "https://filebroker-cdn.lazada.vn/kf/S7013cbd2d2a74db8a32e84c35de7df03W.png",
              "sku": "3332604599_VNAMZ",
              "skuId": "116145980232",
              "itemUrl": "/products/pdp-i3332604599.html",
              "querystring": ""
            },
            {
              "image": "https://filebroker-cdn.lazada.vn/kf/S9d4a36894f1248c3af64bb7f7a92ea12y.jpg",
              "sku": "3332604599_VNAMZ",
              "skuId": "116145980235",
              "itemUrl": "/products/pdp-i3332604599.html",
              "querystring": ""
            },
            {
              "image": "https://filebroker-cdn.lazada.vn/kf/S5aef4214d94a4d2e8c6bc045bbafbf05k.jpg",
              "sku": "3332604599_VNAMZ",
              "skuId": "116145980234",
              "itemUrl": "/products/pdp-i3332604599.html",
              "querystring": ""
            },
            {
              "image": "https://filebroker-cdn.lazada.vn/kf/S93288ca375104af09a996714a89cd63eb.jpg",
              "sku": "3332604599_VNAMZ",
              "skuId": "116145980251",
              "itemUrl": "/products/pdp-i3332604599.html",
              "querystring": ""
            },
            {
              "image": "https://filebroker-cdn.lazada.vn/kf/S6d07d8dac2264a2b982190924023d06d0.jpg",
              "sku": "3332604599_VNAMZ",
              "skuId": "116145980250",
              "itemUrl": "/products/pdp-i3332604599.html",
              "querystring": ""
            },
            {
              "image": "https://filebroker-cdn.lazada.vn/kf/S6e8548372ce645dda45d41f6c9294961u.png",
              "sku": "3332604599_VNAMZ",
              "skuId": "116145980231",
              "itemUrl": "/products/pdp-i3332604599.html",
              "querystring": ""
            },
            {
              "image": "https://filebroker-cdn.lazada.vn/kf/Sdc7b518eb9ee4dcf8cf784bcf2c7d8adE.png",
              "sku": "3332604599_VNAMZ",
              "skuId": "116145980230",
              "itemUrl": "/products/pdp-i3332604599.html",
              "querystring": ""
            },
            {
              "image": "https://filebroker-cdn.lazada.vn/kf/S24b3af8e9862435baca2fa99fc2d4271f.png",
              "sku": "3332604599_VNAMZ",
              "skuId": "116145980229",
              "itemUrl": "/products/pdp-i3332604599.html",
              "querystring": ""
            },
            {
              "image": "https://filebroker-cdn.lazada.vn/kf/S7ca8024d51084f259b5129401d2db6d2Y.png",
              "sku": "3332604599_VNAMZ",
              "skuId": "116145980226",
              "itemUrl": "/products/pdp-i3332604599.html",
              "querystring": ""
            },
            {
              "image": "https://filebroker-cdn.lazada.vn/kf/S24fe086a75c442ca9c7becaa325f4699k.jpg",
              "sku": "3332604599_VNAMZ",
              "skuId": "116145980248",
              "itemUrl": "/products/pdp-i3332604599.html",
              "querystring": ""
            },
            {
              "image": "https://filebroker-cdn.lazada.vn/kf/Saed4bbd3fb18452ba1201ce48bd46eeeP.jpg",
              "sku": "3332604599_VNAMZ",
              "skuId": "116145980247",
              "itemUrl": "/products/pdp-i3332604599.html",
              "querystring": ""
            },
            {
              "image": "https://filebroker-cdn.lazada.vn/kf/Sb9f58fa4f7414fdc8a41f7976778c98e4.png",
              "sku": "3332604599_VNAMZ",
              "skuId": "116145980228",
              "itemUrl": "/products/pdp-i3332604599.html",
              "querystring": ""
            },
            {
              "image": "https://filebroker-cdn.lazada.vn/kf/S1dc3312aee564bc1a97c8748a0181a67w.png",
              "sku": "3332604599_VNAMZ",
              "skuId": "116145980227",
              "itemUrl": "/products/pdp-i3332604599.html",
              "querystring": ""
            },
            {
              "image": "https://filebroker-cdn.lazada.vn/kf/Sa1e8773463fe44c685aa4e5395ff3cd5r.jpg",
              "sku": "3332604599_VNAMZ",
              "skuId": "116145980249",
              "itemUrl": "/products/pdp-i3332604599.html",
              "querystring": ""
            }
          ],
          "sellerName": "RealDeal Hub",
          "sellerId": "200194908744",
          "brandName": "AULA",
          "brandId": "3613",
          "cheapest_sku": "3332604599_VNAMZ-116145980235",
          "skuId": "116145980235",
          "sku": "3332604599_VNAMZ",
          "categories": [
            42062201,
            4455,
            2160,
            2161
          ],
          "price": "1186000",
          "restrictedAge": 0,
          "inStock": true,
          "originalPrice": "3048000",
          "clickTrace": "query:B%C3%A0n+ph%C3%ADm+c%C6%A1+aula+75;nid:3332604599;src:LazadaMainSrp;rn:d410eaa2a114d0bae901697abc58c5f0;region:vn;sku:3332604599_VNAMZ;price:1186000;client:desktop;supplier_id:200194908744;session_id:;biz_source:h5_internal;slot:18;utlog_bucket_id:470687;asc_category_id:2161;item_id:3332604599;sku_id:116145980235;shop_id:2874557;templateInfo:107883_E#-1_A3_C#",
          "itemSoldCntShow": "3.1K Đã bán",
          "longImageDisplayable": false,
          "skus": [
            {
              "id": "3332604599_VNAMZ-116145980235"
            }
          ],
          "promotionId": "",
          "isSponsored": false,
          "tItemType": "nt_product",
          "skuType": "2",
          "adFlag": "0",
          "directSimilarUrl": "https://native.m.lazada.com/dynamicxresult?item_img=https%3A%2F%2Ffilebroker-cdn.lazada.vn%2Fkf%2FS1b83cb05e26e4cba913e3d481e231a76G.png&src=srp_findsimilar&item_id=3332604599&sku_id=116145980235&params=%7B%22sub_src%22%3A%22long_press%22%2C%22src%22%3A%22srp_findsimilar%22%7D&m=tpp_findSimilar&q=B%25C3%25A0n%2Bph%25C3%25ADm%2Bc%25C6%25A1%2Baula%2B75&similarType=findSimilarV1&price=1186000.00&spuTriggerItem=0",
          "gridTitleLine": "2",
          "isFission": "0",
          "isBadgeAutoScroll": false,
          "showCart": false,
          "showBackIcon": false,
          "showUnitPrice": false,
          "itemUrl": "//www.lazada.vn/products/pdp-i3332604599.html",
          "querystring": "fs_ab=2&priceCompare=skuId%3A116145980235%3Bsource%3Alazada-search-voucher%3Bsn%3Ad410eaa2a114d0bae901697abc58c5f0%3BoriginPrice%3A1186000%3BdisplayPrice%3A1186000%3BisGray%3Afalse%3BsinglePromotionId%3A300000000000000%3BsingleToolCode%3ApromPrice%3BvoucherPricePlugin%3A0%3Btimestamp%3A1781074857787&c=&ratingscore=4.826086956521739&freeshipping=1&source=search&channelLpJumpArgs=&fuse_fs=&search=1&sale=3129&price=1.186E%206&review=24&location=Hong%20Kong&stock=1&lang=vi&request_id=d410eaa2a114d0bae901697abc58c5f0&clickTrackInfo=query%253AB%2525C3%2525A0n%252Bph%2525C3%2525ADm%252Bc%2525C6%2525A1%252Baula%252B75%253Bnid%253A3332604599%253Bsrc%253ALazadaMainSrp%253Brn%253Ad410eaa2a114d0bae901697abc58c5f0%253Bregion%253Avn%253Bsku%253A3332604599_VNAMZ%253Bprice%253A1186000%253Bclient%253Adesktop%253Bsupplier_id%253A200194908744%253Bsession_id%253A%253Bbiz_source%253Ah5_internal%253Bslot%253A18%253Butlog_bucket_id%253A470687%253Basc_category_id%253A2161%253Bitem_id%253A3332604599%253Bsku_id%253A116145980235%253Bshop_id%253A2874557%253BtemplateInfo%253A107883_E%2523-1_A3_C%2523"
        },
        {
          "name": "AULA | Bàn Phím Cơ Không Dây F75 Kết Nối 3 Chế Độ Gasket Mount Hotswap",
          "nid": "13360040034",
          "itemId": "13360040034",
          "icons": [
            {
              "domClass": "167087",
              "type": "img",
              "group": "6",
              "showType": "0",
              "bizType": "Freeshipping"
            },
            {
              "domClass": "120018",
              "text": "Voucher giảm  55%",
              "type": "text",
              "group": "2",
              "showType": "0",
              "bizType": "voucherApplied"
            },
            {
              "domClass": "226328",
              "type": "img",
              "group": "3",
              "showType": "0",
              "bizType": "campaign"
            },
            {
              "domClass": "76432",
              "type": "img",
              "group": "3",
              "showType": "0",
              "bizType": "lazMall"
            }
          ],
          "image": "https://filebroker-cdn.lazada.vn/kf/S3221192b8e784b9290444acb9257854dr.jpg",
          "isSmartImage": false,
          "utLogMap": {
            "srp_name": "LazadaMainSrp",
            "x_object_type": "item",
            "src": "organic",
            "trafficType": "organic",
            "lower_k": "b%C3%A0n+ph%C3%ADm+c%C6%A1+aula+75",
            "x_sku_ids": "116868778256",
            "x_item_ids": "13360040034",
            "iconList": "167087;120018;226328;76432",
            "SN": "d410eaa2a114d0bae901697abc58c5f0",
            "current_price": "1298000",
            "x_object_id": "13360040034",
            "ai_item": "0"
          },
          "originalPriceShow": "",
          "priceShow": "1.298.000 ₫",
          "discount": "55% Off",
          "ratingScore": "5.0",
          "review": "8",
          "location": "China",
          "description": [],
          "thumbs": [
            {
              "image": "https://filebroker-cdn.lazada.vn/kf/Sf32eea9299d04bd69cdaa66d74c3f55bZ.jpg",
              "sku": "13360040034_VNAMZ",
              "skuId": "116868778270",
              "itemUrl": "/products/pdp-i13360040034.html",
              "querystring": ""
            },
            {
              "image": "https://filebroker-cdn.lazada.vn/kf/S8bf24b99c791408fbffa271b699cd0cdf.jpg",
              "sku": "13360040034_VNAMZ",
              "skuId": "116868778276",
              "itemUrl": "/products/pdp-i13360040034.html",
              "querystring": ""
            },
            {
              "image": "https://filebroker-cdn.lazada.vn/kf/S334d6ffea76d4f02b1b14d44aa5bed0ce.jpg",
              "sku": "13360040034_VNAMZ",
              "skuId": "116868778275",
              "itemUrl": "/products/pdp-i13360040034.html",
              "querystring": ""
            },
            {
              "image": "https://ae01.alicdn.com/kf/S829e94551dbe4ddb96a5c66a760077f17.png",
              "sku": "13360040034_VNAMZ",
              "skuId": "116868778256",
              "itemUrl": "/products/pdp-i13360040034.html",
              "querystring": ""
            },
            {
              "image": "https://filebroker-cdn.lazada.vn/kf/S9920e415c68045df8fce977746e345bcj.jpg",
              "sku": "13360040034_VNAMZ",
              "skuId": "116868778278",
              "itemUrl": "/products/pdp-i13360040034.html",
              "querystring": ""
            },
            {
              "image": "https://filebroker-cdn.lazada.vn/kf/Sb317aa55065b4c3eb33e41c7a9f4111dU.jpg",
              "sku": "13360040034_VNAMZ",
              "skuId": "116868778277",
              "itemUrl": "/products/pdp-i13360040034.html",
              "querystring": ""
            },
            {
              "image": "https://filebroker-cdn.lazada.vn/kf/S17fbb9512e644cf891072d7412c7ec69T.jpg",
              "sku": "13360040034_VNAMZ",
              "skuId": "116868778272",
              "itemUrl": "/products/pdp-i13360040034.html",
              "querystring": ""
            },
            {
              "image": "https://filebroker-cdn.lazada.vn/kf/Sd47eb23f62534e5096cd90bee1b25b01h.jpg",
              "sku": "13360040034_VNAMZ",
              "skuId": "116868778271",
              "itemUrl": "/products/pdp-i13360040034.html",
              "querystring": ""
            },
            {
              "image": "https://filebroker-cdn.lazada.vn/kf/S10b37925cc5e4edd87ae07b84e73f89da.jpg",
              "sku": "13360040034_VNAMZ",
              "skuId": "116868778274",
              "itemUrl": "/products/pdp-i13360040034.html",
              "querystring": ""
            },
            {
              "image": "https://filebroker-cdn.lazada.vn/kf/S424b582c6997465fb658a5f65a9b2816C.jpg",
              "sku": "13360040034_VNAMZ",
              "skuId": "116868778273",
              "itemUrl": "/products/pdp-i13360040034.html",
              "querystring": ""
            },
            {
              "image": "https://filebroker-cdn.lazada.vn/kf/Se81ef3c856114978ac5799dc557aa2car.jpg",
              "sku": "13360040034_VNAMZ",
              "skuId": "116928707886",
              "itemUrl": "/products/pdp-i13360040034.html",
              "querystring": ""
            },
            {
              "image": "https://filebroker-cdn.lazada.vn/kf/Sa0f48bffc6da4532a38e7f0dc7d1701fp.jpg",
              "sku": "13360040034_VNAMZ",
              "skuId": "116928707885",
              "itemUrl": "/products/pdp-i13360040034.html",
              "querystring": ""
            },
            {
              "image": "https://filebroker-cdn.lazada.vn/kf/S2f6dd1acb3314043bae37670e39f2830d.jpg",
              "sku": "13360040034_VNAMZ",
              "skuId": "116928707888",
              "itemUrl": "/products/pdp-i13360040034.html",
              "querystring": ""
            },
            {
              "image": "https://filebroker-cdn.lazada.vn/kf/S91c195c1888f4a93a4f97af3ea92cb9cx.jpg",
              "sku": "13360040034_VNAMZ",
              "skuId": "116928707887",
              "itemUrl": "/products/pdp-i13360040034.html",
              "querystring": ""
            },
            {
              "image": "https://filebroker-cdn.lazada.vn/kf/S51856c76a67640199839628bad5db27an.jpg",
              "sku": "13360040034_VNAMZ",
              "skuId": "116868778269",
              "itemUrl": "/products/pdp-i13360040034.html",
              "querystring": ""
            },
            {
              "image": "https://filebroker-cdn.lazada.vn/kf/S51856c76a67640199839628bad5db27an.jpg",
              "sku": "13360040034_VNAMZ",
              "skuId": "116868778268",
              "itemUrl": "/products/pdp-i13360040034.html",
              "querystring": ""
            },
            {
              "image": "https://filebroker-cdn.lazada.vn/kf/Sa2308b354f89420f8ab8a968fedb85a2A.jpg",
              "sku": "13360040034_VNAMZ",
              "skuId": "116928707889",
              "itemUrl": "/products/pdp-i13360040034.html",
              "querystring": ""
            },
            {
              "image": "https://filebroker-cdn.lazada.vn/kf/S198d685f528941fda420ca5e442b82c9T.jpg",
              "sku": "13360040034_VNAMZ",
              "skuId": "116868778281",
              "itemUrl": "/products/pdp-i13360040034.html",
              "querystring": ""
            },
            {
              "image": "https://filebroker-cdn.lazada.vn/kf/S7f38c36f15c043d99251953f084220e2n.jpg",
              "sku": "13360040034_VNAMZ",
              "skuId": "116868778280",
              "itemUrl": "/products/pdp-i13360040034.html",
              "querystring": ""
            },
            {
              "image": "https://filebroker-cdn.lazada.vn/kf/Sab3cc15333b64b3581ac0eed386fdbd7x.jpg",
              "sku": "13360040034_VNAMZ",
              "skuId": "116868778265",
              "itemUrl": "/products/pdp-i13360040034.html",
              "querystring": ""
            },
            {
              "image": "https://filebroker-cdn.lazada.vn/kf/Sab3cc15333b64b3581ac0eed386fdbd7x.jpg",
              "sku": "13360040034_VNAMZ",
              "skuId": "116868778264",
              "itemUrl": "/products/pdp-i13360040034.html",
              "querystring": ""
            },
            {
              "image": "https://filebroker-cdn.lazada.vn/kf/Sc7df69183171474896b8ba9e928ed24bH.jpg",
              "sku": "13360040034_VNAMZ",
              "skuId": "116868778267",
              "itemUrl": "/products/pdp-i13360040034.html",
              "querystring": ""
            },
            {
              "image": "https://filebroker-cdn.lazada.vn/kf/Sc7df69183171474896b8ba9e928ed24bH.jpg",
              "sku": "13360040034_VNAMZ",
              "skuId": "116868778266",
              "itemUrl": "/products/pdp-i13360040034.html",
              "querystring": ""
            },
            {
              "image": "https://filebroker-cdn.lazada.vn/kf/S160f602ad5884b09b535fed7195e35b62.jpg",
              "sku": "13360040034_VNAMZ",
              "skuId": "116868778261",
              "itemUrl": "/products/pdp-i13360040034.html",
              "querystring": ""
            },
            {
              "image": "https://filebroker-cdn.lazada.vn/kf/Sa7b5d0b63a64480a9e4bd2ff81d55d02T.jpg",
              "sku": "13360040034_VNAMZ",
              "skuId": "116868778260",
              "itemUrl": "/products/pdp-i13360040034.html",
              "querystring": ""
            },
            {
              "image": "https://filebroker-cdn.lazada.vn/kf/S86ed40b380504abd95b1b6507e225dfek.jpg",
              "sku": "13360040034_VNAMZ",
              "skuId": "116868778282",
              "itemUrl": "/products/pdp-i13360040034.html",
              "querystring": ""
            },
            {
              "image": "https://filebroker-cdn.lazada.vn/kf/S757bc2a9a1604d3abffba18521fc4cd7y.jpg",
              "sku": "13360040034_VNAMZ",
              "skuId": "116868778263",
              "itemUrl": "/products/pdp-i13360040034.html",
              "querystring": ""
            },
            {
              "image": "https://filebroker-cdn.lazada.vn/kf/S4dfaaa7649e4401298e20d8c528d81f5W.jpg",
              "sku": "13360040034_VNAMZ",
              "skuId": "116868778262",
              "itemUrl": "/products/pdp-i13360040034.html",
              "querystring": ""
            },
            {
              "image": "https://filebroker-cdn.lazada.vn/kf/Sa86ef823b8ca4fb9a191e54b98f8a4a2E.jpg",
              "sku": "13360040034_VNAMZ",
              "skuId": "116868778258",
              "itemUrl": "/products/pdp-i13360040034.html",
              "querystring": ""
            },
            {
              "image": "https://filebroker-cdn.lazada.vn/kf/S5c9cab844cfc4f59b81d68ceb3fcfff3J.jpg",
              "sku": "13360040034_VNAMZ",
              "skuId": "116868778257",
              "itemUrl": "/products/pdp-i13360040034.html",
              "querystring": ""
            },
            {
              "image": "https://filebroker-cdn.lazada.vn/kf/S9593d7e63d394f89a5e4cbe00213335fU.jpg",
              "sku": "13360040034_VNAMZ",
              "skuId": "116868778279",
              "itemUrl": "/products/pdp-i13360040034.html",
              "querystring": ""
            },
            {
              "image": "https://filebroker-cdn.lazada.vn/kf/Se3f27b3bb98c4dbb9480933ade4e9c87g.jpg",
              "sku": "13360040034_VNAMZ",
              "skuId": "116868778259",
              "itemUrl": "/products/pdp-i13360040034.html",
              "querystring": ""
            }
          ],
          "sellerName": "AULA eSports",
          "sellerId": "201040064688",
          "brandName": "ESPORTS LIVNG MUSEUM",
          "brandId": "127572639",
          "cheapest_sku": "13360040034_VNAMZ-116868778256",
          "skuId": "116868778256",
          "sku": "13360040034_VNAMZ",
          "categories": [
            42062201,
            4455,
            2160,
            2161
          ],
          "price": "1298000",
          "restrictedAge": 0,
          "inStock": true,
          "originalPrice": "2896000",
          "clickTrace": "query:B%C3%A0n+ph%C3%ADm+c%C6%A1+aula+75;nid:13360040034;src:LazadaMainSrp;rn:d410eaa2a114d0bae901697abc58c5f0;region:vn;sku:13360040034_VNAMZ;price:1298000;client:desktop;supplier_id:201040064688;session_id:;biz_source:h5_internal;slot:19;utlog_bucket_id:470687;asc_category_id:2161;item_id:13360040034;sku_id:116868778256;shop_id:5051141;templateInfo:107883_E#-1_A3_C#",
          "itemSoldCntShow": "44 Đã bán",
          "longImageDisplayable": false,
          "skus": [
            {
              "id": "13360040034_VNAMZ-116868778256"
            }
          ],
          "promotionId": "",
          "isSponsored": false,
          "tItemType": "nt_product",
          "skuType": "2",
          "adFlag": "0",
          "directSimilarUrl": "https://native.m.lazada.com/dynamicxresult?item_img=https%3A%2F%2Ffilebroker-cdn.lazada.vn%2Fkf%2FS3221192b8e784b9290444acb9257854dr.jpg&src=srp_findsimilar&item_id=13360040034&sku_id=116868778256&params=%7B%22sub_src%22%3A%22long_press%22%2C%22src%22%3A%22srp_findsimilar%22%7D&m=tpp_findSimilar&q=B%25C3%25A0n%2Bph%25C3%25ADm%2Bc%25C6%25A1%2Baula%2B75&similarType=findSimilarV1&price=1298000.00&spuTriggerItem=0",
          "gridTitleLine": "2",
          "isFission": "0",
          "isBadgeAutoScroll": false,
          "showCart": false,
          "showBackIcon": false,
          "showUnitPrice": false,
          "itemUrl": "//www.lazada.vn/products/pdp-i13360040034.html",
          "querystring": "fs_ab=2&priceCompare=skuId%3A116868778256%3Bsource%3Alazada-search-voucher%3Bsn%3Ad410eaa2a114d0bae901697abc58c5f0%3BoriginPrice%3A1298000%3BdisplayPrice%3A1298000%3BisGray%3Afalse%3BsinglePromotionId%3A460000000000000%3BsingleToolCode%3ApromPrice%3BvoucherPricePlugin%3A0%3Btimestamp%3A1781074857787&c=&ratingscore=5.0&freeshipping=1&source=search&channelLpJumpArgs=&fuse_fs=&search=1&sale=44&price=1.298E%206&review=8&location=China&stock=1&lang=vi&request_id=d410eaa2a114d0bae901697abc58c5f0&clickTrackInfo=query%253AB%2525C3%2525A0n%252Bph%2525C3%2525ADm%252Bc%2525C6%2525A1%252Baula%252B75%253Bnid%253A13360040034%253Bsrc%253ALazadaMainSrp%253Brn%253Ad410eaa2a114d0bae901697abc58c5f0%253Bregion%253Avn%253Bsku%253A13360040034_VNAMZ%253Bprice%253A1298000%253Bclient%253Adesktop%253Bsupplier_id%253A201040064688%253Bsession_id%253A%253Bbiz_source%253Ah5_internal%253Bslot%253A19%253Butlog_bucket_id%253A470687%253Basc_category_id%253A2161%253Bitem_id%253A13360040034%253Bsku_id%253A116868778256%253Bshop_id%253A5051141%253BtemplateInfo%253A107883_E%2523-1_A3_C%2523"
        },
        {
          "name": "AULA | Bàn Phím Cơ Chơi Game 3 Chế Độ 75 Layout",
          "nid": "13378639453",
          "itemId": "13378639453",
          "icons": [
            {
              "domClass": "167087",
              "type": "img",
              "group": "6",
              "showType": "0",
              "bizType": "Freeshipping"
            },
            {
              "domClass": "120018",
              "text": "Voucher giảm  42%",
              "type": "text",
              "group": "2",
              "showType": "0",
              "bizType": "voucherApplied"
            },
            {
              "domClass": "225748",
              "type": "img",
              "group": "3",
              "showType": "0",
              "bizType": "campaign"
            },
            {
              "domClass": "76432",
              "type": "img",
              "group": "3",
              "showType": "0",
              "bizType": "lazMall"
            }
          ],
          "image": "https://filebroker-cdn.lazada.vn/kf/Sb88a8fe22a88408cae4c56203e3a3f7eh.jpg",
          "isSmartImage": false,
          "utLogMap": {
            "srp_name": "LazadaMainSrp",
            "x_object_type": "item",
            "src": "organic",
            "trafficType": "organic",
            "lower_k": "b%C3%A0n+ph%C3%ADm+c%C6%A1+aula+75",
            "x_sku_ids": "116953177459",
            "x_item_ids": "13378639453",
            "iconList": "167087;120018;225748;76432",
            "SN": "d410eaa2a114d0bae901697abc58c5f0",
            "current_price": "1186000",
            "x_object_id": "13378639453",
            "ai_item": "0"
          },
          "originalPriceShow": "",
          "priceShow": "1.186.000 ₫",
          "discount": "42% Off",
          "ratingScore": "5.0",
          "review": "11",
          "location": "Hong Kong",
          "description": [],
          "thumbs": [
            {
              "image": "https://filebroker-cdn.lazada.vn/kf/S022e5668bced47d7b3d6c210e7ab8232j.jpg",
              "sku": "13378639453_VNAMZ",
              "skuId": "116953177459",
              "itemUrl": "/products/pdp-i13378639453.html",
              "querystring": ""
            },
            {
              "image": "https://filebroker-cdn.lazada.vn/kf/Sb88a8fe22a88408cae4c56203e3a3f7eh.jpg",
              "sku": "13378639453_VNAMZ",
              "skuId": "116953177461",
              "itemUrl": "/products/pdp-i13378639453.html",
              "querystring": ""
            },
            {
              "image": "https://ae-pic-a1.aliexpress-media.com/kf/S47af661791bb4b1d9ac0ba50ead2b1a2k.png",
              "sku": "13378639453_VNAMZ",
              "skuId": "116953177460",
              "itemUrl": "/products/pdp-i13378639453.html",
              "querystring": ""
            },
            {
              "image": "https://filebroker-cdn.lazada.vn/kf/S8df1381dc36d45128f35dc233640d7e81.jpg",
              "sku": "13378639453_VNAMZ",
              "skuId": "116953177464",
              "itemUrl": "/products/pdp-i13378639453.html",
              "querystring": ""
            },
            {
              "image": "https://filebroker-cdn.lazada.vn/kf/Sd85f05bc0e2b4bdcb7b4bcc7620f322fg.jpg",
              "sku": "13378639453_VNAMZ",
              "skuId": "116953177463",
              "itemUrl": "/products/pdp-i13378639453.html",
              "querystring": ""
            },
            {
              "image": "https://filebroker-cdn.lazada.vn/kf/S182934fa40e4453cb1b95ce237c424421.jpg",
              "sku": "13378639453_VNAMZ",
              "skuId": "116953177462",
              "itemUrl": "/products/pdp-i13378639453.html",
              "querystring": ""
            }
          ],
          "sellerName": "Brand Super Deal",
          "sellerId": "200194944463",
          "brandName": "AULA",
          "brandId": "3613",
          "cheapest_sku": "13378639453_VNAMZ-116953177459",
          "skuId": "116953177459",
          "sku": "13378639453_VNAMZ",
          "categories": [
            42062201,
            4455,
            2160,
            2161
          ],
          "price": "1186000",
          "restrictedAge": 0,
          "inStock": true,
          "originalPrice": "2041000",
          "clickTrace": "query:B%C3%A0n+ph%C3%ADm+c%C6%A1+aula+75;nid:13378639453;src:LazadaMainSrp;rn:d410eaa2a114d0bae901697abc58c5f0;region:vn;sku:13378639453_VNAMZ;price:1186000;client:desktop;supplier_id:200194944463;session_id:;biz_source:h5_internal;slot:20;utlog_bucket_id:470687;asc_category_id:2161;item_id:13378639453;sku_id:116953177459;shop_id:2874615;templateInfo:107883_E#-1_A3_C#",
          "itemSoldCntShow": "1.2K Đã bán",
          "longImageDisplayable": false,
          "skus": [
            {
              "id": "13378639453_VNAMZ-116953177459"
            }
          ],
          "promotionId": "",
          "isSponsored": false,
          "tItemType": "nt_product",
          "skuType": "2",
          "adFlag": "0",
          "directSimilarUrl": "https://native.m.lazada.com/dynamicxresult?item_img=https%3A%2F%2Ffilebroker-cdn.lazada.vn%2Fkf%2FSb88a8fe22a88408cae4c56203e3a3f7eh.jpg&src=srp_findsimilar&item_id=13378639453&sku_id=116953177459&params=%7B%22sub_src%22%3A%22long_press%22%2C%22src%22%3A%22srp_findsimilar%22%7D&m=tpp_findSimilar&q=B%25C3%25A0n%2Bph%25C3%25ADm%2Bc%25C6%25A1%2Baula%2B75&similarType=findSimilarV1&price=1186000.00&spuTriggerItem=0",
          "gridTitleLine": "2",
          "isFission": "0",
          "isBadgeAutoScroll": false,
          "showCart": false,
          "showBackIcon": false,
          "showUnitPrice": false,
          "itemUrl": "//www.lazada.vn/products/pdp-i13378639453.html",
          "querystring": "fs_ab=2&priceCompare=skuId%3A116953177459%3Bsource%3Alazada-search-voucher%3Bsn%3Ad410eaa2a114d0bae901697abc58c5f0%3BoriginPrice%3A1186000%3BdisplayPrice%3A1186000%3BisGray%3Afalse%3BsinglePromotionId%3A300000000000000%3BsingleToolCode%3ApromPrice%3BvoucherPricePlugin%3A0%3Btimestamp%3A1781074857787&c=&ratingscore=5.0&freeshipping=1&source=search&channelLpJumpArgs=&fuse_fs=&search=1&sale=1237&price=1.186E%206&review=11&location=Hong%20Kong&stock=1&lang=vi&request_id=d410eaa2a114d0bae901697abc58c5f0&clickTrackInfo=query%253AB%2525C3%2525A0n%252Bph%2525C3%2525ADm%252Bc%2525C6%2525A1%252Baula%252B75%253Bnid%253A13378639453%253Bsrc%253ALazadaMainSrp%253Brn%253Ad410eaa2a114d0bae901697abc58c5f0%253Bregion%253Avn%253Bsku%253A13378639453_VNAMZ%253Bprice%253A1186000%253Bclient%253Adesktop%253Bsupplier_id%253A200194944463%253Bsession_id%253A%253Bbiz_source%253Ah5_internal%253Bslot%253A20%253Butlog_bucket_id%253A470687%253Basc_category_id%253A2161%253Bitem_id%253A13378639453%253Bsku_id%253A116953177459%253Bshop_id%253A2874615%253BtemplateInfo%253A107883_E%2523-1_A3_C%2523"
        },
        {
          "name": "AULA | Bàn Phím Cơ Không Dây 3 Chế Độ F75, Gasket Mount, Hot-swap, Kèm Núm Xoay",
          "nid": "13358955018",
          "itemId": "13358955018",
          "icons": [
            {
              "domClass": "167087",
              "type": "img",
              "group": "6",
              "showType": "0",
              "bizType": "Freeshipping"
            },
            {
              "domClass": "120018",
              "text": "Voucher giảm  66%",
              "type": "text",
              "group": "2",
              "showType": "0",
              "bizType": "voucherApplied"
            },
            {
              "domClass": "226328",
              "type": "img",
              "group": "3",
              "showType": "0",
              "bizType": "campaign"
            },
            {
              "domClass": "76432",
              "type": "img",
              "group": "3",
              "showType": "0",
              "bizType": "lazMall"
            }
          ],
          "image": "https://ae01.alicdn.com/kf/Sa65b60c68ece4646852361d280c0901cR.png",
          "isSmartImage": false,
          "utLogMap": {
            "srp_name": "LazadaMainSrp",
            "x_object_type": "item",
            "src": "organic",
            "trafficType": "organic",
            "lower_k": "b%C3%A0n+ph%C3%ADm+c%C6%A1+aula+75",
            "x_sku_ids": "116853009876",
            "x_item_ids": "13358955018",
            "iconList": "167087;120018;226328;76432",
            "SN": "d410eaa2a114d0bae901697abc58c5f0",
            "current_price": "1486000",
            "x_object_id": "13358955018",
            "ai_item": "0"
          },
          "originalPriceShow": "",
          "priceShow": "1.486.000 ₫",
          "discount": "66% Off",
          "ratingScore": "5.0",
          "review": "12",
          "location": "China",
          "description": [],
          "thumbs": [
            {
              "image": "https://filebroker-cdn.lazada.vn/kf/S22f2ab1204074cd384801d1ce863f59dr.jpg",
              "sku": "13358955018_VNAMZ",
              "skuId": "116853009878",
              "itemUrl": "/products/pdp-i13358955018.html",
              "querystring": ""
            },
            {
              "image": "https://filebroker-cdn.lazada.vn/kf/Sbe9f8897ee9f419c963e9580442028a1o.jpg",
              "sku": "13358955018_VNAMZ",
              "skuId": "116853009879",
              "itemUrl": "/products/pdp-i13358955018.html",
              "querystring": ""
            },
            {
              "image": "https://filebroker-cdn.lazada.vn/kf/S307a9a35d27242d89c3157a0f9a7013b1.jpg",
              "sku": "13358955018_VNAMZ",
              "skuId": "116853009880",
              "itemUrl": "/products/pdp-i13358955018.html",
              "querystring": ""
            },
            {
              "image": "https://filebroker-cdn.lazada.vn/kf/Sc07b8f8fa7c94d3ca4c2b319c07d0fc9W.jpg",
              "sku": "13358955018_VNAMZ",
              "skuId": "116853009881",
              "itemUrl": "/products/pdp-i13358955018.html",
              "querystring": ""
            },
            {
              "image": "https://filebroker-cdn.lazada.vn/kf/Sc5f89cc251be456e964559a812c2a432P.jpg",
              "sku": "13358955018_VNAMZ",
              "skuId": "116853009882",
              "itemUrl": "/products/pdp-i13358955018.html",
              "querystring": ""
            },
            {
              "image": "https://filebroker-cdn.lazada.vn/kf/Sbe7c8813ad6a40919421e0b3493528cdM.jpg",
              "sku": "13358955018_VNAMZ",
              "skuId": "116853009883",
              "itemUrl": "/products/pdp-i13358955018.html",
              "querystring": ""
            },
            {
              "image": "https://filebroker-cdn.lazada.vn/kf/Sd6712cf8358c4061b73a402228f370178.png",
              "sku": "13358955018_VNAMZ",
              "skuId": "116853009876",
              "itemUrl": "/products/pdp-i13358955018.html",
              "querystring": ""
            },
            {
              "image": "https://filebroker-cdn.lazada.vn/kf/Sf4a6f4369df0460392a170a57e0a4d7ay.jpg",
              "sku": "13358955018_VNAMZ",
              "skuId": "116853009877",
              "itemUrl": "/products/pdp-i13358955018.html",
              "querystring": ""
            }
          ],
          "sellerName": "AULA kezhihua Specialty Store",
          "sellerId": "201040144029",
          "brandName": "AULA",
          "brandId": "3613",
          "cheapest_sku": "13358955018_VNAMZ-116853009876",
          "skuId": "116853009876",
          "sku": "13358955018_VNAMZ",
          "categories": [
            42062201,
            4455,
            2160,
            2161
          ],
          "price": "1486000",
          "restrictedAge": 0,
          "inStock": true,
          "originalPrice": "4307000",
          "clickTrace": "query:B%C3%A0n+ph%C3%ADm+c%C6%A1+aula+75;nid:13358955018;src:LazadaMainSrp;rn:d410eaa2a114d0bae901697abc58c5f0;region:vn;sku:13358955018_VNAMZ;price:1486000;client:desktop;supplier_id:201040144029;session_id:;biz_source:h5_internal;slot:21;utlog_bucket_id:470687;asc_category_id:2161;item_id:13358955018;sku_id:116853009876;shop_id:5050074;templateInfo:107883_E#-1_A3_C#",
          "itemSoldCntShow": "42 Đã bán",
          "longImageDisplayable": false,
          "skus": [
            {
              "id": "13358955018_VNAMZ-116853009876"
            }
          ],
          "promotionId": "",
          "isSponsored": false,
          "tItemType": "nt_product",
          "skuType": "2",
          "adFlag": "0",
          "directSimilarUrl": "https://native.m.lazada.com/dynamicxresult?item_img=https%3A%2F%2Fae01.alicdn.com%2Fkf%2FSa65b60c68ece4646852361d280c0901cR.png&src=srp_findsimilar&item_id=13358955018&sku_id=116853009876&params=%7B%22sub_src%22%3A%22long_press%22%2C%22src%22%3A%22srp_findsimilar%22%7D&m=tpp_findSimilar&q=B%25C3%25A0n%2Bph%25C3%25ADm%2Bc%25C6%25A1%2Baula%2B75&similarType=findSimilarV1&price=1486000.00&spuTriggerItem=0",
          "gridTitleLine": "2",
          "isFission": "0",
          "isBadgeAutoScroll": false,
          "showCart": false,
          "showBackIcon": false,
          "showUnitPrice": false,
          "itemUrl": "//www.lazada.vn/products/pdp-i13358955018.html",
          "querystring": "fs_ab=2&priceCompare=skuId%3A116853009876%3Bsource%3Alazada-search-voucher%3Bsn%3Ad410eaa2a114d0bae901697abc58c5f0%3BoriginPrice%3A1486000%3BdisplayPrice%3A1486000%3BisGray%3Afalse%3BsinglePromotionId%3A460000000000000%3BsingleToolCode%3ApromPrice%3BvoucherPricePlugin%3A0%3Btimestamp%3A1781074857787&c=&ratingscore=5.0&freeshipping=1&source=search&channelLpJumpArgs=&fuse_fs=&search=1&sale=42&price=1.486E%206&review=12&location=China&stock=1&lang=vi&request_id=d410eaa2a114d0bae901697abc58c5f0&clickTrackInfo=query%253AB%2525C3%2525A0n%252Bph%2525C3%2525ADm%252Bc%2525C6%2525A1%252Baula%252B75%253Bnid%253A13358955018%253Bsrc%253ALazadaMainSrp%253Brn%253Ad410eaa2a114d0bae901697abc58c5f0%253Bregion%253Avn%253Bsku%253A13358955018_VNAMZ%253Bprice%253A1486000%253Bclient%253Adesktop%253Bsupplier_id%253A201040144029%253Bsession_id%253A%253Bbiz_source%253Ah5_internal%253Bslot%253A21%253Butlog_bucket_id%253A470687%253Basc_category_id%253A2161%253Bitem_id%253A13358955018%253Bsku_id%253A116853009876%253Bshop_id%253A5050074%253BtemplateInfo%253A107883_E%2523-1_A3_C%2523"
        },
        {
          "name": "AULA-MOJING | Combo Bàn phím cơ AULA F75 và Chuột không dây, kết nối 3 chế độ (Bluetooth/2.4G/Wired) chuyên game FPS, Valorant cho PC, Laptop",
          "nid": "3319915078",
          "itemId": "3319915078",
          "icons": [
            {
              "domClass": "167087",
              "type": "img",
              "group": "6",
              "showType": "0",
              "bizType": "Freeshipping"
            },
            {
              "domClass": "120018",
              "text": "Voucher giảm  49%",
              "type": "text",
              "group": "2",
              "showType": "0",
              "bizType": "voucherApplied"
            },
            {
              "domClass": "226328",
              "type": "img",
              "group": "3",
              "showType": "0",
              "bizType": "campaign"
            },
            {
              "domClass": "76432",
              "type": "img",
              "group": "3",
              "showType": "0",
              "bizType": "lazMall"
            }
          ],
          "image": "https://filebroker-cdn.lazada.vn/kf/S890aaaf0c08e4f7ea5d7f97d0a1e82a2s.png",
          "isSmartImage": false,
          "utLogMap": {
            "srp_name": "LazadaMainSrp",
            "x_object_type": "item",
            "src": "organic",
            "trafficType": "organic",
            "lower_k": "b%C3%A0n+ph%C3%ADm+c%C6%A1+aula+75",
            "x_sku_ids": "16219510091",
            "x_item_ids": "3319915078",
            "iconList": "167087;120018;226328;76432",
            "SN": "d410eaa2a114d0bae901697abc58c5f0",
            "current_price": "1486000",
            "x_object_id": "3319915078",
            "ai_item": "0"
          },
          "originalPriceShow": "",
          "priceShow": "1.486.000 ₫",
          "discount": "49% Off",
          "ratingScore": "4.956175298804781",
          "review": "753",
          "location": "China",
          "description": [],
          "thumbs": [
            {
              "image": "https://filebroker-cdn.lazada.vn/kf/Sabfeb6ba00a14508ac61136d2c32e96ez.jpg",
              "sku": "3319915078_VNAMZ",
              "skuId": "16219510106",
              "itemUrl": "/products/pdp-i3319915078.html",
              "querystring": ""
            },
            {
              "image": "https://filebroker-cdn.lazada.vn/kf/Sba431606e0aa4cfaa191103669d174afQ.png",
              "sku": "3319915078_VNAMZ",
              "skuId": "16219510087",
              "itemUrl": "/products/pdp-i3319915078.html",
              "querystring": ""
            },
            {
              "image": "https://filebroker-cdn.lazada.vn/kf/S9669fd070e01433f8e2eb4acf1a3dc513.png",
              "sku": "3319915078_VNAMZ",
              "skuId": "16219510088",
              "itemUrl": "/products/pdp-i3319915078.html",
              "querystring": ""
            },
            {
              "image": "https://filebroker-cdn.lazada.vn/kf/Sd6fc22b4990f4ce4aea4ca9ca21adaf8Z.png",
              "sku": "3319915078_VNAMZ",
              "skuId": "16219510089",
              "itemUrl": "/products/pdp-i3319915078.html",
              "querystring": ""
            },
            {
              "image": "https://filebroker-cdn.lazada.vn/kf/S88e41e23e571498a847f7cf709b79059Y.jpg",
              "sku": "3319915078_VNAMZ",
              "skuId": "16219510100",
              "itemUrl": "/products/pdp-i3319915078.html",
              "querystring": ""
            },
            {
              "image": "https://filebroker-cdn.lazada.vn/kf/S5ecda7a048b246d78e0dc73f118adc95P.jpg",
              "sku": "3319915078_VNAMZ",
              "skuId": "16219510101",
              "itemUrl": "/products/pdp-i3319915078.html",
              "querystring": ""
            },
            {
              "image": "https://filebroker-cdn.lazada.vn/kf/S642adafbfc164241a3a310c7b2deb39eI.jpg",
              "sku": "3319915078_VNAMZ",
              "skuId": "16219510102",
              "itemUrl": "/products/pdp-i3319915078.html",
              "querystring": ""
            },
            {
              "image": "https://filebroker-cdn.lazada.vn/kf/Sf1c1e66b024c42fb869000233e03f408t.jpg",
              "sku": "3319915078_VNAMZ",
              "skuId": "16219510103",
              "itemUrl": "/products/pdp-i3319915078.html",
              "querystring": ""
            },
            {
              "image": "https://filebroker-cdn.lazada.vn/kf/Sa829bcfda374457ab7dd56280cde3629H.jpg",
              "sku": "3319915078_VNAMZ",
              "skuId": "16219510104",
              "itemUrl": "/products/pdp-i3319915078.html",
              "querystring": ""
            },
            {
              "image": "https://filebroker-cdn.lazada.vn/kf/S3c2005fb87fa4421ae078ab89d782a07z.jpg",
              "sku": "3319915078_VNAMZ",
              "skuId": "16219510105",
              "itemUrl": "/products/pdp-i3319915078.html",
              "querystring": ""
            },
            {
              "image": "https://filebroker-cdn.lazada.vn/kf/S55f4cb285dc94bb6b9be43296f292f3e9.png",
              "sku": "3319915078_VNAMZ",
              "skuId": "16219510080",
              "itemUrl": "/products/pdp-i3319915078.html",
              "querystring": ""
            },
            {
              "image": "https://filebroker-cdn.lazada.vn/kf/Scde50304b75c4b2eb4a3076b03759439s.png",
              "sku": "3319915078_VNAMZ",
              "skuId": "16219510081",
              "itemUrl": "/products/pdp-i3319915078.html",
              "querystring": ""
            },
            {
              "image": "https://filebroker-cdn.lazada.vn/kf/S39106d542e6548e2b8bb74b1b3fd76057.png",
              "sku": "3319915078_VNAMZ",
              "skuId": "16219510082",
              "itemUrl": "/products/pdp-i3319915078.html",
              "querystring": ""
            },
            {
              "image": "https://filebroker-cdn.lazada.vn/kf/Se743f916167d4803ac8f8986f04481092.png",
              "sku": "3319915078_VNAMZ",
              "skuId": "16219510083",
              "itemUrl": "/products/pdp-i3319915078.html",
              "querystring": ""
            },
            {
              "image": "https://filebroker-cdn.lazada.vn/kf/S14f1b286259f4d80b171651df004e617g.png",
              "sku": "3319915078_VNAMZ",
              "skuId": "16219510084",
              "itemUrl": "/products/pdp-i3319915078.html",
              "querystring": ""
            },
            {
              "image": "https://filebroker-cdn.lazada.vn/kf/Sab3c67d61fd84c96b645aa78172751d1C.png",
              "sku": "3319915078_VNAMZ",
              "skuId": "16219510085",
              "itemUrl": "/products/pdp-i3319915078.html",
              "querystring": ""
            },
            {
              "image": "https://filebroker-cdn.lazada.vn/kf/Sec27f14bbc164280b4427a1423476352T.png",
              "sku": "3319915078_VNAMZ",
              "skuId": "16219510086",
              "itemUrl": "/products/pdp-i3319915078.html",
              "querystring": ""
            },
            {
              "image": "https://filebroker-cdn.lazada.vn/kf/Saf5e8a49feb8410ba6d3688debcfbc89y.png",
              "sku": "3319915078_VNAMZ",
              "skuId": "16219510076",
              "itemUrl": "/products/pdp-i3319915078.html",
              "querystring": ""
            },
            {
              "image": "https://filebroker-cdn.lazada.vn/kf/S0290fbd525d146b89effcb28e289a85ab.jpg",
              "sku": "3319915078_VNAMZ",
              "skuId": "16219510098",
              "itemUrl": "/products/pdp-i3319915078.html",
              "querystring": ""
            },
            {
              "image": "https://filebroker-cdn.lazada.vn/kf/Sb74d540c50a04c28b6c0b1abb0ea7d92u.png",
              "sku": "3319915078_VNAMZ",
              "skuId": "16219510077",
              "itemUrl": "/products/pdp-i3319915078.html",
              "querystring": ""
            },
            {
              "image": "https://filebroker-cdn.lazada.vn/kf/S5ecda7a048b246d78e0dc73f118adc95P.jpg",
              "sku": "3319915078_VNAMZ",
              "skuId": "16219510099",
              "itemUrl": "/products/pdp-i3319915078.html",
              "querystring": ""
            },
            {
              "image": "https://filebroker-cdn.lazada.vn/kf/Sa03361d5b3a443199c1baa9eaea7f2527.png",
              "sku": "3319915078_VNAMZ",
              "skuId": "16219510078",
              "itemUrl": "/products/pdp-i3319915078.html",
              "querystring": ""
            },
            {
              "image": "https://filebroker-cdn.lazada.vn/kf/S5c2a0e207da14f32804f94a7d44affa8R.png",
              "sku": "3319915078_VNAMZ",
              "skuId": "16219510079",
              "itemUrl": "/products/pdp-i3319915078.html",
              "querystring": ""
            },
            {
              "image": "https://filebroker-cdn.lazada.vn/kf/S920c21560ee54f3393200dd2bb58bac1j.png",
              "sku": "3319915078_VNAMZ",
              "skuId": "16219510090",
              "itemUrl": "/products/pdp-i3319915078.html",
              "querystring": ""
            },
            {
              "image": "https://filebroker-cdn.lazada.vn/kf/Se127b610de824117ad88dfe04077d8f8V.png",
              "sku": "3319915078_VNAMZ",
              "skuId": "16219510091",
              "itemUrl": "/products/pdp-i3319915078.html",
              "querystring": ""
            },
            {
              "image": "https://filebroker-cdn.lazada.vn/kf/S32233188ad354c7e844ff4b3e2571aaeX.jpg",
              "sku": "3319915078_VNAMZ",
              "skuId": "16219510092",
              "itemUrl": "/products/pdp-i3319915078.html",
              "querystring": ""
            },
            {
              "image": "https://filebroker-cdn.lazada.vn/kf/Sa55daf3b75454d6191cdf2669203bf56s.jpg",
              "sku": "3319915078_VNAMZ",
              "skuId": "16219510093",
              "itemUrl": "/products/pdp-i3319915078.html",
              "querystring": ""
            },
            {
              "image": "https://filebroker-cdn.lazada.vn/kf/S890aaaf0c08e4f7ea5d7f97d0a1e82a2s.png",
              "sku": "3319915078_VNAMZ",
              "skuId": "16219510072",
              "itemUrl": "/products/pdp-i3319915078.html",
              "querystring": ""
            },
            {
              "image": "https://filebroker-cdn.lazada.vn/kf/S5af42e024df44f83a11dcedc478f02d1t.jpg",
              "sku": "3319915078_VNAMZ",
              "skuId": "16219510094",
              "itemUrl": "/products/pdp-i3319915078.html",
              "querystring": ""
            },
            {
              "image": "https://filebroker-cdn.lazada.vn/kf/S8ad3ff2aaf5e4f9890ee750faeff3934M.png",
              "sku": "3319915078_VNAMZ",
              "skuId": "16219510073",
              "itemUrl": "/products/pdp-i3319915078.html",
              "querystring": ""
            },
            {
              "image": "https://filebroker-cdn.lazada.vn/kf/S1e2ec82248d64ca0a57ca6856fb8f015d.jpg",
              "sku": "3319915078_VNAMZ",
              "skuId": "16219510095",
              "itemUrl": "/products/pdp-i3319915078.html",
              "querystring": ""
            },
            {
              "image": "https://filebroker-cdn.lazada.vn/kf/S5ad8f4681190477ab6021b9e715175deF.png",
              "sku": "3319915078_VNAMZ",
              "skuId": "16219510074",
              "itemUrl": "/products/pdp-i3319915078.html",
              "querystring": ""
            },
            {
              "image": "https://filebroker-cdn.lazada.vn/kf/Sd768b659afc64ae3aefd785862fcb284J.jpg",
              "sku": "3319915078_VNAMZ",
              "skuId": "16219510096",
              "itemUrl": "/products/pdp-i3319915078.html",
              "querystring": ""
            },
            {
              "image": "https://filebroker-cdn.lazada.vn/kf/S1acb0619dd5e4761a24dd2c9ca8b6d90M.png",
              "sku": "3319915078_VNAMZ",
              "skuId": "16219510075",
              "itemUrl": "/products/pdp-i3319915078.html",
              "querystring": ""
            },
            {
              "image": "https://filebroker-cdn.lazada.vn/kf/Sf39fbe4499db46f0bd93414583667c51e.jpg",
              "sku": "3319915078_VNAMZ",
              "skuId": "16219510097",
              "itemUrl": "/products/pdp-i3319915078.html",
              "querystring": ""
            }
          ],
          "sellerName": "AULA-mojing",
          "sellerId": "201039968120",
          "brandName": "AULA-MOJING",
          "brandId": "127567083",
          "cheapest_sku": "3319915078_VNAMZ-16219510091",
          "skuId": "16219510091",
          "sku": "3319915078_VNAMZ",
          "categories": [
            42062201,
            4455,
            2160,
            15219
          ],
          "price": "1486000",
          "restrictedAge": 0,
          "inStock": true,
          "originalPrice": "2896000",
          "clickTrace": "query:B%C3%A0n+ph%C3%ADm+c%C6%A1+aula+75;nid:3319915078;src:LazadaMainSrp;rn:d410eaa2a114d0bae901697abc58c5f0;region:vn;sku:3319915078_VNAMZ;price:1486000;client:desktop;supplier_id:201039968120;session_id:;biz_source:h5_internal;slot:22;utlog_bucket_id:470687;asc_category_id:15219;item_id:3319915078;sku_id:16219510091;shop_id:5050108;templateInfo:107883_A3_C_E#",
          "itemSoldCntShow": "1.6K Đã bán",
          "longImageDisplayable": false,
          "skus": [
            {
              "id": "3319915078_VNAMZ-16219510091"
            }
          ],
          "promotionId": "",
          "isSponsored": false,
          "tItemType": "nt_product",
          "skuType": "2",
          "adFlag": "0",
          "directSimilarUrl": "https://native.m.lazada.com/dynamicxresult?item_img=https%3A%2F%2Ffilebroker-cdn.lazada.vn%2Fkf%2FS890aaaf0c08e4f7ea5d7f97d0a1e82a2s.png&src=srp_findsimilar&item_id=3319915078&sku_id=16219510091&params=%7B%22sub_src%22%3A%22long_press%22%2C%22src%22%3A%22srp_findsimilar%22%7D&m=tpp_findSimilar&q=B%25C3%25A0n%2Bph%25C3%25ADm%2Bc%25C6%25A1%2Baula%2B75&similarType=findSimilarV1&price=1486000.00&spuTriggerItem=0",
          "gridTitleLine": "2",
          "isFission": "0",
          "isBadgeAutoScroll": false,
          "showCart": false,
          "showBackIcon": false,
          "showUnitPrice": false,
          "itemUrl": "//www.lazada.vn/products/pdp-i3319915078.html",
          "querystring": "fs_ab=2&priceCompare=skuId%3A16219510091%3Bsource%3Alazada-search-voucher%3Bsn%3Ad410eaa2a114d0bae901697abc58c5f0%3BoriginPrice%3A1486000%3BdisplayPrice%3A1486000%3BisGray%3Afalse%3BsinglePromotionId%3A460000000000000%3BsingleToolCode%3ApromPrice%3BvoucherPricePlugin%3A0%3Btimestamp%3A1781074857787&c=&ratingscore=4.956175298804781&freeshipping=1&source=search&channelLpJumpArgs=&fuse_fs=&search=1&sale=1597&price=1.486E%206&review=753&location=China&stock=1&lang=vi&request_id=d410eaa2a114d0bae901697abc58c5f0&clickTrackInfo=query%253AB%2525C3%2525A0n%252Bph%2525C3%2525ADm%252Bc%2525C6%2525A1%252Baula%252B75%253Bnid%253A3319915078%253Bsrc%253ALazadaMainSrp%253Brn%253Ad410eaa2a114d0bae901697abc58c5f0%253Bregion%253Avn%253Bsku%253A3319915078_VNAMZ%253Bprice%253A1486000%253Bclient%253Adesktop%253Bsupplier_id%253A201039968120%253Bsession_id%253A%253Bbiz_source%253Ah5_internal%253Bslot%253A22%253Butlog_bucket_id%253A470687%253Basc_category_id%253A15219%253Bitem_id%253A3319915078%253Bsku_id%253A16219510091%253Bshop_id%253A5050108%253BtemplateInfo%253A107883_A3_C_E%2523"
        },
        {
          "name": "AULA | Bàn phím cơ tùy chỉnh không dây ba chế độ F75 dành cho chơi game, văn phòng, kết nối Bluetooth và có dây",
          "nid": "13344846842",
          "itemId": "13344846842",
          "icons": [
            {
              "domClass": "167087",
              "type": "img",
              "group": "6",
              "showType": "0",
              "bizType": "Freeshipping"
            },
            {
              "domClass": "120018",
              "text": "Voucher giảm  49%",
              "type": "text",
              "group": "2",
              "showType": "0",
              "bizType": "voucherApplied"
            },
            {
              "domClass": "226328",
              "type": "img",
              "group": "3",
              "showType": "0",
              "bizType": "campaign"
            },
            {
              "domClass": "76432",
              "type": "img",
              "group": "3",
              "showType": "0",
              "bizType": "lazMall"
            }
          ],
          "image": "https://filebroker-cdn.lazada.vn/kf/S9dca590fa0d34520b08115eeb04fb753D.jpg",
          "isSmartImage": false,
          "utLogMap": {
            "srp_name": "LazadaMainSrp",
            "x_object_type": "item",
            "src": "organic",
            "trafficType": "organic",
            "lower_k": "b%C3%A0n+ph%C3%ADm+c%C6%A1+aula+75",
            "x_sku_ids": "116644105762",
            "x_item_ids": "13344846842",
            "iconList": "167087;120018;226328;76432",
            "SN": "d410eaa2a114d0bae901697abc58c5f0",
            "current_price": "1486000",
            "x_object_id": "13344846842",
            "ai_item": "0"
          },
          "originalPriceShow": "",
          "priceShow": "1.486.000 ₫",
          "discount": "49% Off",
          "ratingScore": "5.0",
          "review": "59",
          "location": "China",
          "description": [],
          "thumbs": [
            {
              "image": "https://filebroker-cdn.lazada.vn/kf/Secdf935d490a44fbabcd7fcf41bb9cd67.jpg",
              "sku": "13344846842_VNAMZ",
              "skuId": "116644105780",
              "itemUrl": "/products/pdp-i13344846842.html",
              "querystring": ""
            },
            {
              "image": "https://filebroker-cdn.lazada.vn/kf/Sd452bcd9165f4759a33e6e8cb495e0fc8.jpg",
              "sku": "13344846842_VNAMZ",
              "skuId": "116644105770",
              "itemUrl": "/products/pdp-i13344846842.html",
              "querystring": ""
            },
            {
              "image": "https://filebroker-cdn.lazada.vn/kf/S2ad384b478074af382c6fc30f0a1c0ec1.jpg",
              "sku": "13344846842_VNAMZ",
              "skuId": "116644105781",
              "itemUrl": "/products/pdp-i13344846842.html",
              "querystring": ""
            },
            {
              "image": "https://filebroker-cdn.lazada.vn/kf/Sf3a5bf7c5131493c9fe1bd5c1341c058k.jpg",
              "sku": "13344846842_VNAMZ",
              "skuId": "116644105771",
              "itemUrl": "/products/pdp-i13344846842.html",
              "querystring": ""
            },
            {
              "image": "https://filebroker-cdn.lazada.vn/kf/S4aafcbfeb97d48c3a64dcb7954582dc3p.jpg",
              "sku": "13344846842_VNAMZ",
              "skuId": "116644105772",
              "itemUrl": "/products/pdp-i13344846842.html",
              "querystring": ""
            },
            {
              "image": "https://filebroker-cdn.lazada.vn/kf/Se127b610de824117ad88dfe04077d8f8V.png",
              "sku": "13344846842_VNAMZ",
              "skuId": "116644105762",
              "itemUrl": "/products/pdp-i13344846842.html",
              "querystring": ""
            },
            {
              "image": "https://filebroker-cdn.lazada.vn/kf/S9533d01848974e028362f0e74f03515b6.jpg",
              "sku": "13344846842_VNAMZ",
              "skuId": "116644105773",
              "itemUrl": "/products/pdp-i13344846842.html",
              "querystring": ""
            },
            {
              "image": "https://filebroker-cdn.lazada.vn/kf/S50fe482571434b6586a76bf6ecc90c664.jpg",
              "sku": "13344846842_VNAMZ",
              "skuId": "116644105763",
              "itemUrl": "/products/pdp-i13344846842.html",
              "querystring": ""
            },
            {
              "image": "https://filebroker-cdn.lazada.vn/kf/S4aafcbfeb97d48c3a64dcb7954582dc3p.jpg",
              "sku": "13344846842_VNAMZ",
              "skuId": "116644105774",
              "itemUrl": "/products/pdp-i13344846842.html",
              "querystring": ""
            },
            {
              "image": "https://filebroker-cdn.lazada.vn/kf/S652abd40ba494d07b7656f5373255954l.jpg",
              "sku": "13344846842_VNAMZ",
              "skuId": "116644105764",
              "itemUrl": "/products/pdp-i13344846842.html",
              "querystring": ""
            },
            {
              "image": "https://filebroker-cdn.lazada.vn/kf/S1e181e9bb9f64bf6bfc04c45296fcb0aC.jpg",
              "sku": "13344846842_VNAMZ",
              "skuId": "116644105775",
              "itemUrl": "/products/pdp-i13344846842.html",
              "querystring": ""
            },
            {
              "image": "https://filebroker-cdn.lazada.vn/kf/S890aaaf0c08e4f7ea5d7f97d0a1e82a2s.png",
              "sku": "13344846842_VNAMZ",
              "skuId": "116644105765",
              "itemUrl": "/products/pdp-i13344846842.html",
              "querystring": ""
            },
            {
              "image": "https://filebroker-cdn.lazada.vn/kf/S7d125227acae4426a721cb659a8c13c58.jpg",
              "sku": "13344846842_VNAMZ",
              "skuId": "116644105776",
              "itemUrl": "/products/pdp-i13344846842.html",
              "querystring": ""
            },
            {
              "image": "https://filebroker-cdn.lazada.vn/kf/Sa55daf3b75454d6191cdf2669203bf56s.jpg",
              "sku": "13344846842_VNAMZ",
              "skuId": "116644105766",
              "itemUrl": "/products/pdp-i13344846842.html",
              "querystring": ""
            },
            {
              "image": "https://filebroker-cdn.lazada.vn/kf/S4542f1d213e9418484b399f507f30cc4l.jpg",
              "sku": "13344846842_VNAMZ",
              "skuId": "116644105777",
              "itemUrl": "/products/pdp-i13344846842.html",
              "querystring": ""
            },
            {
              "image": "https://filebroker-cdn.lazada.vn/kf/Sb3f6b8c93bc14763a23868c4390f2299H.jpg",
              "sku": "13344846842_VNAMZ",
              "skuId": "116644105767",
              "itemUrl": "/products/pdp-i13344846842.html",
              "querystring": ""
            },
            {
              "image": "https://filebroker-cdn.lazada.vn/kf/Sdb9b4761a6304a0191331436f590ded3Y.jpg",
              "sku": "13344846842_VNAMZ",
              "skuId": "116644105778",
              "itemUrl": "/products/pdp-i13344846842.html",
              "querystring": ""
            },
            {
              "image": "https://filebroker-cdn.lazada.vn/kf/Sd8ea091affdb40ee8d15dc321005be9eI.jpg",
              "sku": "13344846842_VNAMZ",
              "skuId": "116644105768",
              "itemUrl": "/products/pdp-i13344846842.html",
              "querystring": ""
            },
            {
              "image": "https://filebroker-cdn.lazada.vn/kf/Sd5d9e02407a64869afa337cb94ae9c02u.jpg",
              "sku": "13344846842_VNAMZ",
              "skuId": "116644105779",
              "itemUrl": "/products/pdp-i13344846842.html",
              "querystring": ""
            },
            {
              "image": "https://filebroker-cdn.lazada.vn/kf/Sa2cd97bd2ad14788b01614bcad05140eL.jpg",
              "sku": "13344846842_VNAMZ",
              "skuId": "116644105769",
              "itemUrl": "/products/pdp-i13344846842.html",
              "querystring": ""
            }
          ],
          "sellerName": "AULA-mojing",
          "sellerId": "201039968120",
          "brandName": "AULA-MOJING",
          "brandId": "127567083",
          "cheapest_sku": "13344846842_VNAMZ-116644105762",
          "skuId": "116644105762",
          "sku": "13344846842_VNAMZ",
          "categories": [
            42062201,
            4455,
            2160,
            2161
          ],
          "price": "1486000",
          "restrictedAge": 0,
          "inStock": true,
          "originalPrice": "2896000",
          "clickTrace": "query:B%C3%A0n+ph%C3%ADm+c%C6%A1+aula+75;nid:13344846842;src:LazadaMainSrp;rn:d410eaa2a114d0bae901697abc58c5f0;region:vn;sku:13344846842_VNAMZ;price:1486000;client:desktop;supplier_id:201039968120;session_id:;biz_source:h5_internal;slot:23;utlog_bucket_id:470687;asc_category_id:2161;item_id:13344846842;sku_id:116644105762;shop_id:5050108;templateInfo:107883_E#-1_A3_C#",
          "itemSoldCntShow": "180 Đã bán",
          "longImageDisplayable": false,
          "skus": [
            {
              "id": "13344846842_VNAMZ-116644105762"
            }
          ],
          "promotionId": "",
          "isSponsored": false,
          "tItemType": "nt_product",
          "skuType": "2",
          "adFlag": "0",
          "directSimilarUrl": "https://native.m.lazada.com/dynamicxresult?item_img=https%3A%2F%2Ffilebroker-cdn.lazada.vn%2Fkf%2FS9dca590fa0d34520b08115eeb04fb753D.jpg&src=srp_findsimilar&item_id=13344846842&sku_id=116644105762&params=%7B%22sub_src%22%3A%22long_press%22%2C%22src%22%3A%22srp_findsimilar%22%7D&m=tpp_findSimilar&q=B%25C3%25A0n%2Bph%25C3%25ADm%2Bc%25C6%25A1%2Baula%2B75&similarType=findSimilarV1&price=1486000.00&spuTriggerItem=0",
          "gridTitleLine": "2",
          "isFission": "0",
          "isBadgeAutoScroll": false,
          "showCart": false,
          "showBackIcon": false,
          "showUnitPrice": false,
          "itemUrl": "//www.lazada.vn/products/pdp-i13344846842.html",
          "querystring": "fs_ab=2&priceCompare=skuId%3A116644105762%3Bsource%3Alazada-search-voucher%3Bsn%3Ad410eaa2a114d0bae901697abc58c5f0%3BoriginPrice%3A1486000%3BdisplayPrice%3A1486000%3BisGray%3Afalse%3BsinglePromotionId%3A460000000000000%3BsingleToolCode%3ApromPrice%3BvoucherPricePlugin%3A0%3Btimestamp%3A1781074857787&c=&ratingscore=5.0&freeshipping=1&source=search&channelLpJumpArgs=&fuse_fs=&search=1&sale=180&price=1.486E%206&review=59&location=China&stock=1&lang=vi&request_id=d410eaa2a114d0bae901697abc58c5f0&clickTrackInfo=query%253AB%2525C3%2525A0n%252Bph%2525C3%2525ADm%252Bc%2525C6%2525A1%252Baula%252B75%253Bnid%253A13344846842%253Bsrc%253ALazadaMainSrp%253Brn%253Ad410eaa2a114d0bae901697abc58c5f0%253Bregion%253Avn%253Bsku%253A13344846842_VNAMZ%253Bprice%253A1486000%253Bclient%253Adesktop%253Bsupplier_id%253A201039968120%253Bsession_id%253A%253Bbiz_source%253Ah5_internal%253Bslot%253A23%253Butlog_bucket_id%253A470687%253Basc_category_id%253A2161%253Bitem_id%253A13344846842%253Bsku_id%253A116644105762%253Bshop_id%253A5050108%253BtemplateInfo%253A107883_E%2523-1_A3_C%2523"
        },
        {
          "name": "AULA | Combo Bàn phím cơ AULA F75 và Chuột không dây - Kết nối 3 chế độ (Bluetooth/2.4G/Wired), Hot-swap (Custom), Chuyên game cho PC, Laptop",
          "nid": "3319884360",
          "itemId": "3319884360",
          "icons": [
            {
              "domClass": "167087",
              "type": "img",
              "group": "6",
              "showType": "0",
              "bizType": "Freeshipping"
            },
            {
              "domClass": "120018",
              "text": "Voucher giảm  49%",
              "type": "text",
              "group": "2",
              "showType": "0",
              "bizType": "voucherApplied"
            },
            {
              "domClass": "226328",
              "type": "img",
              "group": "3",
              "showType": "0",
              "bizType": "campaign"
            },
            {
              "domClass": "76432",
              "type": "img",
              "group": "3",
              "showType": "0",
              "bizType": "lazMall"
            }
          ],
          "image": "https://filebroker-cdn.lazada.vn/kf/Seb949bb2bc42425a857535e39419bb1bo.jpg",
          "isSmartImage": false,
          "utLogMap": {
            "srp_name": "LazadaMainSrp",
            "x_object_type": "item",
            "src": "organic",
            "trafficType": "organic",
            "lower_k": "b%C3%A0n+ph%C3%ADm+c%C6%A1+aula+75",
            "x_sku_ids": "16219405768",
            "x_item_ids": "3319884360",
            "iconList": "167087;120018;226328;76432",
            "SN": "d410eaa2a114d0bae901697abc58c5f0",
            "current_price": "1486000",
            "x_object_id": "3319884360",
            "ai_item": "0"
          },
          "originalPriceShow": "",
          "priceShow": "1.486.000 ₫",
          "discount": "49% Off",
          "ratingScore": "4.890566037735849",
          "review": "265",
          "location": "China",
          "description": [],
          "thumbs": [
            {
              "image": "https://filebroker-cdn.lazada.vn/kf/Sa55daf3b75454d6191cdf2669203bf56s.jpg",
              "sku": "3319884360_VNAMZ",
              "skuId": "16219405769",
              "itemUrl": "/products/pdp-i3319884360.html",
              "querystring": ""
            },
            {
              "image": "https://filebroker-cdn.lazada.vn/kf/Se127b610de824117ad88dfe04077d8f8V.png",
              "sku": "3319884360_VNAMZ",
              "skuId": "16219405768",
              "itemUrl": "/products/pdp-i3319884360.html",
              "querystring": ""
            },
            {
              "image": "https://filebroker-cdn.lazada.vn/kf/Sabfeb6ba00a14508ac61136d2c32e96ez.jpg",
              "sku": "3319884360_VNAMZ",
              "skuId": "16219405767",
              "itemUrl": "/products/pdp-i3319884360.html",
              "querystring": ""
            },
            {
              "image": "https://filebroker-cdn.lazada.vn/kf/Sf1c1e66b024c42fb869000233e03f408t.jpg",
              "sku": "3319884360_VNAMZ",
              "skuId": "16219405766",
              "itemUrl": "/products/pdp-i3319884360.html",
              "querystring": ""
            },
            {
              "image": "https://filebroker-cdn.lazada.vn/kf/S3c2005fb87fa4421ae078ab89d782a07z.jpg",
              "sku": "3319884360_VNAMZ",
              "skuId": "16219405765",
              "itemUrl": "/products/pdp-i3319884360.html",
              "querystring": ""
            },
            {
              "image": "https://filebroker-cdn.lazada.vn/kf/Sa829bcfda374457ab7dd56280cde3629H.jpg",
              "sku": "3319884360_VNAMZ",
              "skuId": "16219405764",
              "itemUrl": "/products/pdp-i3319884360.html",
              "querystring": ""
            },
            {
              "image": "https://filebroker-cdn.lazada.vn/kf/S0290fbd525d146b89effcb28e289a85ab.jpg",
              "sku": "3319884360_VNAMZ",
              "skuId": "16219405775",
              "itemUrl": "/products/pdp-i3319884360.html",
              "querystring": ""
            },
            {
              "image": "https://filebroker-cdn.lazada.vn/kf/S642adafbfc164241a3a310c7b2deb39eI.jpg",
              "sku": "3319884360_VNAMZ",
              "skuId": "16219405763",
              "itemUrl": "/products/pdp-i3319884360.html",
              "querystring": ""
            },
            {
              "image": "https://filebroker-cdn.lazada.vn/kf/S1e2ec82248d64ca0a57ca6856fb8f015d.jpg",
              "sku": "3319884360_VNAMZ",
              "skuId": "16219405774",
              "itemUrl": "/products/pdp-i3319884360.html",
              "querystring": ""
            },
            {
              "image": "https://filebroker-cdn.lazada.vn/kf/S88e41e23e571498a847f7cf709b79059Y.jpg",
              "sku": "3319884360_VNAMZ",
              "skuId": "16219405762",
              "itemUrl": "/products/pdp-i3319884360.html",
              "querystring": ""
            },
            {
              "image": "https://filebroker-cdn.lazada.vn/kf/Sf39fbe4499db46f0bd93414583667c51e.jpg",
              "sku": "3319884360_VNAMZ",
              "skuId": "16219405773",
              "itemUrl": "/products/pdp-i3319884360.html",
              "querystring": ""
            },
            {
              "image": "https://filebroker-cdn.lazada.vn/kf/S5ecda7a048b246d78e0dc73f118adc95P.jpg",
              "sku": "3319884360_VNAMZ",
              "skuId": "16219405761",
              "itemUrl": "/products/pdp-i3319884360.html",
              "querystring": ""
            },
            {
              "image": "https://filebroker-cdn.lazada.vn/kf/Sd768b659afc64ae3aefd785862fcb284J.jpg",
              "sku": "3319884360_VNAMZ",
              "skuId": "16219405772",
              "itemUrl": "/products/pdp-i3319884360.html",
              "querystring": ""
            },
            {
              "image": "https://filebroker-cdn.lazada.vn/kf/S5ecda7a048b246d78e0dc73f118adc95P.jpg",
              "sku": "3319884360_VNAMZ",
              "skuId": "16219405760",
              "itemUrl": "/products/pdp-i3319884360.html",
              "querystring": ""
            },
            {
              "image": "https://filebroker-cdn.lazada.vn/kf/S5af42e024df44f83a11dcedc478f02d1t.jpg",
              "sku": "3319884360_VNAMZ",
              "skuId": "16219405771",
              "itemUrl": "/products/pdp-i3319884360.html",
              "querystring": ""
            },
            {
              "image": "https://filebroker-cdn.lazada.vn/kf/S32233188ad354c7e844ff4b3e2571aaeX.jpg",
              "sku": "3319884360_VNAMZ",
              "skuId": "16219405770",
              "itemUrl": "/products/pdp-i3319884360.html",
              "querystring": ""
            }
          ],
          "sellerName": "AULA-mojing",
          "sellerId": "201039968120",
          "brandName": "AULA-MOJING",
          "brandId": "127567083",
          "cheapest_sku": "3319884360_VNAMZ-16219405768",
          "skuId": "16219405768",
          "sku": "3319884360_VNAMZ",
          "categories": [
            42062201,
            4455,
            2160,
            15219
          ],
          "price": "1486000",
          "restrictedAge": 0,
          "inStock": true,
          "originalPrice": "2896000",
          "clickTrace": "query:B%C3%A0n+ph%C3%ADm+c%C6%A1+aula+75;nid:3319884360;src:LazadaMainSrp;rn:d410eaa2a114d0bae901697abc58c5f0;region:vn;sku:3319884360_VNAMZ;price:1486000;client:desktop;supplier_id:201039968120;session_id:;biz_source:h5_internal;slot:24;utlog_bucket_id:470687;asc_category_id:15219;item_id:3319884360;sku_id:16219405768;shop_id:5050108;templateInfo:107883_E#-1_A3_C#",
          "itemSoldCntShow": "530 Đã bán",
          "longImageDisplayable": false,
          "skus": [
            {
              "id": "3319884360_VNAMZ-16219405768"
            }
          ],
          "promotionId": "",
          "isSponsored": false,
          "tItemType": "nt_product",
          "skuType": "2",
          "adFlag": "0",
          "directSimilarUrl": "https://native.m.lazada.com/dynamicxresult?item_img=https%3A%2F%2Ffilebroker-cdn.lazada.vn%2Fkf%2FSeb949bb2bc42425a857535e39419bb1bo.jpg&src=srp_findsimilar&item_id=3319884360&sku_id=16219405768&params=%7B%22sub_src%22%3A%22long_press%22%2C%22src%22%3A%22srp_findsimilar%22%7D&m=tpp_findSimilar&q=B%25C3%25A0n%2Bph%25C3%25ADm%2Bc%25C6%25A1%2Baula%2B75&similarType=findSimilarV1&price=1486000.00&spuTriggerItem=0",
          "gridTitleLine": "2",
          "isFission": "0",
          "isBadgeAutoScroll": false,
          "showCart": false,
          "showBackIcon": false,
          "showUnitPrice": false,
          "itemUrl": "//www.lazada.vn/products/pdp-i3319884360.html",
          "querystring": "fs_ab=2&priceCompare=skuId%3A16219405768%3Bsource%3Alazada-search-voucher%3Bsn%3Ad410eaa2a114d0bae901697abc58c5f0%3BoriginPrice%3A1486000%3BdisplayPrice%3A1486000%3BisGray%3Afalse%3BsinglePromotionId%3A460000000000000%3BsingleToolCode%3ApromPrice%3BvoucherPricePlugin%3A0%3Btimestamp%3A1781074857787&c=&ratingscore=4.890566037735849&freeshipping=1&source=search&channelLpJumpArgs=&fuse_fs=&search=1&sale=530&price=1.486E%206&review=265&location=China&stock=1&lang=vi&request_id=d410eaa2a114d0bae901697abc58c5f0&clickTrackInfo=query%253AB%2525C3%2525A0n%252Bph%2525C3%2525ADm%252Bc%2525C6%2525A1%252Baula%252B75%253Bnid%253A3319884360%253Bsrc%253ALazadaMainSrp%253Brn%253Ad410eaa2a114d0bae901697abc58c5f0%253Bregion%253Avn%253Bsku%253A3319884360_VNAMZ%253Bprice%253A1486000%253Bclient%253Adesktop%253Bsupplier_id%253A201039968120%253Bsession_id%253A%253Bbiz_source%253Ah5_internal%253Bslot%253A24%253Butlog_bucket_id%253A470687%253Basc_category_id%253A15219%253Bitem_id%253A3319884360%253Bsku_id%253A16219405768%253Bshop_id%253A5050108%253BtemplateInfo%253A107883_E%2523-1_A3_C%2523"
        },
        {
          "name": "AULA | Bàn phím cơ F75, Gasket Mount, Kết Nối 3 Chế Độ, Có Núm Xoay Kim Loại",
          "nid": "13392436205",
          "itemId": "13392436205",
          "icons": [
            {
              "domClass": "167087",
              "type": "img",
              "group": "6",
              "showType": "0",
              "bizType": "Freeshipping"
            },
            {
              "domClass": "120018",
              "text": "Voucher giảm  61%",
              "type": "text",
              "group": "2",
              "showType": "0",
              "bizType": "voucherApplied"
            },
            {
              "domClass": "226328",
              "type": "img",
              "group": "3",
              "showType": "0",
              "bizType": "campaign"
            },
            {
              "domClass": "76432",
              "type": "img",
              "group": "3",
              "showType": "0",
              "bizType": "lazMall"
            }
          ],
          "image": "https://filebroker-cdn.lazada.vn/kf/S6503ed77c547481b9000e8afceede068x.jpg",
          "isSmartImage": false,
          "utLogMap": {
            "srp_name": "LazadaMainSrp",
            "x_object_type": "item",
            "src": "organic",
            "trafficType": "organic",
            "lower_k": "b%C3%A0n+ph%C3%ADm+c%C6%A1+aula+75",
            "x_sku_ids": "117016228143",
            "x_item_ids": "13392436205",
            "iconList": "167087;120018;226328;76432",
            "SN": "d410eaa2a114d0bae901697abc58c5f0",
            "current_price": "1298000",
            "x_object_id": "13392436205",
            "ai_item": "0"
          },
          "originalPriceShow": "",
          "priceShow": "1.298.000 ₫",
          "discount": "61% Off",
          "ratingScore": "5.0",
          "review": "24",
          "location": "China",
          "description": [],
          "thumbs": [
            {
              "image": "https://filebroker-cdn.lazada.vn/kf/S7c509b02324d4c0089be7a41abfceb7dC.jpg",
              "sku": "13392436205_VNAMZ",
              "skuId": "117016228158",
              "itemUrl": "/products/pdp-i13392436205.html",
              "querystring": ""
            },
            {
              "image": "https://filebroker-cdn.lazada.vn/kf/S5b9313d316064654a55ee4d5cfb6ba5fc.jpg",
              "sku": "13392436205_VNAMZ",
              "skuId": "117016228159",
              "itemUrl": "/products/pdp-i13392436205.html",
              "querystring": ""
            },
            {
              "image": "https://filebroker-cdn.lazada.vn/kf/S8a227e7160e240519a61cd1194ddd9e5L.jpg",
              "sku": "13392436205_VNAMZ",
              "skuId": "117016228156",
              "itemUrl": "/products/pdp-i13392436205.html",
              "querystring": ""
            },
            {
              "image": "https://filebroker-cdn.lazada.vn/kf/S0f52a2c7880a47478f7615f13051819eq.jpg",
              "sku": "13392436205_VNAMZ",
              "skuId": "117016228157",
              "itemUrl": "/products/pdp-i13392436205.html",
              "querystring": ""
            },
            {
              "image": "https://filebroker-cdn.lazada.vn/kf/S75a9fc622bec4bd88a7140a85ec5bbd2s.jpg",
              "sku": "13392436205_VNAMZ",
              "skuId": "117016228150",
              "itemUrl": "/products/pdp-i13392436205.html",
              "querystring": ""
            },
            {
              "image": "https://filebroker-cdn.lazada.vn/kf/S14047b2e5d0c48ad9eed3a857e53b878A.jpg",
              "sku": "13392436205_VNAMZ",
              "skuId": "117016228151",
              "itemUrl": "/products/pdp-i13392436205.html",
              "querystring": ""
            },
            {
              "image": "https://filebroker-cdn.lazada.vn/kf/S7cda543b1eee418aaa0e36fcf8e514cb4.jpg",
              "sku": "13392436205_VNAMZ",
              "skuId": "117016228154",
              "itemUrl": "/products/pdp-i13392436205.html",
              "querystring": ""
            },
            {
              "image": "https://filebroker-cdn.lazada.vn/kf/S73c3bbb05a344e3da0b05733080b38af1.jpg",
              "sku": "13392436205_VNAMZ",
              "skuId": "117016228155",
              "itemUrl": "/products/pdp-i13392436205.html",
              "querystring": ""
            },
            {
              "image": "https://filebroker-cdn.lazada.vn/kf/S882fb84771124098be9d60f96b6318c5r.jpg",
              "sku": "13392436205_VNAMZ",
              "skuId": "117016228152",
              "itemUrl": "/products/pdp-i13392436205.html",
              "querystring": ""
            },
            {
              "image": "https://filebroker-cdn.lazada.vn/kf/Sda474f6d7c194f0a9b679f84d9a0af47x.jpg",
              "sku": "13392436205_VNAMZ",
              "skuId": "117016228153",
              "itemUrl": "/products/pdp-i13392436205.html",
              "querystring": ""
            },
            {
              "image": "https://filebroker-cdn.lazada.vn/kf/S2cb4af51c676486eadf9245873452acez.jpg",
              "sku": "13392436205_VNAMZ",
              "skuId": "117016228147",
              "itemUrl": "/products/pdp-i13392436205.html",
              "querystring": ""
            },
            {
              "image": "https://filebroker-cdn.lazada.vn/kf/S3e52b4fd787b42b9a8b530ec4c346697M.jpg",
              "sku": "13392436205_VNAMZ",
              "skuId": "117016228148",
              "itemUrl": "/products/pdp-i13392436205.html",
              "querystring": ""
            },
            {
              "image": "https://filebroker-cdn.lazada.vn/kf/S5af764ea688341299647abee825c7e5bQ.jpg",
              "sku": "13392436205_VNAMZ",
              "skuId": "117016228145",
              "itemUrl": "/products/pdp-i13392436205.html",
              "querystring": ""
            },
            {
              "image": "https://filebroker-cdn.lazada.vn/kf/Sd99038a3e5114c01b3e575d42bbf64c6y.jpg",
              "sku": "13392436205_VNAMZ",
              "skuId": "117016228167",
              "itemUrl": "/products/pdp-i13392436205.html",
              "querystring": ""
            },
            {
              "image": "https://filebroker-cdn.lazada.vn/kf/Sa586e7d0caba49b2810d3e9dfc089a172.jpg",
              "sku": "13392436205_VNAMZ",
              "skuId": "117016228146",
              "itemUrl": "/products/pdp-i13392436205.html",
              "querystring": ""
            },
            {
              "image": "https://filebroker-cdn.lazada.vn/kf/S160f602ad5884b09b535fed7195e35b62.jpg",
              "sku": "13392436205_VNAMZ",
              "skuId": "117016228149",
              "itemUrl": "/products/pdp-i13392436205.html",
              "querystring": ""
            },
            {
              "image": "https://filebroker-cdn.lazada.vn/kf/Sf822f05aed6f481db73113ade69ebdb0o.jpg",
              "sku": "13392436205_VNAMZ",
              "skuId": "117016228161",
              "itemUrl": "/products/pdp-i13392436205.html",
              "querystring": ""
            },
            {
              "image": "https://filebroker-cdn.lazada.vn/kf/S43ece7c16dc247489a30ca040db9b8cdN.jpg",
              "sku": "13392436205_VNAMZ",
              "skuId": "117016228162",
              "itemUrl": "/products/pdp-i13392436205.html",
              "querystring": ""
            },
            {
              "image": "https://filebroker-cdn.lazada.vn/kf/Scd75fcc6964e43d0ac3e25aede059d8aA.jpg",
              "sku": "13392436205_VNAMZ",
              "skuId": "117016228160",
              "itemUrl": "/products/pdp-i13392436205.html",
              "querystring": ""
            },
            {
              "image": "https://filebroker-cdn.lazada.vn/kf/S5af764ea688341299647abee825c7e5bQ.jpg",
              "sku": "13392436205_VNAMZ",
              "skuId": "117016228143",
              "itemUrl": "/products/pdp-i13392436205.html",
              "querystring": ""
            },
            {
              "image": "https://filebroker-cdn.lazada.vn/kf/S92dff60cba474979b97305fe991c0542G.jpg",
              "sku": "13392436205_VNAMZ",
              "skuId": "117016228165",
              "itemUrl": "/products/pdp-i13392436205.html",
              "querystring": ""
            },
            {
              "image": "https://filebroker-cdn.lazada.vn/kf/Sbf934c3b75294603aafa510c806d271al.jpg",
              "sku": "13392436205_VNAMZ",
              "skuId": "117016228144",
              "itemUrl": "/products/pdp-i13392436205.html",
              "querystring": ""
            },
            {
              "image": "https://filebroker-cdn.lazada.vn/kf/S58923c2ff9524fa8852e7847ac43915fy.jpg",
              "sku": "13392436205_VNAMZ",
              "skuId": "117016228166",
              "itemUrl": "/products/pdp-i13392436205.html",
              "querystring": ""
            },
            {
              "image": "https://filebroker-cdn.lazada.vn/kf/S1f472123e45649f4b56e7fee173d25a5Q.jpg",
              "sku": "13392436205_VNAMZ",
              "skuId": "117016228163",
              "itemUrl": "/products/pdp-i13392436205.html",
              "querystring": ""
            },
            {
              "image": "https://filebroker-cdn.lazada.vn/kf/S1a602f120fc9482f988ee7e9de787de0K.jpg",
              "sku": "13392436205_VNAMZ",
              "skuId": "117016228164",
              "itemUrl": "/products/pdp-i13392436205.html",
              "querystring": ""
            }
          ],
          "sellerName": "AULA eSports",
          "sellerId": "201040064688",
          "brandName": "ESPORTS LIVNG MUSEUM",
          "brandId": "127572639",
          "cheapest_sku": "13392436205_VNAMZ-117016228143",
          "skuId": "117016228143",
          "sku": "13392436205_VNAMZ",
          "categories": [
            42062201,
            4455,
            2160,
            2161
          ],
          "price": "1298000",
          "restrictedAge": 0,
          "inStock": true,
          "originalPrice": "3367000",
          "clickTrace": "query:B%C3%A0n+ph%C3%ADm+c%C6%A1+aula+75;nid:13392436205;src:LazadaMainSrp;rn:d410eaa2a114d0bae901697abc58c5f0;region:vn;sku:13392436205_VNAMZ;price:1298000;client:desktop;supplier_id:201040064688;session_id:;biz_source:h5_internal;slot:25;utlog_bucket_id:470687;asc_category_id:2161;item_id:13392436205;sku_id:117016228143;shop_id:5051141;templateInfo:107883_E#-1_A3_C#",
          "itemSoldCntShow": "68 Đã bán",
          "longImageDisplayable": false,
          "skus": [
            {
              "id": "13392436205_VNAMZ-117016228143"
            }
          ],
          "promotionId": "",
          "isSponsored": false,
          "tItemType": "nt_product",
          "skuType": "2",
          "adFlag": "0",
          "directSimilarUrl": "https://native.m.lazada.com/dynamicxresult?item_img=https%3A%2F%2Ffilebroker-cdn.lazada.vn%2Fkf%2FS6503ed77c547481b9000e8afceede068x.jpg&src=srp_findsimilar&item_id=13392436205&sku_id=117016228143&params=%7B%22sub_src%22%3A%22long_press%22%2C%22src%22%3A%22srp_findsimilar%22%7D&m=tpp_findSimilar&q=B%25C3%25A0n%2Bph%25C3%25ADm%2Bc%25C6%25A1%2Baula%2B75&similarType=findSimilarV1&price=1298000.00&spuTriggerItem=0",
          "gridTitleLine": "2",
          "isFission": "0",
          "isBadgeAutoScroll": false,
          "showCart": false,
          "showBackIcon": false,
          "showUnitPrice": false,
          "itemUrl": "//www.lazada.vn/products/pdp-i13392436205.html",
          "querystring": "fs_ab=2&priceCompare=skuId%3A117016228143%3Bsource%3Alazada-search-voucher%3Bsn%3Ad410eaa2a114d0bae901697abc58c5f0%3BoriginPrice%3A1298000%3BdisplayPrice%3A1298000%3BisGray%3Afalse%3BsinglePromotionId%3A460000000000000%3BsingleToolCode%3ApromPrice%3BvoucherPricePlugin%3A0%3Btimestamp%3A1781074857787&c=&ratingscore=5.0&freeshipping=1&source=search&channelLpJumpArgs=&fuse_fs=&search=1&sale=68&price=1.298E%206&review=24&location=China&stock=1&lang=vi&request_id=d410eaa2a114d0bae901697abc58c5f0&clickTrackInfo=query%253AB%2525C3%2525A0n%252Bph%2525C3%2525ADm%252Bc%2525C6%2525A1%252Baula%252B75%253Bnid%253A13392436205%253Bsrc%253ALazadaMainSrp%253Brn%253Ad410eaa2a114d0bae901697abc58c5f0%253Bregion%253Avn%253Bsku%253A13392436205_VNAMZ%253Bprice%253A1298000%253Bclient%253Adesktop%253Bsupplier_id%253A201040064688%253Bsession_id%253A%253Bbiz_source%253Ah5_internal%253Bslot%253A25%253Butlog_bucket_id%253A470687%253Basc_category_id%253A2161%253Bitem_id%253A13392436205%253Bsku_id%253A117016228143%253Bshop_id%253A5051141%253BtemplateInfo%253A107883_E%2523-1_A3_C%2523"
        },
        {
          "name": "AULA | Bàn Phím Cơ F75 Không Dây 3 Chế Độ, Gasket Mount, Hotswap, Layout 75% Có Núm Xoay",
          "nid": "3300646509",
          "itemId": "3300646509",
          "icons": [
            {
              "domClass": "167087",
              "type": "img",
              "group": "6",
              "showType": "0",
              "bizType": "Freeshipping"
            },
            {
              "domClass": "120018",
              "text": "Voucher giảm  55%",
              "type": "text",
              "group": "2",
              "showType": "0",
              "bizType": "voucherApplied"
            },
            {
              "domClass": "226328",
              "type": "img",
              "group": "3",
              "showType": "0",
              "bizType": "campaign"
            },
            {
              "domClass": "76432",
              "type": "img",
              "group": "3",
              "showType": "0",
              "bizType": "lazMall"
            }
          ],
          "image": "https://filebroker-cdn.lazada.vn/kf/S3791e2aaa35c4c3999ccd9afc46e69deQ.jpg",
          "isSmartImage": false,
          "utLogMap": {
            "srp_name": "LazadaMainSrp",
            "x_object_type": "item",
            "src": "organic",
            "trafficType": "organic",
            "lower_k": "b%C3%A0n+ph%C3%ADm+c%C6%A1+aula+75",
            "x_sku_ids": "16055633467",
            "x_item_ids": "3300646509",
            "iconList": "167087;120018;226328;76432",
            "SN": "d410eaa2a114d0bae901697abc58c5f0",
            "current_price": "1298000",
            "x_object_id": "3300646509",
            "ai_item": "0"
          },
          "originalPriceShow": "",
          "priceShow": "1.298.000 ₫",
          "discount": "55% Off",
          "ratingScore": "4.985401459854015",
          "review": "274",
          "location": "China",
          "description": [],
          "thumbs": [
            {
              "image": "https://filebroker-cdn.lazada.vn/kf/Sa86ef823b8ca4fb9a191e54b98f8a4a2E.jpg",
              "sku": "3300646509_VNAMZ",
              "skuId": "16055633469",
              "itemUrl": "/products/pdp-i3300646509.html",
              "querystring": ""
            },
            {
              "image": "https://filebroker-cdn.lazada.vn/kf/S5c9cab844cfc4f59b81d68ceb3fcfff3J.jpg",
              "sku": "3300646509_VNAMZ",
              "skuId": "16055633468",
              "itemUrl": "/products/pdp-i3300646509.html",
              "querystring": ""
            },
            {
              "image": "https://ae01.alicdn.com/kf/S1461b2c7d055409e92461bd11d02462a2.jpg",
              "sku": "3300646509_VNAMZ",
              "skuId": "16055633467",
              "itemUrl": "/products/pdp-i3300646509.html",
              "querystring": ""
            },
            {
              "image": "https://filebroker-cdn.lazada.vn/kf/S91c195c1888f4a93a4f97af3ea92cb9cx.jpg",
              "sku": "3300646509_VNAMZ",
              "skuId": "116921919842",
              "itemUrl": "/products/pdp-i3300646509.html",
              "querystring": ""
            },
            {
              "image": "https://filebroker-cdn.lazada.vn/kf/Sf32eea9299d04bd69cdaa66d74c3f55bZ.jpg",
              "sku": "3300646509_VNAMZ",
              "skuId": "16055633484",
              "itemUrl": "/products/pdp-i3300646509.html",
              "querystring": ""
            },
            {
              "image": "https://filebroker-cdn.lazada.vn/kf/S2f6dd1acb3314043bae37670e39f2830d.jpg",
              "sku": "3300646509_VNAMZ",
              "skuId": "116921919841",
              "itemUrl": "/products/pdp-i3300646509.html",
              "querystring": ""
            },
            {
              "image": "https://filebroker-cdn.lazada.vn/kf/S10b37925cc5e4edd87ae07b84e73f89da.jpg",
              "sku": "3300646509_VNAMZ",
              "skuId": "16055633483",
              "itemUrl": "/products/pdp-i3300646509.html",
              "querystring": ""
            },
            {
              "image": "https://filebroker-cdn.lazada.vn/kf/Sa0f48bffc6da4532a38e7f0dc7d1701fp.jpg",
              "sku": "3300646509_VNAMZ",
              "skuId": "116921919840",
              "itemUrl": "/products/pdp-i3300646509.html",
              "querystring": ""
            },
            {
              "image": "https://filebroker-cdn.lazada.vn/kf/S6c6c7f5bb4e641b8a6f4a7214291ea88x.jpg",
              "sku": "3300646509_VNAMZ",
              "skuId": "16055633480",
              "itemUrl": "/products/pdp-i3300646509.html",
              "querystring": ""
            },
            {
              "image": "https://filebroker-cdn.lazada.vn/kf/S424b582c6997465fb658a5f65a9b2816C.jpg",
              "sku": "3300646509_VNAMZ",
              "skuId": "16055633482",
              "itemUrl": "/products/pdp-i3300646509.html",
              "querystring": ""
            },
            {
              "image": "https://filebroker-cdn.lazada.vn/kf/S334d6ffea76d4f02b1b14d44aa5bed0ce.jpg",
              "sku": "3300646509_VNAMZ",
              "skuId": "16055633481",
              "itemUrl": "/products/pdp-i3300646509.html",
              "querystring": ""
            },
            {
              "image": "https://ae01.alicdn.com/kf/S1f8fd1b22d354659ab1d8e95497e71cdo.jpg",
              "sku": "3300646509_VNAMZ",
              "skuId": "16108554435",
              "itemUrl": "/products/pdp-i3300646509.html",
              "querystring": ""
            },
            {
              "image": "https://filebroker-cdn.lazada.vn/kf/S5c9cab844cfc4f59b81d68ceb3fcfff3J.jpg",
              "sku": "3300646509_VNAMZ",
              "skuId": "16108554436",
              "itemUrl": "/products/pdp-i3300646509.html",
              "querystring": ""
            },
            {
              "image": "https://filebroker-cdn.lazada.vn/kf/Se81ef3c856114978ac5799dc557aa2car.jpg",
              "sku": "3300646509_VNAMZ",
              "skuId": "116921919839",
              "itemUrl": "/products/pdp-i3300646509.html",
              "querystring": ""
            },
            {
              "image": "https://filebroker-cdn.lazada.vn/kf/Sd47eb23f62534e5096cd90bee1b25b01h.jpg",
              "sku": "3300646509_VNAMZ",
              "skuId": "16234121305",
              "itemUrl": "/products/pdp-i3300646509.html",
              "querystring": ""
            },
            {
              "image": "https://filebroker-cdn.lazada.vn/kf/Sa2308b354f89420f8ab8a968fedb85a2A.jpg",
              "sku": "3300646509_VNAMZ",
              "skuId": "116921919838",
              "itemUrl": "/products/pdp-i3300646509.html",
              "querystring": ""
            },
            {
              "image": "https://filebroker-cdn.lazada.vn/kf/Se86606967f90420a8df2156fd84d0967C.jpg",
              "sku": "3300646509_VNAMZ",
              "skuId": "116899590069",
              "itemUrl": "/products/pdp-i3300646509.html",
              "querystring": ""
            },
            {
              "image": "https://filebroker-cdn.lazada.vn/kf/S7c52e6000e1e42f78efd9df35f1826f8q.jpg",
              "sku": "3300646509_VNAMZ",
              "skuId": "16055633477",
              "itemUrl": "/products/pdp-i3300646509.html",
              "querystring": ""
            },
            {
              "image": "https://filebroker-cdn.lazada.vn/kf/S9bb0cdc7255045e1b9aedb9e23917976z.jpg",
              "sku": "3300646509_VNAMZ",
              "skuId": "16055633476",
              "itemUrl": "/products/pdp-i3300646509.html",
              "querystring": ""
            },
            {
              "image": "https://filebroker-cdn.lazada.vn/kf/S19561ae0cb0e46508d6878a019f4b9224.jpg",
              "sku": "3300646509_VNAMZ",
              "skuId": "16055633479",
              "itemUrl": "/products/pdp-i3300646509.html",
              "querystring": ""
            },
            {
              "image": "https://filebroker-cdn.lazada.vn/kf/S520dea43ea0343b0b9f110be9d46bd40C.jpg",
              "sku": "3300646509_VNAMZ",
              "skuId": "16055633478",
              "itemUrl": "/products/pdp-i3300646509.html",
              "querystring": ""
            },
            {
              "image": "https://filebroker-cdn.lazada.vn/kf/S160f602ad5884b09b535fed7195e35b62.jpg",
              "sku": "3300646509_VNAMZ",
              "skuId": "16055633473",
              "itemUrl": "/products/pdp-i3300646509.html",
              "querystring": ""
            },
            {
              "image": "https://filebroker-cdn.lazada.vn/kf/Sa7b5d0b63a64480a9e4bd2ff81d55d02T.jpg",
              "sku": "3300646509_VNAMZ",
              "skuId": "16055633472",
              "itemUrl": "/products/pdp-i3300646509.html",
              "querystring": ""
            },
            {
              "image": "https://filebroker-cdn.lazada.vn/kf/S745beb60c48c41ee97722c48f90bd32cw.jpg",
              "sku": "3300646509_VNAMZ",
              "skuId": "16055633475",
              "itemUrl": "/products/pdp-i3300646509.html",
              "querystring": ""
            },
            {
              "image": "https://filebroker-cdn.lazada.vn/kf/S757bc2a9a1604d3abffba18521fc4cd7y.jpg",
              "sku": "3300646509_VNAMZ",
              "skuId": "16055633474",
              "itemUrl": "/products/pdp-i3300646509.html",
              "querystring": ""
            },
            {
              "image": "https://filebroker-cdn.lazada.vn/kf/Se3f27b3bb98c4dbb9480933ade4e9c87g.jpg",
              "sku": "3300646509_VNAMZ",
              "skuId": "16055633471",
              "itemUrl": "/products/pdp-i3300646509.html",
              "querystring": ""
            },
            {
              "image": "https://filebroker-cdn.lazada.vn/kf/S4dfaaa7649e4401298e20d8c528d81f5W.jpg",
              "sku": "3300646509_VNAMZ",
              "skuId": "16055633470",
              "itemUrl": "/products/pdp-i3300646509.html",
              "querystring": ""
            },
            {
              "image": "https://filebroker-cdn.lazada.vn/kf/S1715a16bd47e413cb6553acb17e2fd14D.jpg",
              "sku": "3300646509_VNAMZ",
              "skuId": "116899590070",
              "itemUrl": "/products/pdp-i3300646509.html",
              "querystring": ""
            }
          ],
          "sellerName": "AULA eSports",
          "sellerId": "201040064688",
          "brandName": "ESPORTS LIVNG MUSEUM",
          "brandId": "127572639",
          "cheapest_sku": "3300646509_VNAMZ-16055633467",
          "skuId": "16055633467",
          "sku": "3300646509_VNAMZ",
          "categories": [
            42062201,
            4455,
            2160,
            2161
          ],
          "price": "1298000",
          "restrictedAge": 0,
          "inStock": true,
          "originalPrice": "2896000",
          "clickTrace": "query:B%C3%A0n+ph%C3%ADm+c%C6%A1+aula+75;nid:3300646509;src:LazadaMainSrp;rn:d410eaa2a114d0bae901697abc58c5f0;region:vn;sku:3300646509_VNAMZ;price:1298000;client:desktop;supplier_id:201040064688;session_id:;biz_source:h5_internal;slot:26;utlog_bucket_id:470687;asc_category_id:2161;item_id:3300646509;sku_id:16055633467;shop_id:5051141;templateInfo:107883_C_E#-1_A3#",
          "itemSoldCntShow": "1.0K Đã bán",
          "longImageDisplayable": false,
          "skus": [
            {
              "id": "3300646509_VNAMZ-16055633467"
            }
          ],
          "promotionId": "",
          "isSponsored": false,
          "tItemType": "nt_product",
          "skuType": "2",
          "adFlag": "0",
          "directSimilarUrl": "https://native.m.lazada.com/dynamicxresult?item_img=https%3A%2F%2Ffilebroker-cdn.lazada.vn%2Fkf%2FS3791e2aaa35c4c3999ccd9afc46e69deQ.jpg&src=srp_findsimilar&item_id=3300646509&sku_id=16055633467&params=%7B%22sub_src%22%3A%22long_press%22%2C%22src%22%3A%22srp_findsimilar%22%7D&m=tpp_findSimilar&q=B%25C3%25A0n%2Bph%25C3%25ADm%2Bc%25C6%25A1%2Baula%2B75&similarType=findSimilarV1&price=1298000.00&spuTriggerItem=0",
          "gridTitleLine": "2",
          "isFission": "0",
          "isBadgeAutoScroll": false,
          "showCart": false,
          "showBackIcon": false,
          "showUnitPrice": false,
          "itemUrl": "//www.lazada.vn/products/pdp-i3300646509.html",
          "querystring": "fs_ab=2&priceCompare=skuId%3A16055633467%3Bsource%3Alazada-search-voucher%3Bsn%3Ad410eaa2a114d0bae901697abc58c5f0%3BoriginPrice%3A1298000%3BdisplayPrice%3A1298000%3BisGray%3Afalse%3BsinglePromotionId%3A460000000000000%3BsingleToolCode%3ApromPrice%3BvoucherPricePlugin%3A0%3Btimestamp%3A1781074857787&c=&ratingscore=4.985401459854015&freeshipping=1&source=search&channelLpJumpArgs=&fuse_fs=&search=1&sale=1048&price=1.298E%206&review=274&location=China&stock=1&lang=vi&request_id=d410eaa2a114d0bae901697abc58c5f0&clickTrackInfo=query%253AB%2525C3%2525A0n%252Bph%2525C3%2525ADm%252Bc%2525C6%2525A1%252Baula%252B75%253Bnid%253A3300646509%253Bsrc%253ALazadaMainSrp%253Brn%253Ad410eaa2a114d0bae901697abc58c5f0%253Bregion%253Avn%253Bsku%253A3300646509_VNAMZ%253Bprice%253A1298000%253Bclient%253Adesktop%253Bsupplier_id%253A201040064688%253Bsession_id%253A%253Bbiz_source%253Ah5_internal%253Bslot%253A26%253Butlog_bucket_id%253A470687%253Basc_category_id%253A2161%253Bitem_id%253A3300646509%253Bsku_id%253A16055633467%253Bshop_id%253A5051141%253BtemplateInfo%253A107883_C_E%2523-1_A3%2523"
        },
        {
          "name": "AULA | Bàn Phím Cơ Không Dây 3 Chế Độ với Màn Hình Delta Design",
          "nid": "13379588827",
          "itemId": "13379588827",
          "icons": [
            {
              "domClass": "167087",
              "type": "img",
              "group": "6",
              "showType": "0",
              "bizType": "Freeshipping"
            },
            {
              "domClass": "120018",
              "text": "Voucher giảm  37%",
              "type": "text",
              "group": "2",
              "showType": "0",
              "bizType": "voucherApplied"
            },
            {
              "domClass": "225748",
              "type": "img",
              "group": "3",
              "showType": "0",
              "bizType": "campaign"
            },
            {
              "domClass": "76432",
              "type": "img",
              "group": "3",
              "showType": "0",
              "bizType": "lazMall"
            }
          ],
          "image": "https://filebroker-cdn.lazada.vn/kf/Sa6d9ca8cf9874eef8dda8e054fea2e70n.png",
          "isSmartImage": false,
          "utLogMap": {
            "srp_name": "LazadaMainSrp",
            "x_object_type": "item",
            "src": "organic",
            "trafficType": "organic",
            "lower_k": "b%C3%A0n+ph%C3%ADm+c%C6%A1+aula+75",
            "x_sku_ids": "116964276174",
            "x_item_ids": "13379588827",
            "iconList": "167087;120018;225748;76432",
            "SN": "d410eaa2a114d0bae901697abc58c5f0",
            "current_price": "2226000",
            "x_object_id": "13379588827",
            "ai_item": "0"
          },
          "originalPriceShow": "",
          "priceShow": "2.226.000 ₫",
          "discount": "37% Off",
          "ratingScore": "4.666666666666667",
          "review": "3",
          "location": "Hong Kong",
          "description": [],
          "thumbs": [
            {
              "image": "https://filebroker-cdn.lazada.vn/kf/S110cbff3798347a2a57c1a7f16f56981O.jpg",
              "sku": "13379588827_VNAMZ",
              "skuId": "116964276179",
              "itemUrl": "/products/pdp-i13379588827.html",
              "querystring": ""
            },
            {
              "image": "https://filebroker-cdn.lazada.vn/kf/S3304d79f8d6d48dca8a98d8a05960f7eM.jpg",
              "sku": "13379588827_VNAMZ",
              "skuId": "116964276178",
              "itemUrl": "/products/pdp-i13379588827.html",
              "querystring": ""
            },
            {
              "image": "https://filebroker-cdn.lazada.vn/kf/Se6dd1f722ca64bf192512291c0fa563fj.jpg",
              "sku": "13379588827_VNAMZ",
              "skuId": "116964276177",
              "itemUrl": "/products/pdp-i13379588827.html",
              "querystring": ""
            },
            {
              "image": "https://filebroker-cdn.lazada.vn/kf/Sb5eac95b262341fea5503b6a156125a2j.jpg",
              "sku": "13379588827_VNAMZ",
              "skuId": "116964276176",
              "itemUrl": "/products/pdp-i13379588827.html",
              "querystring": ""
            },
            {
              "image": "https://filebroker-cdn.lazada.vn/kf/Sb1ac9db7647949139d6d6c07eadb0989C.jpg",
              "sku": "13379588827_VNAMZ",
              "skuId": "116964276175",
              "itemUrl": "/products/pdp-i13379588827.html",
              "querystring": ""
            },
            {
              "image": "https://filebroker-cdn.lazada.vn/kf/S0c2e624aef18472a901d029a5e50acdc6.jpg",
              "sku": "13379588827_VNAMZ",
              "skuId": "116964276174",
              "itemUrl": "/products/pdp-i13379588827.html",
              "querystring": ""
            },
            {
              "image": "https://filebroker-cdn.lazada.vn/kf/Se3eb6e49257c4017abce93ae648ec55e4.jpg",
              "sku": "13379588827_VNAMZ",
              "skuId": "116964276173",
              "itemUrl": "/products/pdp-i13379588827.html",
              "querystring": ""
            },
            {
              "image": "https://filebroker-cdn.lazada.vn/kf/Sf852a394c83845efabcdd043038579b0C.jpg",
              "sku": "13379588827_VNAMZ",
              "skuId": "116964276172",
              "itemUrl": "/products/pdp-i13379588827.html",
              "querystring": ""
            },
            {
              "image": "https://filebroker-cdn.lazada.vn/kf/S3a5bb2a8335b466f8879c6fcadc230909.jpg",
              "sku": "13379588827_VNAMZ",
              "skuId": "116964276171",
              "itemUrl": "/products/pdp-i13379588827.html",
              "querystring": ""
            }
          ],
          "sellerName": "Brand Super Deal",
          "sellerId": "200194944463",
          "brandName": "AULA",
          "brandId": "3613",
          "cheapest_sku": "13379588827_VNAMZ-116964276174",
          "skuId": "116964276174",
          "sku": "13379588827_VNAMZ",
          "categories": [
            42062201,
            4455,
            2160,
            2161
          ],
          "price": "2226000",
          "restrictedAge": 0,
          "inStock": true,
          "originalPrice": "3535000",
          "clickTrace": "query:B%C3%A0n+ph%C3%ADm+c%C6%A1+aula+75;nid:13379588827;src:LazadaMainSrp;rn:d410eaa2a114d0bae901697abc58c5f0;region:vn;sku:13379588827_VNAMZ;price:2226000;client:desktop;supplier_id:200194944463;session_id:;biz_source:h5_internal;slot:27;utlog_bucket_id:470687;asc_category_id:2161;item_id:13379588827;sku_id:116964276174;shop_id:2874615;templateInfo:107883_E#-1_A3_C#",
          "itemSoldCntShow": "40 Đã bán",
          "longImageDisplayable": false,
          "skus": [
            {
              "id": "13379588827_VNAMZ-116964276174"
            }
          ],
          "promotionId": "",
          "isSponsored": false,
          "tItemType": "nt_product",
          "skuType": "2",
          "adFlag": "0",
          "directSimilarUrl": "https://native.m.lazada.com/dynamicxresult?item_img=https%3A%2F%2Ffilebroker-cdn.lazada.vn%2Fkf%2FSa6d9ca8cf9874eef8dda8e054fea2e70n.png&src=srp_findsimilar&item_id=13379588827&sku_id=116964276174&params=%7B%22sub_src%22%3A%22long_press%22%2C%22src%22%3A%22srp_findsimilar%22%7D&m=tpp_findSimilar&q=B%25C3%25A0n%2Bph%25C3%25ADm%2Bc%25C6%25A1%2Baula%2B75&similarType=findSimilarV1&price=2226000.00&spuTriggerItem=0",
          "gridTitleLine": "2",
          "isFission": "0",
          "isBadgeAutoScroll": false,
          "showCart": false,
          "showBackIcon": false,
          "showUnitPrice": false,
          "itemUrl": "//www.lazada.vn/products/pdp-i13379588827.html",
          "querystring": "fs_ab=2&priceCompare=skuId%3A116964276174%3Bsource%3Alazada-search-voucher%3Bsn%3Ad410eaa2a114d0bae901697abc58c5f0%3BoriginPrice%3A2226000%3BdisplayPrice%3A2226000%3BisGray%3Afalse%3BsinglePromotionId%3A300000000000000%3BsingleToolCode%3ApromPrice%3BvoucherPricePlugin%3A0%3Btimestamp%3A1781074857787&c=&ratingscore=4.666666666666667&freeshipping=1&source=search&channelLpJumpArgs=&fuse_fs=&search=1&sale=40&price=2.226E%206&review=3&location=Hong%20Kong&stock=1&lang=vi&request_id=d410eaa2a114d0bae901697abc58c5f0&clickTrackInfo=query%253AB%2525C3%2525A0n%252Bph%2525C3%2525ADm%252Bc%2525C6%2525A1%252Baula%252B75%253Bnid%253A13379588827%253Bsrc%253ALazadaMainSrp%253Brn%253Ad410eaa2a114d0bae901697abc58c5f0%253Bregion%253Avn%253Bsku%253A13379588827_VNAMZ%253Bprice%253A2226000%253Bclient%253Adesktop%253Bsupplier_id%253A200194944463%253Bsession_id%253A%253Bbiz_source%253Ah5_internal%253Bslot%253A27%253Butlog_bucket_id%253A470687%253Basc_category_id%253A2161%253Bitem_id%253A13379588827%253Bsku_id%253A116964276174%253Bshop_id%253A2874615%253BtemplateInfo%253A107883_E%2523-1_A3_C%2523"
        },
        {
          "name": "AULA | Bàn phím cơ ba chế độ F75 không dây Bluetooth dành cho máy tính/laptop",
          "nid": "13360152275",
          "itemId": "13360152275",
          "icons": [
            {
              "domClass": "167087",
              "type": "img",
              "group": "6",
              "showType": "0",
              "bizType": "Freeshipping"
            },
            {
              "domClass": "120018",
              "text": "Voucher giảm  32%",
              "type": "text",
              "group": "2",
              "showType": "0",
              "bizType": "voucherApplied"
            },
            {
              "domClass": "226328",
              "type": "img",
              "group": "3",
              "showType": "0",
              "bizType": "campaign"
            },
            {
              "domClass": "76432",
              "type": "img",
              "group": "3",
              "showType": "0",
              "bizType": "lazMall"
            }
          ],
          "image": "https://filebroker-cdn.lazada.vn/kf/Sb95552b2dccc4a759f4a9234035d9500L.jpg",
          "isSmartImage": false,
          "utLogMap": {
            "srp_name": "LazadaMainSrp",
            "x_object_type": "item",
            "src": "organic",
            "trafficType": "organic",
            "lower_k": "b%C3%A0n+ph%C3%ADm+c%C6%A1+aula+75",
            "x_sku_ids": "116861107369",
            "x_item_ids": "13360152275",
            "iconList": "167087;120018;226328;76432",
            "SN": "d410eaa2a114d0bae901697abc58c5f0",
            "current_price": "1016000",
            "x_object_id": "13360152275",
            "ai_item": "0"
          },
          "originalPriceShow": "",
          "priceShow": "1.016.000 ₫",
          "discount": "32% Off",
          "ratingScore": "4.977777777777778",
          "review": "45",
          "location": "Thành phố Hồ Chí Minh",
          "description": [],
          "thumbs": [
            {
              "image": "https://filebroker-cdn.lazada.vn/kf/S12d8c21cafb548a6956cfc394cbcf3963.jpg",
              "sku": "13360152275_VNAMZ",
              "skuId": "116979581212",
              "itemUrl": "/products/pdp-i13360152275.html",
              "querystring": ""
            },
            {
              "image": "https://filebroker-cdn.lazada.vn/kf/S22854c761ca94b669bb97414de8bca6ay.jpg",
              "sku": "13360152275_VNAMZ",
              "skuId": "116979581213",
              "itemUrl": "/products/pdp-i13360152275.html",
              "querystring": ""
            },
            {
              "image": "https://filebroker-cdn.lazada.vn/kf/S834f3ff33aae455cba9f6a5d751b96bbL.jpg",
              "sku": "13360152275_VNAMZ",
              "skuId": "116979581210",
              "itemUrl": "/products/pdp-i13360152275.html",
              "querystring": ""
            },
            {
              "image": "https://filebroker-cdn.lazada.vn/kf/Se52cc3767b8d4cca858d61b6d49e002fk.jpg",
              "sku": "13360152275_VNAMZ",
              "skuId": "116979581211",
              "itemUrl": "/products/pdp-i13360152275.html",
              "querystring": ""
            },
            {
              "image": "https://filebroker-cdn.lazada.vn/kf/S443444113a854771885b00f5ccf60748L.jpg",
              "sku": "13360152275_VNAMZ",
              "skuId": "116979581216",
              "itemUrl": "/products/pdp-i13360152275.html",
              "querystring": ""
            },
            {
              "image": "https://filebroker-cdn.lazada.vn/kf/S3faac9945d134cbc97cf814a319ff23eT.jpg",
              "sku": "13360152275_VNAMZ",
              "skuId": "116979581217",
              "itemUrl": "/products/pdp-i13360152275.html",
              "querystring": ""
            },
            {
              "image": "https://filebroker-cdn.lazada.vn/kf/S8317d6a9c30d4a5e9d9d1428cc49e8c6r.jpg",
              "sku": "13360152275_VNAMZ",
              "skuId": "116979581214",
              "itemUrl": "/products/pdp-i13360152275.html",
              "querystring": ""
            },
            {
              "image": "https://filebroker-cdn.lazada.vn/kf/S562ffa2dbdbd4525a1015bd68b8937a2S.jpg",
              "sku": "13360152275_VNAMZ",
              "skuId": "116979581215",
              "itemUrl": "/products/pdp-i13360152275.html",
              "querystring": ""
            },
            {
              "image": "https://filebroker-cdn.lazada.vn/kf/S7f16ac5eb2d247869790cdd1b5a91abdP.png",
              "sku": "13360152275_VNAMZ",
              "skuId": "116861107378",
              "itemUrl": "/products/pdp-i13360152275.html",
              "querystring": ""
            },
            {
              "image": "https://filebroker-cdn.lazada.vn/kf/S708d87f6df984d63bc3938400bd58002H.jpg",
              "sku": "13360152275_VNAMZ",
              "skuId": "116979581209",
              "itemUrl": "/products/pdp-i13360152275.html",
              "querystring": ""
            },
            {
              "image": "https://filebroker-cdn.lazada.vn/kf/Sf277efe3d7d240dbb24dd19785d01ce6R.png",
              "sku": "13360152275_VNAMZ",
              "skuId": "116861107377",
              "itemUrl": "/products/pdp-i13360152275.html",
              "querystring": ""
            },
            {
              "image": "https://filebroker-cdn.lazada.vn/kf/S7ff8271f78d04a608cef3b447ee711bcJ.jpg",
              "sku": "13360152275_VNAMZ",
              "skuId": "116861107369",
              "itemUrl": "/products/pdp-i13360152275.html",
              "querystring": ""
            },
            {
              "image": "https://filebroker-cdn.lazada.vn/kf/Sc14597b2132946e09568822e1421e287D.jpg",
              "sku": "13360152275_VNAMZ",
              "skuId": "116979581218",
              "itemUrl": "/products/pdp-i13360152275.html",
              "querystring": ""
            },
            {
              "image": "https://filebroker-cdn.lazada.vn/kf/Saa05e654a1f94f27a951fa23a2a51838v.jpg",
              "sku": "13360152275_VNAMZ",
              "skuId": "116861107368",
              "itemUrl": "/products/pdp-i13360152275.html",
              "querystring": ""
            },
            {
              "image": "https://filebroker-cdn.lazada.vn/kf/S355228541868432bb687deaccdcbffc4j.png",
              "sku": "13360152275_VNAMZ",
              "skuId": "116861107379",
              "itemUrl": "/products/pdp-i13360152275.html",
              "querystring": ""
            },
            {
              "image": "https://filebroker-cdn.lazada.vn/kf/S1690f405a921427085689687a1cd61435.png",
              "sku": "13360152275_VNAMZ",
              "skuId": "116861107381",
              "itemUrl": "/products/pdp-i13360152275.html",
              "querystring": ""
            },
            {
              "image": "https://filebroker-cdn.lazada.vn/kf/S22854c761ca94b669bb97414de8bca6ay.jpg",
              "sku": "13360152275_VNAMZ",
              "skuId": "116861107383",
              "itemUrl": "/products/pdp-i13360152275.html",
              "querystring": ""
            },
            {
              "image": "https://filebroker-cdn.lazada.vn/kf/S0e7071378e96486f8df0a98302071c1a8.jpg",
              "sku": "13360152275_VNAMZ",
              "skuId": "116861107371",
              "itemUrl": "/products/pdp-i13360152275.html",
              "querystring": ""
            },
            {
              "image": "https://filebroker-cdn.lazada.vn/kf/S3faac9945d134cbc97cf814a319ff23eT.jpg",
              "sku": "13360152275_VNAMZ",
              "skuId": "116861107382",
              "itemUrl": "/products/pdp-i13360152275.html",
              "querystring": ""
            },
            {
              "image": "https://filebroker-cdn.lazada.vn/kf/S50e9f3bea4e8459aa240b1674aad04d6R.jpg",
              "sku": "13360152275_VNAMZ",
              "skuId": "116861107374",
              "itemUrl": "/products/pdp-i13360152275.html",
              "querystring": ""
            },
            {
              "image": "https://filebroker-cdn.lazada.vn/kf/S443444113a854771885b00f5ccf60748L.jpg",
              "sku": "13360152275_VNAMZ",
              "skuId": "116861107384",
              "itemUrl": "/products/pdp-i13360152275.html",
              "querystring": ""
            },
            {
              "image": "https://filebroker-cdn.lazada.vn/kf/See9a1eefd537429f9bf85d2c7ae22269k.png",
              "sku": "13360152275_VNAMZ",
              "skuId": "116861107376",
              "itemUrl": "/products/pdp-i13360152275.html",
              "querystring": ""
            },
            {
              "image": "https://filebroker-cdn.lazada.vn/kf/S3dc0db82c1a847a88f4eb8af150c49135.png",
              "sku": "13360152275_VNAMZ",
              "skuId": "116861107375",
              "itemUrl": "/products/pdp-i13360152275.html",
              "querystring": ""
            }
          ],
          "sellerName": "Game Peripheral",
          "sellerId": "201052336013",
          "brandName": "AULA",
          "brandId": "3613",
          "cheapest_sku": "13360152275_VNAMZ-116861107369",
          "skuId": "116861107369",
          "sku": "13360152275_VNAMZ",
          "categories": [
            42062201,
            4455,
            2160,
            2161
          ],
          "price": "1016000",
          "restrictedAge": 0,
          "inStock": true,
          "originalPrice": "1486000",
          "clickTrace": "query:B%C3%A0n+ph%C3%ADm+c%C6%A1+aula+75;nid:13360152275;src:LazadaMainSrp;rn:d410eaa2a114d0bae901697abc58c5f0;region:vn;sku:13360152275_VNAMZ;price:1016000;client:desktop;supplier_id:201052336013;session_id:;biz_source:h5_internal;slot:28;utlog_bucket_id:470687;asc_category_id:2161;item_id:13360152275;sku_id:116861107369;shop_id:5054421;templateInfo:107883_E#-1_A3_C#",
          "itemSoldCntShow": "193 Đã bán",
          "longImageDisplayable": false,
          "skus": [
            {
              "id": "13360152275_VNAMZ-116861107369"
            }
          ],
          "promotionId": "",
          "isSponsored": false,
          "tItemType": "nt_product",
          "skuType": "2",
          "adFlag": "0",
          "directSimilarUrl": "https://native.m.lazada.com/dynamicxresult?item_img=https%3A%2F%2Ffilebroker-cdn.lazada.vn%2Fkf%2FSb95552b2dccc4a759f4a9234035d9500L.jpg&src=srp_findsimilar&item_id=13360152275&sku_id=116861107369&params=%7B%22sub_src%22%3A%22long_press%22%2C%22src%22%3A%22srp_findsimilar%22%7D&m=tpp_findSimilar&q=B%25C3%25A0n%2Bph%25C3%25ADm%2Bc%25C6%25A1%2Baula%2B75&similarType=findSimilarV1&price=1016000.00&spuTriggerItem=0",
          "gridTitleLine": "2",
          "isFission": "0",
          "isBadgeAutoScroll": false,
          "showCart": false,
          "showBackIcon": false,
          "showUnitPrice": false,
          "itemUrl": "//www.lazada.vn/products/pdp-i13360152275.html",
          "querystring": "fs_ab=2&priceCompare=skuId%3A116861107369%3Bsource%3Alazada-search-voucher%3Bsn%3Ad410eaa2a114d0bae901697abc58c5f0%3BoriginPrice%3A1016000%3BdisplayPrice%3A1016000%3BisGray%3Afalse%3BsinglePromotionId%3A460000000000000%3BsingleToolCode%3ApromPrice%3BvoucherPricePlugin%3A0%3Btimestamp%3A1781074857787&c=&ratingscore=4.977777777777778&freeshipping=1&source=search&channelLpJumpArgs=&fuse_fs=&search=1&sale=193&price=1.016E%206&review=45&location=Th%C3%A0nh%20ph%E1%BB%91%20H%E1%BB%93%20Ch%C3%AD%20Minh&stock=1&lang=vi&request_id=d410eaa2a114d0bae901697abc58c5f0&clickTrackInfo=query%253AB%2525C3%2525A0n%252Bph%2525C3%2525ADm%252Bc%2525C6%2525A1%252Baula%252B75%253Bnid%253A13360152275%253Bsrc%253ALazadaMainSrp%253Brn%253Ad410eaa2a114d0bae901697abc58c5f0%253Bregion%253Avn%253Bsku%253A13360152275_VNAMZ%253Bprice%253A1016000%253Bclient%253Adesktop%253Bsupplier_id%253A201052336013%253Bsession_id%253A%253Bbiz_source%253Ah5_internal%253Bslot%253A28%253Butlog_bucket_id%253A470687%253Basc_category_id%253A2161%253Bitem_id%253A13360152275%253Bsku_id%253A116861107369%253Bshop_id%253A5054421%253BtemplateInfo%253A107883_E%2523-1_A3_C%2523"
        },
        {
          "name": "AULA | Bàn Phím Chơi Game RGB 75 Phím Có Thể Tùy Chỉnh Ba Chế Độ",
          "nid": "13405416159",
          "itemId": "13405416159",
          "icons": [
            {
              "domClass": "167087",
              "type": "img",
              "group": "6",
              "showType": "0",
              "bizType": "Freeshipping"
            },
            {
              "domClass": "120018",
              "text": "Voucher giảm  49%",
              "type": "text",
              "group": "2",
              "showType": "0",
              "bizType": "voucherApplied"
            },
            {
              "domClass": "226328",
              "type": "img",
              "group": "3",
              "showType": "0",
              "bizType": "campaign"
            },
            {
              "domClass": "76432",
              "type": "img",
              "group": "3",
              "showType": "0",
              "bizType": "lazMall"
            }
          ],
          "image": "https://filebroker-cdn.lazada.vn/kf/Sce99f7ef00e9403f9f3ba1fbc4fed2e0d.png",
          "isSmartImage": false,
          "utLogMap": {
            "srp_name": "LazadaMainSrp",
            "x_object_type": "item",
            "src": "organic",
            "trafficType": "organic",
            "lower_k": "b%C3%A0n+ph%C3%ADm+c%C6%A1+aula+75",
            "x_sku_ids": "117070915028",
            "x_item_ids": "13405416159",
            "iconList": "167087;120018;226328;76432",
            "SN": "d410eaa2a114d0bae901697abc58c5f0",
            "current_price": "1221000",
            "x_object_id": "13405416159",
            "ai_item": "0"
          },
          "originalPriceShow": "",
          "priceShow": "1.221.000 ₫",
          "discount": "49% Off",
          "ratingScore": "",
          "review": "",
          "location": "China",
          "description": [],
          "thumbs": [
            {
              "image": "https://filebroker-cdn.lazada.vn/kf/Sce99f7ef00e9403f9f3ba1fbc4fed2e0d.png",
              "sku": "13405416159_VNAMZ",
              "skuId": "117070915019",
              "itemUrl": "/products/pdp-i13405416159.html",
              "querystring": ""
            },
            {
              "image": "https://filebroker-cdn.lazada.vn/kf/S6c1f5914ec454d878c9b84d68b0a946aO.jpg",
              "sku": "13405416159_VNAMZ",
              "skuId": "117070915027",
              "itemUrl": "/products/pdp-i13405416159.html",
              "querystring": ""
            },
            {
              "image": "https://filebroker-cdn.lazada.vn/kf/Se401dceb4d7d4a05a53519b5e94e24afL.jpg",
              "sku": "13405416159_VNAMZ",
              "skuId": "117070915028",
              "itemUrl": "/products/pdp-i13405416159.html",
              "querystring": ""
            },
            {
              "image": "https://filebroker-cdn.lazada.vn/kf/S4ec1edf77eae4f20a03160e0fd0dec7bQ.jpg",
              "sku": "13405416159_VNAMZ",
              "skuId": "117070915025",
              "itemUrl": "/products/pdp-i13405416159.html",
              "querystring": ""
            },
            {
              "image": "https://filebroker-cdn.lazada.vn/kf/S86eaf792576944cbbac7b34bad343d68c.jpg",
              "sku": "13405416159_VNAMZ",
              "skuId": "117070915026",
              "itemUrl": "/products/pdp-i13405416159.html",
              "querystring": ""
            },
            {
              "image": "https://filebroker-cdn.lazada.vn/kf/S67d8e8737b0d40a3969b1e0b8ec8d1c7n.jpg",
              "sku": "13405416159_VNAMZ",
              "skuId": "117070915023",
              "itemUrl": "/products/pdp-i13405416159.html",
              "querystring": ""
            },
            {
              "image": "https://filebroker-cdn.lazada.vn/kf/Se0f98eff29704a5c9dd51bcc33518658r.jpg",
              "sku": "13405416159_VNAMZ",
              "skuId": "117070915024",
              "itemUrl": "/products/pdp-i13405416159.html",
              "querystring": ""
            },
            {
              "image": "https://filebroker-cdn.lazada.vn/kf/Se7e0c635c5614c1d8bb565c5eb6d2a7aY.jpg",
              "sku": "13405416159_VNAMZ",
              "skuId": "117070915021",
              "itemUrl": "/products/pdp-i13405416159.html",
              "querystring": ""
            },
            {
              "image": "https://filebroker-cdn.lazada.vn/kf/S4dc34852c7e7471b8a5cbcc674bf03c05.jpg",
              "sku": "13405416159_VNAMZ",
              "skuId": "117070915022",
              "itemUrl": "/products/pdp-i13405416159.html",
              "querystring": ""
            },
            {
              "image": "https://filebroker-cdn.lazada.vn/kf/S94dd98c1c37645a381cdb39f409bea5cJ.png",
              "sku": "13405416159_VNAMZ",
              "skuId": "117070915020",
              "itemUrl": "/products/pdp-i13405416159.html",
              "querystring": ""
            }
          ],
          "sellerName": "AULA-DG",
          "sellerId": "201080592391",
          "brandName": "AULA",
          "brandId": "3613",
          "cheapest_sku": "13405416159_VNAMZ-117070915028",
          "skuId": "117070915028",
          "sku": "13405416159_VNAMZ",
          "categories": [
            42062201,
            4455,
            2160,
            2161
          ],
          "price": "1221000",
          "restrictedAge": 0,
          "inStock": true,
          "originalPrice": "2395000",
          "clickTrace": "query:B%C3%A0n+ph%C3%ADm+c%C6%A1+aula+75;nid:13405416159;src:LazadaMainSrp;rn:d410eaa2a114d0bae901697abc58c5f0;region:vn;sku:13405416159_VNAMZ;price:1221000;client:desktop;supplier_id:201080592391;session_id:;biz_source:h5_internal;slot:29;utlog_bucket_id:470687;asc_category_id:2161;item_id:13405416159;sku_id:117070915028;shop_id:5069243;templateInfo:107883_E#-1_A3_C#",
          "longImageDisplayable": false,
          "skus": [
            {
              "id": "13405416159_VNAMZ-117070915028"
            }
          ],
          "promotionId": "",
          "isSponsored": false,
          "tItemType": "nt_product",
          "skuType": "2",
          "adFlag": "0",
          "directSimilarUrl": "https://native.m.lazada.com/dynamicxresult?item_img=https%3A%2F%2Ffilebroker-cdn.lazada.vn%2Fkf%2FSce99f7ef00e9403f9f3ba1fbc4fed2e0d.png&src=srp_findsimilar&item_id=13405416159&sku_id=117070915028&params=%7B%22sub_src%22%3A%22long_press%22%2C%22src%22%3A%22srp_findsimilar%22%7D&m=tpp_findSimilar&q=B%25C3%25A0n%2Bph%25C3%25ADm%2Bc%25C6%25A1%2Baula%2B75&similarType=findSimilarV1&price=1221000.00&spuTriggerItem=0",
          "gridTitleLine": "2",
          "isFission": "0",
          "isBadgeAutoScroll": false,
          "showCart": false,
          "showBackIcon": false,
          "showUnitPrice": false,
          "itemUrl": "//www.lazada.vn/products/pdp-i13405416159.html",
          "querystring": "fs_ab=2&priceCompare=skuId%3A117070915028%3Bsource%3Alazada-search-voucher%3Bsn%3Ad410eaa2a114d0bae901697abc58c5f0%3BoriginPrice%3A1221000%3BdisplayPrice%3A1221000%3BisGray%3Afalse%3BsinglePromotionId%3A460000000000000%3BsingleToolCode%3ApromPrice%3BvoucherPricePlugin%3A0%3Btimestamp%3A1781074857787&c=&ratingscore=&freeshipping=1&source=search&channelLpJumpArgs=&fuse_fs=&search=1&sale=0&price=1.221E%206&review=&location=China&stock=1&lang=vi&request_id=d410eaa2a114d0bae901697abc58c5f0&clickTrackInfo=query%253AB%2525C3%2525A0n%252Bph%2525C3%2525ADm%252Bc%2525C6%2525A1%252Baula%252B75%253Bnid%253A13405416159%253Bsrc%253ALazadaMainSrp%253Brn%253Ad410eaa2a114d0bae901697abc58c5f0%253Bregion%253Avn%253Bsku%253A13405416159_VNAMZ%253Bprice%253A1221000%253Bclient%253Adesktop%253Bsupplier_id%253A201080592391%253Bsession_id%253A%253Bbiz_source%253Ah5_internal%253Bslot%253A29%253Butlog_bucket_id%253A470687%253Basc_category_id%253A2161%253Bitem_id%253A13405416159%253Bsku_id%253A117070915028%253Bshop_id%253A5069243%253BtemplateInfo%253A107883_E%2523-1_A3_C%2523"
        },
        {
          "name": "AULA | Bàn phím cơ tùy chỉnh S75pro dành cho game thủ và thể thao điện tử, không dây, ba chế độ, bố cục 75 inch, màn hình kỹ thuật số.",
          "nid": "3292723275",
          "itemId": "3292723275",
          "icons": [
            {
              "domClass": "167087",
              "type": "img",
              "group": "6",
              "showType": "0",
              "bizType": "Freeshipping"
            },
            {
              "domClass": "120018",
              "text": "Voucher giảm  57%",
              "type": "text",
              "group": "2",
              "showType": "0",
              "bizType": "voucherApplied"
            },
            {
              "domClass": "226328",
              "type": "img",
              "group": "3",
              "showType": "0",
              "bizType": "campaign"
            },
            {
              "domClass": "76432",
              "type": "img",
              "group": "3",
              "showType": "0",
              "bizType": "lazMall"
            }
          ],
          "image": "https://filebroker-cdn.lazada.vn/kf/S964633c8af334c40af3e6cc45ddbd3fcB.jpg",
          "isSmartImage": false,
          "utLogMap": {
            "srp_name": "LazadaMainSrp",
            "x_object_type": "item",
            "src": "organic",
            "trafficType": "organic",
            "lower_k": "b%C3%A0n+ph%C3%ADm+c%C6%A1+aula+75",
            "x_sku_ids": "15989752040",
            "x_item_ids": "3292723275",
            "iconList": "167087;120018;226328;76432",
            "SN": "d410eaa2a114d0bae901697abc58c5f0",
            "current_price": "1373000",
            "x_object_id": "3292723275",
            "ai_item": "0"
          },
          "originalPriceShow": "",
          "priceShow": "1.373.000 ₫",
          "discount": "57% Off",
          "ratingScore": "4.9787234042553195",
          "review": "94",
          "location": "China",
          "description": [],
          "thumbs": [
            {
              "image": "https://filebroker-cdn.lazada.vn/kf/Sd8a4ef2a05204d13a334fa3b8269888cA.jpg",
              "sku": "3292723275_VNAMZ",
              "skuId": "15989752039",
              "itemUrl": "/products/pdp-i3292723275.html",
              "querystring": ""
            },
            {
              "image": "https://filebroker-cdn.lazada.vn/kf/S5dd298ec678d4965b3e4709f346db8b8F.jpg",
              "sku": "3292723275_VNAMZ",
              "skuId": "15989752043",
              "itemUrl": "/products/pdp-i3292723275.html",
              "querystring": ""
            },
            {
              "image": "https://filebroker-cdn.lazada.vn/kf/S5dd298ec678d4965b3e4709f346db8b8F.jpg",
              "sku": "3292723275_VNAMZ",
              "skuId": "15989752042",
              "itemUrl": "/products/pdp-i3292723275.html",
              "querystring": ""
            },
            {
              "image": "https://filebroker-cdn.lazada.vn/kf/Sd22e653d9a9e4ccabb185259a42ea180U.jpg",
              "sku": "3292723275_VNAMZ",
              "skuId": "15989752034",
              "itemUrl": "/products/pdp-i3292723275.html",
              "querystring": ""
            },
            {
              "image": "https://filebroker-cdn.lazada.vn/kf/Sd1ff7de6a0a04ce8901c185da7bc9150L.jpg",
              "sku": "3292723275_VNAMZ",
              "skuId": "15989752045",
              "itemUrl": "/products/pdp-i3292723275.html",
              "querystring": ""
            },
            {
              "image": "https://filebroker-cdn.lazada.vn/kf/Sd1ff7de6a0a04ce8901c185da7bc9150L.jpg",
              "sku": "3292723275_VNAMZ",
              "skuId": "15989752044",
              "itemUrl": "/products/pdp-i3292723275.html",
              "querystring": ""
            },
            {
              "image": "https://filebroker-cdn.lazada.vn/kf/S2bd8ab66d88c4ea8be4de6ea22b43535V.jpg",
              "sku": "3292723275_VNAMZ",
              "skuId": "15989752036",
              "itemUrl": "/products/pdp-i3292723275.html",
              "querystring": ""
            },
            {
              "image": "https://filebroker-cdn.lazada.vn/kf/S5ab2cc1253594236878e44c403df6bfam.jpg",
              "sku": "3292723275_VNAMZ",
              "skuId": "15989752047",
              "itemUrl": "/products/pdp-i3292723275.html",
              "querystring": ""
            },
            {
              "image": "https://filebroker-cdn.lazada.vn/kf/Sd22e653d9a9e4ccabb185259a42ea180U.jpg",
              "sku": "3292723275_VNAMZ",
              "skuId": "15989752035",
              "itemUrl": "/products/pdp-i3292723275.html",
              "querystring": ""
            },
            {
              "image": "https://filebroker-cdn.lazada.vn/kf/S5ab2cc1253594236878e44c403df6bfam.jpg",
              "sku": "3292723275_VNAMZ",
              "skuId": "15989752046",
              "itemUrl": "/products/pdp-i3292723275.html",
              "querystring": ""
            },
            {
              "image": "https://filebroker-cdn.lazada.vn/kf/Sd8a4ef2a05204d13a334fa3b8269888cA.jpg",
              "sku": "3292723275_VNAMZ",
              "skuId": "15989752038",
              "itemUrl": "/products/pdp-i3292723275.html",
              "querystring": ""
            },
            {
              "image": "https://filebroker-cdn.lazada.vn/kf/Scde35a7049664f6186e8a31eafc1ebfeN.jpg",
              "sku": "3292723275_VNAMZ",
              "skuId": "15989752049",
              "itemUrl": "/products/pdp-i3292723275.html",
              "querystring": ""
            },
            {
              "image": "https://filebroker-cdn.lazada.vn/kf/S2bd8ab66d88c4ea8be4de6ea22b43535V.jpg",
              "sku": "3292723275_VNAMZ",
              "skuId": "15989752037",
              "itemUrl": "/products/pdp-i3292723275.html",
              "querystring": ""
            },
            {
              "image": "https://filebroker-cdn.lazada.vn/kf/Scde35a7049664f6186e8a31eafc1ebfeN.jpg",
              "sku": "3292723275_VNAMZ",
              "skuId": "15989752048",
              "itemUrl": "/products/pdp-i3292723275.html",
              "querystring": ""
            },
            {
              "image": "https://filebroker-cdn.lazada.vn/kf/S30c565056c364f17937ac7b7bbed9bfdk.jpg",
              "sku": "3292723275_VNAMZ",
              "skuId": "15989752050",
              "itemUrl": "/products/pdp-i3292723275.html",
              "querystring": ""
            },
            {
              "image": "https://filebroker-cdn.lazada.vn/kf/Sbc50f088d1b84a03bef9605dd2b66f0cM.jpg",
              "sku": "3292723275_VNAMZ",
              "skuId": "15989752041",
              "itemUrl": "/products/pdp-i3292723275.html",
              "querystring": ""
            },
            {
              "image": "https://filebroker-cdn.lazada.vn/kf/Sbc50f088d1b84a03bef9605dd2b66f0cM.jpg",
              "sku": "3292723275_VNAMZ",
              "skuId": "15989752040",
              "itemUrl": "/products/pdp-i3292723275.html",
              "querystring": ""
            },
            {
              "image": "https://filebroker-cdn.lazada.vn/kf/S30c565056c364f17937ac7b7bbed9bfdk.jpg",
              "sku": "3292723275_VNAMZ",
              "skuId": "15989752051",
              "itemUrl": "/products/pdp-i3292723275.html",
              "querystring": ""
            }
          ],
          "sellerName": "AULA TianZhu",
          "sellerId": "201073232356",
          "brandName": "AULA",
          "brandId": "3613",
          "cheapest_sku": "3292723275_VNAMZ-15989752040",
          "skuId": "15989752040",
          "sku": "3292723275_VNAMZ",
          "categories": [
            42062201,
            4455,
            2160,
            2161
          ],
          "price": "1373000",
          "restrictedAge": 0,
          "inStock": true,
          "originalPrice": "3213000",
          "clickTrace": "query:B%C3%A0n+ph%C3%ADm+c%C6%A1+aula+75;nid:3292723275;src:LazadaMainSrp;rn:d410eaa2a114d0bae901697abc58c5f0;region:vn;sku:3292723275_VNAMZ;price:1373000;client:desktop;supplier_id:201073232356;session_id:;biz_source:h5_internal;slot:30;utlog_bucket_id:470687;asc_category_id:2161;item_id:3292723275;sku_id:15989752040;shop_id:5061211;templateInfo:107883_E#-1_A3_C#",
          "itemSoldCntShow": "289 Đã bán",
          "longImageDisplayable": false,
          "skus": [
            {
              "id": "3292723275_VNAMZ-15989752040"
            }
          ],
          "promotionId": "",
          "isSponsored": false,
          "tItemType": "nt_product",
          "skuType": "2",
          "adFlag": "0",
          "directSimilarUrl": "https://native.m.lazada.com/dynamicxresult?item_img=https%3A%2F%2Ffilebroker-cdn.lazada.vn%2Fkf%2FS964633c8af334c40af3e6cc45ddbd3fcB.jpg&src=srp_findsimilar&item_id=3292723275&sku_id=15989752040&params=%7B%22sub_src%22%3A%22long_press%22%2C%22src%22%3A%22srp_findsimilar%22%7D&m=tpp_findSimilar&q=B%25C3%25A0n%2Bph%25C3%25ADm%2Bc%25C6%25A1%2Baula%2B75&similarType=findSimilarV1&price=1373000.00&spuTriggerItem=0",
          "gridTitleLine": "2",
          "isFission": "0",
          "isBadgeAutoScroll": false,
          "showCart": false,
          "showBackIcon": false,
          "showUnitPrice": false,
          "itemUrl": "//www.lazada.vn/products/pdp-i3292723275.html",
          "querystring": "fs_ab=2&priceCompare=skuId%3A15989752040%3Bsource%3Alazada-search-voucher%3Bsn%3Ad410eaa2a114d0bae901697abc58c5f0%3BoriginPrice%3A1373000%3BdisplayPrice%3A1373000%3BisGray%3Afalse%3BsinglePromotionId%3A460000000000000%3BsingleToolCode%3ApromPrice%3BvoucherPricePlugin%3A0%3Btimestamp%3A1781074857787&c=&ratingscore=4.9787234042553195&freeshipping=1&source=search&channelLpJumpArgs=&fuse_fs=&search=1&sale=289&price=1.373E%206&review=94&location=China&stock=1&lang=vi&request_id=d410eaa2a114d0bae901697abc58c5f0&clickTrackInfo=query%253AB%2525C3%2525A0n%252Bph%2525C3%2525ADm%252Bc%2525C6%2525A1%252Baula%252B75%253Bnid%253A3292723275%253Bsrc%253ALazadaMainSrp%253Brn%253Ad410eaa2a114d0bae901697abc58c5f0%253Bregion%253Avn%253Bsku%253A3292723275_VNAMZ%253Bprice%253A1373000%253Bclient%253Adesktop%253Bsupplier_id%253A201073232356%253Bsession_id%253A%253Bbiz_source%253Ah5_internal%253Bslot%253A30%253Butlog_bucket_id%253A470687%253Basc_category_id%253A2161%253Bitem_id%253A3292723275%253Bsku_id%253A15989752040%253Bshop_id%253A5061211%253BtemplateInfo%253A107883_E%2523-1_A3_C%2523"
        },
        {
          "name": "AULA | Bàn Phím Cơ F75, Gasket Mount, Tri-Mode, Hot-swap, Tiêu Âm 5 Lớp, Kèm Núm Xoay",
          "nid": "13359394861",
          "itemId": "13359394861",
          "icons": [
            {
              "domClass": "167087",
              "type": "img",
              "group": "6",
              "showType": "0",
              "bizType": "Freeshipping"
            },
            {
              "domClass": "120018",
              "text": "Voucher giảm  66%",
              "type": "text",
              "group": "2",
              "showType": "0",
              "bizType": "voucherApplied"
            },
            {
              "domClass": "226328",
              "type": "img",
              "group": "3",
              "showType": "0",
              "bizType": "campaign"
            },
            {
              "domClass": "76432",
              "type": "img",
              "group": "3",
              "showType": "0",
              "bizType": "lazMall"
            }
          ],
          "image": "https://filebroker-cdn.lazada.vn/kf/Se66442aa6150437cae8705c6b91e45aeA.jpg",
          "isSmartImage": false,
          "utLogMap": {
            "srp_name": "LazadaMainSrp",
            "x_object_type": "item",
            "src": "organic",
            "trafficType": "organic",
            "lower_k": "b%C3%A0n+ph%C3%ADm+c%C6%A1+aula+75",
            "x_sku_ids": "116861760778",
            "x_item_ids": "13359394861",
            "iconList": "167087;120018;226328;76432",
            "SN": "d410eaa2a114d0bae901697abc58c5f0",
            "current_price": "1486000",
            "x_object_id": "13359394861",
            "ai_item": "0"
          },
          "originalPriceShow": "",
          "priceShow": "1.486.000 ₫",
          "discount": "66% Off",
          "ratingScore": "5.0",
          "review": "11",
          "location": "China",
          "description": [],
          "thumbs": [
            {
              "image": "https://filebroker-cdn.lazada.vn/kf/Sc5f89cc251be456e964559a812c2a432P.jpg",
              "sku": "13359394861_VNAMZ",
              "skuId": "116861760784",
              "itemUrl": "/products/pdp-i13359394861.html",
              "querystring": ""
            },
            {
              "image": "https://filebroker-cdn.lazada.vn/kf/Sc07b8f8fa7c94d3ca4c2b319c07d0fc9W.jpg",
              "sku": "13359394861_VNAMZ",
              "skuId": "116861760783",
              "itemUrl": "/products/pdp-i13359394861.html",
              "querystring": ""
            },
            {
              "image": "https://filebroker-cdn.lazada.vn/kf/S307a9a35d27242d89c3157a0f9a7013b1.jpg",
              "sku": "13359394861_VNAMZ",
              "skuId": "116861760782",
              "itemUrl": "/products/pdp-i13359394861.html",
              "querystring": ""
            },
            {
              "image": "https://filebroker-cdn.lazada.vn/kf/Sbe9f8897ee9f419c963e9580442028a1o.jpg",
              "sku": "13359394861_VNAMZ",
              "skuId": "116861760781",
              "itemUrl": "/products/pdp-i13359394861.html",
              "querystring": ""
            },
            {
              "image": "https://filebroker-cdn.lazada.vn/kf/S22f2ab1204074cd384801d1ce863f59dr.jpg",
              "sku": "13359394861_VNAMZ",
              "skuId": "116861760780",
              "itemUrl": "/products/pdp-i13359394861.html",
              "querystring": ""
            },
            {
              "image": "https://ae01.alicdn.com/kf/S3b2524aac25c4e17b5edf6a49fc24734T.png",
              "sku": "13359394861_VNAMZ",
              "skuId": "116861760791",
              "itemUrl": "/products/pdp-i13359394861.html",
              "querystring": ""
            },
            {
              "image": "https://ae01.alicdn.com/kf/Sf39c4bd29fbf4db08fcd0627c8af54c4n.png",
              "sku": "13359394861_VNAMZ",
              "skuId": "116861760790",
              "itemUrl": "/products/pdp-i13359394861.html",
              "querystring": ""
            },
            {
              "image": "https://filebroker-cdn.lazada.vn/kf/Sf4a6f4369df0460392a170a57e0a4d7ay.jpg",
              "sku": "13359394861_VNAMZ",
              "skuId": "116861760779",
              "itemUrl": "/products/pdp-i13359394861.html",
              "querystring": ""
            },
            {
              "image": "https://ae01.alicdn.com/kf/Sc4ed5777e1ae4ad6b4fa29576e89eaebt.png",
              "sku": "13359394861_VNAMZ",
              "skuId": "116861760778",
              "itemUrl": "/products/pdp-i13359394861.html",
              "querystring": ""
            },
            {
              "image": "https://ae-pic-a1.aliexpress-media.com/kf/Sbdd41330d17247fd933afd1b70478b75A.png",
              "sku": "13359394861_VNAMZ",
              "skuId": "116861760789",
              "itemUrl": "/products/pdp-i13359394861.html",
              "querystring": ""
            },
            {
              "image": "https://ae01.alicdn.com/kf/S7b08832ce7eb422c9f30df5f2a8ff1d95.png",
              "sku": "13359394861_VNAMZ",
              "skuId": "116861760788",
              "itemUrl": "/products/pdp-i13359394861.html",
              "querystring": ""
            },
            {
              "image": "https://ae01.alicdn.com/kf/Sdcef18d637ec4fe68aaa1ea5a014e5f7i.png",
              "sku": "13359394861_VNAMZ",
              "skuId": "116861760787",
              "itemUrl": "/products/pdp-i13359394861.html",
              "querystring": ""
            },
            {
              "image": "https://ae01.alicdn.com/kf/S2dac68c368544d33a0f44c1f9b13af57b.png",
              "sku": "13359394861_VNAMZ",
              "skuId": "116861760786",
              "itemUrl": "/products/pdp-i13359394861.html",
              "querystring": ""
            },
            {
              "image": "https://filebroker-cdn.lazada.vn/kf/Sbe7c8813ad6a40919421e0b3493528cdM.jpg",
              "sku": "13359394861_VNAMZ",
              "skuId": "116861760785",
              "itemUrl": "/products/pdp-i13359394861.html",
              "querystring": ""
            }
          ],
          "sellerName": "AULA kezhihua Specialty Store",
          "sellerId": "201040144029",
          "brandName": "AULA",
          "brandId": "3613",
          "cheapest_sku": "13359394861_VNAMZ-116861760778",
          "skuId": "116861760778",
          "sku": "13359394861_VNAMZ",
          "categories": [
            42062201,
            4455,
            2160,
            2161
          ],
          "price": "1486000",
          "restrictedAge": 0,
          "inStock": true,
          "originalPrice": "4307000",
          "clickTrace": "query:B%C3%A0n+ph%C3%ADm+c%C6%A1+aula+75;nid:13359394861;src:LazadaMainSrp;rn:d410eaa2a114d0bae901697abc58c5f0;region:vn;sku:13359394861_VNAMZ;price:1486000;client:desktop;supplier_id:201040144029;session_id:;biz_source:h5_internal;slot:31;utlog_bucket_id:470687;asc_category_id:2161;item_id:13359394861;sku_id:116861760778;shop_id:5050074;templateInfo:107883_E#-1_A3_C#",
          "itemSoldCntShow": "66 Đã bán",
          "longImageDisplayable": false,
          "skus": [
            {
              "id": "13359394861_VNAMZ-116861760778"
            }
          ],
          "promotionId": "",
          "isSponsored": false,
          "tItemType": "nt_product",
          "skuType": "2",
          "adFlag": "0",
          "directSimilarUrl": "https://native.m.lazada.com/dynamicxresult?item_img=https%3A%2F%2Ffilebroker-cdn.lazada.vn%2Fkf%2FSe66442aa6150437cae8705c6b91e45aeA.jpg&src=srp_findsimilar&item_id=13359394861&sku_id=116861760778&params=%7B%22sub_src%22%3A%22long_press%22%2C%22src%22%3A%22srp_findsimilar%22%7D&m=tpp_findSimilar&q=B%25C3%25A0n%2Bph%25C3%25ADm%2Bc%25C6%25A1%2Baula%2B75&similarType=findSimilarV1&price=1486000.00&spuTriggerItem=0",
          "gridTitleLine": "2",
          "isFission": "0",
          "isBadgeAutoScroll": false,
          "showCart": false,
          "showBackIcon": false,
          "showUnitPrice": false,
          "itemUrl": "//www.lazada.vn/products/pdp-i13359394861.html",
          "querystring": "fs_ab=2&priceCompare=skuId%3A116861760778%3Bsource%3Alazada-search-voucher%3Bsn%3Ad410eaa2a114d0bae901697abc58c5f0%3BoriginPrice%3A1486000%3BdisplayPrice%3A1486000%3BisGray%3Afalse%3BsinglePromotionId%3A460000000000000%3BsingleToolCode%3ApromPrice%3BvoucherPricePlugin%3A0%3Btimestamp%3A1781074857787&c=&ratingscore=5.0&freeshipping=1&source=search&channelLpJumpArgs=&fuse_fs=&search=1&sale=66&price=1.486E%206&review=11&location=China&stock=1&lang=vi&request_id=d410eaa2a114d0bae901697abc58c5f0&clickTrackInfo=query%253AB%2525C3%2525A0n%252Bph%2525C3%2525ADm%252Bc%2525C6%2525A1%252Baula%252B75%253Bnid%253A13359394861%253Bsrc%253ALazadaMainSrp%253Brn%253Ad410eaa2a114d0bae901697abc58c5f0%253Bregion%253Avn%253Bsku%253A13359394861_VNAMZ%253Bprice%253A1486000%253Bclient%253Adesktop%253Bsupplier_id%253A201040144029%253Bsession_id%253A%253Bbiz_source%253Ah5_internal%253Bslot%253A31%253Butlog_bucket_id%253A470687%253Basc_category_id%253A2161%253Bitem_id%253A13359394861%253Bsku_id%253A116861760778%253Bshop_id%253A5050074%253BtemplateInfo%253A107883_E%2523-1_A3_C%2523"
        },
        {
          "name": "AULA | Bàn phím cơ không dây ba chế độ Tarantula nova75MAS với kết nối Bluetooth và có dây - Thiết bị ngoại vi máy tính có thể tùy chỉnh",
          "nid": "13347764494",
          "itemId": "13347764494",
          "icons": [
            {
              "domClass": "167087",
              "type": "img",
              "group": "6",
              "showType": "0",
              "bizType": "Freeshipping"
            },
            {
              "domClass": "120018",
              "text": "Voucher giảm  49%",
              "type": "text",
              "group": "2",
              "showType": "0",
              "bizType": "voucherApplied"
            },
            {
              "domClass": "226328",
              "type": "img",
              "group": "3",
              "showType": "0",
              "bizType": "campaign"
            },
            {
              "domClass": "76432",
              "type": "img",
              "group": "3",
              "showType": "0",
              "bizType": "lazMall"
            }
          ],
          "image": "https://filebroker-cdn.lazada.vn/kf/S0d289b88ad334b6480e5fe545b2271a6Z.jpg",
          "isSmartImage": false,
          "utLogMap": {
            "srp_name": "LazadaMainSrp",
            "x_object_type": "item",
            "src": "organic",
            "trafficType": "organic",
            "lower_k": "b%C3%A0n+ph%C3%ADm+c%C6%A1+aula+75",
            "x_sku_ids": "116693832863",
            "x_item_ids": "13347764494",
            "iconList": "167087;120018;226328;76432",
            "SN": "d410eaa2a114d0bae901697abc58c5f0",
            "current_price": "1486000",
            "x_object_id": "13347764494",
            "ai_item": "0"
          },
          "originalPriceShow": "",
          "priceShow": "1.486.000 ₫",
          "discount": "49% Off",
          "ratingScore": "4.928571428571429",
          "review": "13",
          "location": "China",
          "description": [],
          "thumbs": [
            {
              "image": "https://filebroker-cdn.lazada.vn/kf/S7f51aa16940741f79eebfd7e5886975b5.jpg",
              "sku": "13347764494_VNAMZ",
              "skuId": "116693832865",
              "itemUrl": "/products/pdp-i13347764494.html",
              "querystring": ""
            },
            {
              "image": "https://filebroker-cdn.lazada.vn/kf/Se7fcee5cab18430a852c3357b322aa1dq.jpg",
              "sku": "13347764494_VNAMZ",
              "skuId": "116693832866",
              "itemUrl": "/products/pdp-i13347764494.html",
              "querystring": ""
            },
            {
              "image": "https://filebroker-cdn.lazada.vn/kf/S7ef4afbb497d43c8810861f3cc4227eeJ.jpg",
              "sku": "13347764494_VNAMZ",
              "skuId": "116693832863",
              "itemUrl": "/products/pdp-i13347764494.html",
              "querystring": ""
            },
            {
              "image": "https://filebroker-cdn.lazada.vn/kf/S2cbb0da9b8f4434b9beaeb2b50dc8451i.jpg",
              "sku": "13347764494_VNAMZ",
              "skuId": "116693832864",
              "itemUrl": "/products/pdp-i13347764494.html",
              "querystring": ""
            },
            {
              "image": "https://filebroker-cdn.lazada.vn/kf/Sb8fd5b496c50403386ac6eeebcb0d22fp.jpg",
              "sku": "13347764494_VNAMZ",
              "skuId": "116693832869",
              "itemUrl": "/products/pdp-i13347764494.html",
              "querystring": ""
            },
            {
              "image": "https://filebroker-cdn.lazada.vn/kf/Sfe8df9b22bae4f3f975f4abcd1c898590.jpg",
              "sku": "13347764494_VNAMZ",
              "skuId": "116693832867",
              "itemUrl": "/products/pdp-i13347764494.html",
              "querystring": ""
            },
            {
              "image": "https://filebroker-cdn.lazada.vn/kf/Sc75f8bff39bd4db6a48b38472ad33899A.jpg",
              "sku": "13347764494_VNAMZ",
              "skuId": "116693832868",
              "itemUrl": "/products/pdp-i13347764494.html",
              "querystring": ""
            },
            {
              "image": "https://filebroker-cdn.lazada.vn/kf/Sa6e29570039c4a7eb3a004a90507839cO.jpg",
              "sku": "13347764494_VNAMZ",
              "skuId": "116693832862",
              "itemUrl": "/products/pdp-i13347764494.html",
              "querystring": ""
            },
            {
              "image": "https://filebroker-cdn.lazada.vn/kf/S7e3a86e3ea1248e289323edc2d76674fY.jpg",
              "sku": "13347764494_VNAMZ",
              "skuId": "116693832870",
              "itemUrl": "/products/pdp-i13347764494.html",
              "querystring": ""
            }
          ],
          "sellerName": "AULA-DG",
          "sellerId": "201080592391",
          "brandName": "AULA",
          "brandId": "3613",
          "cheapest_sku": "13347764494_VNAMZ-116693832863",
          "skuId": "116693832863",
          "sku": "13347764494_VNAMZ",
          "categories": [
            42062201,
            4455,
            2160,
            4459
          ],
          "price": "1486000",
          "restrictedAge": 0,
          "inStock": true,
          "originalPrice": "2897000",
          "clickTrace": "query:B%C3%A0n+ph%C3%ADm+c%C6%A1+aula+75;nid:13347764494;src:LazadaMainSrp;rn:d410eaa2a114d0bae901697abc58c5f0;region:vn;sku:13347764494_VNAMZ;price:1486000;client:desktop;supplier_id:201080592391;session_id:;biz_source:h5_internal;slot:32;utlog_bucket_id:470687;asc_category_id:4459;item_id:13347764494;sku_id:116693832863;shop_id:5069243;templateInfo:107883_E#-1_A3_C#",
          "itemSoldCntShow": "64 Đã bán",
          "longImageDisplayable": false,
          "skus": [
            {
              "id": "13347764494_VNAMZ-116693832863"
            }
          ],
          "promotionId": "",
          "isSponsored": false,
          "tItemType": "nt_product",
          "skuType": "2",
          "adFlag": "0",
          "directSimilarUrl": "https://native.m.lazada.com/dynamicxresult?item_img=https%3A%2F%2Ffilebroker-cdn.lazada.vn%2Fkf%2FS0d289b88ad334b6480e5fe545b2271a6Z.jpg&src=srp_findsimilar&item_id=13347764494&sku_id=116693832863&params=%7B%22sub_src%22%3A%22long_press%22%2C%22src%22%3A%22srp_findsimilar%22%7D&m=tpp_findSimilar&q=B%25C3%25A0n%2Bph%25C3%25ADm%2Bc%25C6%25A1%2Baula%2B75&similarType=findSimilarV1&price=1486000.00&spuTriggerItem=0",
          "gridTitleLine": "2",
          "isFission": "0",
          "isBadgeAutoScroll": false,
          "showCart": false,
          "showBackIcon": false,
          "showUnitPrice": false,
          "itemUrl": "//www.lazada.vn/products/pdp-i13347764494.html",
          "querystring": "fs_ab=2&priceCompare=skuId%3A116693832863%3Bsource%3Alazada-search-voucher%3Bsn%3Ad410eaa2a114d0bae901697abc58c5f0%3BoriginPrice%3A1486000%3BdisplayPrice%3A1486000%3BisGray%3Afalse%3BsinglePromotionId%3A460000000000000%3BsingleToolCode%3ApromPrice%3BvoucherPricePlugin%3A0%3Btimestamp%3A1781074857787&c=&ratingscore=4.928571428571429&freeshipping=1&source=search&channelLpJumpArgs=&fuse_fs=&search=1&sale=64&price=1.486E%206&review=13&location=China&stock=1&lang=vi&request_id=d410eaa2a114d0bae901697abc58c5f0&clickTrackInfo=query%253AB%2525C3%2525A0n%252Bph%2525C3%2525ADm%252Bc%2525C6%2525A1%252Baula%252B75%253Bnid%253A13347764494%253Bsrc%253ALazadaMainSrp%253Brn%253Ad410eaa2a114d0bae901697abc58c5f0%253Bregion%253Avn%253Bsku%253A13347764494_VNAMZ%253Bprice%253A1486000%253Bclient%253Adesktop%253Bsupplier_id%253A201080592391%253Bsession_id%253A%253Bbiz_source%253Ah5_internal%253Bslot%253A32%253Butlog_bucket_id%253A470687%253Basc_category_id%253A4459%253Bitem_id%253A13347764494%253Bsku_id%253A116693832863%253Bshop_id%253A5069243%253BtemplateInfo%253A107883_E%2523-1_A3_C%2523"
        },
        {
          "name": "AULA | Bàn Phím Cơ Custom AULA S75 Pro - Layout TKL 80%, Hotswap, Kết Nối Không Dây 3 Chế Độ (Tri-mode), LED RGB",
          "nid": "3315786639",
          "itemId": "3315786639",
          "icons": [
            {
              "domClass": "167087",
              "type": "img",
              "group": "6",
              "showType": "0",
              "bizType": "Freeshipping"
            },
            {
              "domClass": "120018",
              "text": "Voucher giảm  58%",
              "type": "text",
              "group": "2",
              "showType": "0",
              "bizType": "voucherApplied"
            },
            {
              "domClass": "226328",
              "type": "img",
              "group": "3",
              "showType": "0",
              "bizType": "campaign"
            },
            {
              "domClass": "76432",
              "type": "img",
              "group": "3",
              "showType": "0",
              "bizType": "lazMall"
            }
          ],
          "image": "https://ae-pic-a1.aliexpress-media.com/kf/Sdd93a0244acd4d3a89d42767977a6f9eB.png",
          "isSmartImage": false,
          "utLogMap": {
            "srp_name": "LazadaMainSrp",
            "x_object_type": "item",
            "src": "organic",
            "trafficType": "organic",
            "lower_k": "b%C3%A0n+ph%C3%ADm+c%C6%A1+aula+75",
            "x_sku_ids": "16184684572",
            "x_item_ids": "3315786639",
            "iconList": "167087;120018;226328;76432",
            "SN": "d410eaa2a114d0bae901697abc58c5f0",
            "current_price": "1015000",
            "x_object_id": "3315786639",
            "ai_item": "0"
          },
          "originalPriceShow": "",
          "priceShow": "1.015.000 ₫",
          "discount": "58% Off",
          "ratingScore": "4.6960352422907485",
          "review": "227",
          "location": "Thành phố Hồ Chí Minh",
          "description": [],
          "thumbs": [
            {
              "image": "https://filebroker-cdn.lazada.vn/kf/S5e742474b64d4b46b67e7b3951a4d6fe6.jpg",
              "sku": "3315786639_VNAMZ",
              "skuId": "16184684572",
              "itemUrl": "/products/pdp-i3315786639.html",
              "querystring": ""
            },
            {
              "image": "https://filebroker-cdn.lazada.vn/kf/S0a1df8ded53246bcad5f7503ecaa18de3.png",
              "sku": "3315786639_VNAMZ",
              "skuId": "16184684562",
              "itemUrl": "/products/pdp-i3315786639.html",
              "querystring": ""
            },
            {
              "image": "https://filebroker-cdn.lazada.vn/kf/S0c425efae92b4b07b7dbdf68eba2e4908.jpg",
              "sku": "3315786639_VNAMZ",
              "skuId": "16184684573",
              "itemUrl": "/products/pdp-i3315786639.html",
              "querystring": ""
            },
            {
              "image": "https://filebroker-cdn.lazada.vn/kf/Sc7ed11a48ff4424cacea1f6603fcac28I.jpg",
              "sku": "3315786639_VNAMZ",
              "skuId": "16184684570",
              "itemUrl": "/products/pdp-i3315786639.html",
              "querystring": ""
            },
            {
              "image": "https://filebroker-cdn.lazada.vn/kf/Se7f29a72cb9645c698730ef4faf05c08B.jpg",
              "sku": "3315786639_VNAMZ",
              "skuId": "16184684571",
              "itemUrl": "/products/pdp-i3315786639.html",
              "querystring": ""
            },
            {
              "image": "https://filebroker-cdn.lazada.vn/kf/S24872e6e1a504144871ea36557e3e13ah.jpg",
              "sku": "3315786639_VNAMZ",
              "skuId": "16184684569",
              "itemUrl": "/products/pdp-i3315786639.html",
              "querystring": ""
            },
            {
              "image": "https://filebroker-cdn.lazada.vn/kf/S5f98f360f6d94e7897e6b6375d1821dfv.jpg",
              "sku": "3315786639_VNAMZ",
              "skuId": "16184684567",
              "itemUrl": "/products/pdp-i3315786639.html",
              "querystring": ""
            },
            {
              "image": "https://filebroker-cdn.lazada.vn/kf/Sb9919ec1840c4e2d88b55cff15ec9d16a.jpg",
              "sku": "3315786639_VNAMZ",
              "skuId": "16184684568",
              "itemUrl": "/products/pdp-i3315786639.html",
              "querystring": ""
            },
            {
              "image": "https://filebroker-cdn.lazada.vn/kf/S29c300acb4244da6863567e7ce8a44abH.png",
              "sku": "3315786639_VNAMZ",
              "skuId": "16184684565",
              "itemUrl": "/products/pdp-i3315786639.html",
              "querystring": ""
            },
            {
              "image": "https://filebroker-cdn.lazada.vn/kf/Scb14031a61c7437cbde72234318ed07dI.jpg",
              "sku": "3315786639_VNAMZ",
              "skuId": "16184684576",
              "itemUrl": "/products/pdp-i3315786639.html",
              "querystring": ""
            },
            {
              "image": "https://filebroker-cdn.lazada.vn/kf/S555ee24e0c59458ba91e59920c0066ffS.png",
              "sku": "3315786639_VNAMZ",
              "skuId": "16184684566",
              "itemUrl": "/products/pdp-i3315786639.html",
              "querystring": ""
            },
            {
              "image": "https://filebroker-cdn.lazada.vn/kf/S5c4543e677214ddba6d68cd5e393c814K.jpg",
              "sku": "3315786639_VNAMZ",
              "skuId": "16184684577",
              "itemUrl": "/products/pdp-i3315786639.html",
              "querystring": ""
            },
            {
              "image": "https://filebroker-cdn.lazada.vn/kf/S9c8212323bed42eebeef4a2c1347f6a2t.png",
              "sku": "3315786639_VNAMZ",
              "skuId": "16184684563",
              "itemUrl": "/products/pdp-i3315786639.html",
              "querystring": ""
            },
            {
              "image": "https://filebroker-cdn.lazada.vn/kf/Se7e0c635c5614c1d8bb565c5eb6d2a7aY.jpg",
              "sku": "3315786639_VNAMZ",
              "skuId": "16184684574",
              "itemUrl": "/products/pdp-i3315786639.html",
              "querystring": ""
            },
            {
              "image": "https://filebroker-cdn.lazada.vn/kf/Sbc5373187fc546e4bffea0c4305ede81O.png",
              "sku": "3315786639_VNAMZ",
              "skuId": "16184684564",
              "itemUrl": "/products/pdp-i3315786639.html",
              "querystring": ""
            },
            {
              "image": "https://filebroker-cdn.lazada.vn/kf/S6763accc092d489a94cb0ad268b9ab035.jpg",
              "sku": "3315786639_VNAMZ",
              "skuId": "16184684575",
              "itemUrl": "/products/pdp-i3315786639.html",
              "querystring": ""
            }
          ],
          "sellerName": "AULA-DG",
          "sellerId": "201080592391",
          "brandName": "AULA",
          "brandId": "3613",
          "cheapest_sku": "3315786639_VNAMZ-16184684572",
          "skuId": "16184684572",
          "sku": "3315786639_VNAMZ",
          "categories": [
            42062201,
            4455,
            2160,
            2161
          ],
          "price": "1015000",
          "restrictedAge": 0,
          "inStock": true,
          "originalPrice": "2425000",
          "clickTrace": "query:B%C3%A0n+ph%C3%ADm+c%C6%A1+aula+75;nid:3315786639;src:LazadaMainSrp;rn:d410eaa2a114d0bae901697abc58c5f0;region:vn;sku:3315786639_VNAMZ;price:1015000;client:desktop;supplier_id:201080592391;session_id:;biz_source:h5_internal;slot:33;utlog_bucket_id:470687;asc_category_id:2161;item_id:3315786639;sku_id:16184684572;shop_id:5069243;templateInfo:107883_A3_C_E#",
          "itemSoldCntShow": "764 Đã bán",
          "longImageDisplayable": false,
          "skus": [
            {
              "id": "3315786639_VNAMZ-16184684572"
            }
          ],
          "promotionId": "",
          "isSponsored": false,
          "tItemType": "nt_product",
          "skuType": "2",
          "adFlag": "0",
          "directSimilarUrl": "https://native.m.lazada.com/dynamicxresult?item_img=https%3A%2F%2Fae-pic-a1.aliexpress-media.com%2Fkf%2FSdd93a0244acd4d3a89d42767977a6f9eB.png&src=srp_findsimilar&item_id=3315786639&sku_id=16184684572&params=%7B%22sub_src%22%3A%22long_press%22%2C%22src%22%3A%22srp_findsimilar%22%7D&m=tpp_findSimilar&q=B%25C3%25A0n%2Bph%25C3%25ADm%2Bc%25C6%25A1%2Baula%2B75&similarType=findSimilarV1&price=1015000.00&spuTriggerItem=0",
          "gridTitleLine": "2",
          "isFission": "0",
          "isBadgeAutoScroll": false,
          "showCart": false,
          "showBackIcon": false,
          "showUnitPrice": false,
          "itemUrl": "//www.lazada.vn/products/pdp-i3315786639.html",
          "querystring": "fs_ab=2&priceCompare=skuId%3A16184684572%3Bsource%3Alazada-search-voucher%3Bsn%3Ad410eaa2a114d0bae901697abc58c5f0%3BoriginPrice%3A1015000%3BdisplayPrice%3A1015000%3BisGray%3Afalse%3BsinglePromotionId%3A460000000000000%3BsingleToolCode%3ApromPrice%3BvoucherPricePlugin%3A0%3Btimestamp%3A1781074857787&c=&ratingscore=4.6960352422907485&freeshipping=1&source=search&channelLpJumpArgs=&fuse_fs=&search=1&sale=764&price=1.015E%206&review=227&location=Th%C3%A0nh%20ph%E1%BB%91%20H%E1%BB%93%20Ch%C3%AD%20Minh&stock=1&lang=vi&request_id=d410eaa2a114d0bae901697abc58c5f0&clickTrackInfo=query%253AB%2525C3%2525A0n%252Bph%2525C3%2525ADm%252Bc%2525C6%2525A1%252Baula%252B75%253Bnid%253A3315786639%253Bsrc%253ALazadaMainSrp%253Brn%253Ad410eaa2a114d0bae901697abc58c5f0%253Bregion%253Avn%253Bsku%253A3315786639_VNAMZ%253Bprice%253A1015000%253Bclient%253Adesktop%253Bsupplier_id%253A201080592391%253Bsession_id%253A%253Bbiz_source%253Ah5_internal%253Bslot%253A33%253Butlog_bucket_id%253A470687%253Basc_category_id%253A2161%253Bitem_id%253A3315786639%253Bsku_id%253A16184684572%253Bshop_id%253A5069243%253BtemplateInfo%253A107883_A3_C_E%2523"
        },
        {
          "name": "AULA | Bàn phím cơ Tarantula F75 ba chế độ - Không dây Bluetooth - Chuyên dụng cho công việc văn phòng, chơi game và thể thao điện tử.",
          "nid": "13348279905",
          "itemId": "13348279905",
          "icons": [
            {
              "domClass": "167087",
              "type": "img",
              "group": "6",
              "showType": "0",
              "bizType": "Freeshipping"
            },
            {
              "domClass": "120018",
              "text": "Voucher giảm  32%",
              "type": "text",
              "group": "2",
              "showType": "0",
              "bizType": "voucherApplied"
            },
            {
              "domClass": "226328",
              "type": "img",
              "group": "3",
              "showType": "0",
              "bizType": "campaign"
            },
            {
              "domClass": "76432",
              "type": "img",
              "group": "3",
              "showType": "0",
              "bizType": "lazMall"
            }
          ],
          "image": "https://ae-pic-a1.aliexpress-media.com/kf/Sedc0f5ec6cd642c78622d9f60f40e6ec7.png",
          "isSmartImage": false,
          "utLogMap": {
            "srp_name": "LazadaMainSrp",
            "x_object_type": "item",
            "src": "organic",
            "trafficType": "organic",
            "lower_k": "b%C3%A0n+ph%C3%ADm+c%C6%A1+aula+75",
            "x_sku_ids": "116708872215",
            "x_item_ids": "13348279905",
            "iconList": "167087;120018;226328;76432",
            "SN": "d410eaa2a114d0bae901697abc58c5f0",
            "current_price": "1014000",
            "x_object_id": "13348279905",
            "ai_item": "0"
          },
          "originalPriceShow": "",
          "priceShow": "1.014.000 ₫",
          "discount": "32% Off",
          "ratingScore": "5.0",
          "review": "55",
          "location": "China",
          "description": [],
          "thumbs": [
            {
              "image": "https://filebroker-cdn.lazada.vn/kf/Sdcdd88777fd44f5795ad99009259b72fh.jpg",
              "sku": "13348279905_VNAMZ",
              "skuId": "116708872219",
              "itemUrl": "/products/pdp-i13348279905.html",
              "querystring": ""
            },
            {
              "image": "https://ae-pic-a1.aliexpress-media.com/kf/Sf2cd4f13afad46b49287523c85e5af56H.png",
              "sku": "13348279905_VNAMZ",
              "skuId": "116708872225",
              "itemUrl": "/products/pdp-i13348279905.html",
              "querystring": ""
            },
            {
              "image": "https://ae-pic-a1.aliexpress-media.com/kf/S859dea5dbc7c44e19a7c599bd5e6d11eQ.png",
              "sku": "13348279905_VNAMZ",
              "skuId": "116896023784",
              "itemUrl": "/products/pdp-i13348279905.html",
              "querystring": ""
            },
            {
              "image": "https://ae-pic-a1.aliexpress-media.com/kf/S6ea0efba8d924b2ebf232962356e08b4E.png",
              "sku": "13348279905_VNAMZ",
              "skuId": "116708872224",
              "itemUrl": "/products/pdp-i13348279905.html",
              "querystring": ""
            },
            {
              "image": "https://ae-pic-a1.aliexpress-media.com/kf/Sf405049246064615b46ebf227960a90cv.png",
              "sku": "13348279905_VNAMZ",
              "skuId": "116896023783",
              "itemUrl": "/products/pdp-i13348279905.html",
              "querystring": ""
            },
            {
              "image": "https://ae-pic-a1.aliexpress-media.com/kf/Se41647cba884409da83a3073b7e1a3bci.png",
              "sku": "13348279905_VNAMZ",
              "skuId": "116708872223",
              "itemUrl": "/products/pdp-i13348279905.html",
              "querystring": ""
            },
            {
              "image": "https://filebroker-cdn.lazada.vn/kf/Sb11dad2b28104542a2a7a43283c091eb3.jpg",
              "sku": "13348279905_VNAMZ",
              "skuId": "116708872218",
              "itemUrl": "/products/pdp-i13348279905.html",
              "querystring": ""
            },
            {
              "image": "https://ae-pic-a1.aliexpress-media.com/kf/Sa4d0ffe672dc4a88a6e186b92d45c74a3.png",
              "sku": "13348279905_VNAMZ",
              "skuId": "116708872228",
              "itemUrl": "/products/pdp-i13348279905.html",
              "querystring": ""
            },
            {
              "image": "https://filebroker-cdn.lazada.vn/kf/S3a954a1d7ba440d2904acf19ec4b3445G.jpg",
              "sku": "13348279905_VNAMZ",
              "skuId": "116708872216",
              "itemUrl": "/products/pdp-i13348279905.html",
              "querystring": ""
            },
            {
              "image": "https://ae-pic-a1.aliexpress-media.com/kf/Sa0008e099dee48d8a2602478a6309bfdq.png",
              "sku": "13348279905_VNAMZ",
              "skuId": "116708872227",
              "itemUrl": "/products/pdp-i13348279905.html",
              "querystring": ""
            },
            {
              "image": "https://filebroker-cdn.lazada.vn/kf/Se31eb9516ce441a0a1d54f96f1e341d7k.png",
              "sku": "13348279905_VNAMZ",
              "skuId": "116708872215",
              "itemUrl": "/products/pdp-i13348279905.html",
              "querystring": ""
            },
            {
              "image": "https://ae-pic-a1.aliexpress-media.com/kf/S745212b489bb4c35bd9eca996efddc39f.png",
              "sku": "13348279905_VNAMZ",
              "skuId": "116708872226",
              "itemUrl": "/products/pdp-i13348279905.html",
              "querystring": ""
            },
            {
              "image": "https://filebroker-cdn.lazada.vn/kf/S8961cdf4d28e45e19abb5db5f7a4ace3m.jpg",
              "sku": "13348279905_VNAMZ",
              "skuId": "116708872221",
              "itemUrl": "/products/pdp-i13348279905.html",
              "querystring": ""
            }
          ],
          "sellerName": "Game Peripheral",
          "sellerId": "201052336013",
          "brandName": "AULA",
          "brandId": "3613",
          "cheapest_sku": "13348279905_VNAMZ-116708872215",
          "skuId": "116708872215",
          "sku": "13348279905_VNAMZ",
          "categories": [
            42062201,
            4455,
            2160,
            2161
          ],
          "price": "1014000",
          "restrictedAge": 0,
          "inStock": true,
          "originalPrice": "1484000",
          "clickTrace": "query:B%C3%A0n+ph%C3%ADm+c%C6%A1+aula+75;nid:13348279905;src:LazadaMainSrp;rn:d410eaa2a114d0bae901697abc58c5f0;region:vn;sku:13348279905_VNAMZ;price:1014000;client:desktop;supplier_id:201052336013;session_id:;biz_source:h5_internal;slot:34;utlog_bucket_id:470687;asc_category_id:2161;item_id:13348279905;sku_id:116708872215;shop_id:5054421;templateInfo:107883_E#-1_A3_C#",
          "itemSoldCntShow": "244 Đã bán",
          "longImageDisplayable": false,
          "skus": [
            {
              "id": "13348279905_VNAMZ-116708872215"
            }
          ],
          "promotionId": "",
          "isSponsored": false,
          "tItemType": "nt_product",
          "skuType": "2",
          "adFlag": "0",
          "directSimilarUrl": "https://native.m.lazada.com/dynamicxresult?item_img=https%3A%2F%2Fae-pic-a1.aliexpress-media.com%2Fkf%2FSedc0f5ec6cd642c78622d9f60f40e6ec7.png&src=srp_findsimilar&item_id=13348279905&sku_id=116708872215&params=%7B%22sub_src%22%3A%22long_press%22%2C%22src%22%3A%22srp_findsimilar%22%7D&m=tpp_findSimilar&q=B%25C3%25A0n%2Bph%25C3%25ADm%2Bc%25C6%25A1%2Baula%2B75&similarType=findSimilarV1&price=1014000.00&spuTriggerItem=0",
          "gridTitleLine": "2",
          "isFission": "0",
          "isBadgeAutoScroll": false,
          "showCart": false,
          "showBackIcon": false,
          "showUnitPrice": false,
          "itemUrl": "//www.lazada.vn/products/pdp-i13348279905.html",
          "querystring": "fs_ab=2&priceCompare=skuId%3A116708872215%3Bsource%3Alazada-search-voucher%3Bsn%3Ad410eaa2a114d0bae901697abc58c5f0%3BoriginPrice%3A1014000%3BdisplayPrice%3A1014000%3BisGray%3Afalse%3BsinglePromotionId%3A460000000000000%3BsingleToolCode%3ApromPrice%3BvoucherPricePlugin%3A0%3Btimestamp%3A1781074857787&c=&ratingscore=5.0&freeshipping=1&source=search&channelLpJumpArgs=&fuse_fs=&search=1&sale=244&price=1.014E%206&review=55&location=China&stock=1&lang=vi&request_id=d410eaa2a114d0bae901697abc58c5f0&clickTrackInfo=query%253AB%2525C3%2525A0n%252Bph%2525C3%2525ADm%252Bc%2525C6%2525A1%252Baula%252B75%253Bnid%253A13348279905%253Bsrc%253ALazadaMainSrp%253Brn%253Ad410eaa2a114d0bae901697abc58c5f0%253Bregion%253Avn%253Bsku%253A13348279905_VNAMZ%253Bprice%253A1014000%253Bclient%253Adesktop%253Bsupplier_id%253A201052336013%253Bsession_id%253A%253Bbiz_source%253Ah5_internal%253Bslot%253A34%253Butlog_bucket_id%253A470687%253Basc_category_id%253A2161%253Bitem_id%253A13348279905%253Bsku_id%253A116708872215%253Bshop_id%253A5054421%253BtemplateInfo%253A107883_E%2523-1_A3_C%2523"
        },
        {
          "name": "AULA | Bàn Phím Cơ S75 PRO Màn Hình LED Kỹ Thuật Số, Kết Nối 3 Chế Độ",
          "nid": "13361253958",
          "itemId": "13361253958",
          "icons": [
            {
              "domClass": "167087",
              "type": "img",
              "group": "6",
              "showType": "0",
              "bizType": "Freeshipping"
            },
            {
              "domClass": "120018",
              "text": "Voucher giảm  45%",
              "type": "text",
              "group": "2",
              "showType": "0",
              "bizType": "voucherApplied"
            },
            {
              "domClass": "226328",
              "type": "img",
              "group": "3",
              "showType": "0",
              "bizType": "campaign"
            },
            {
              "domClass": "76432",
              "type": "img",
              "group": "3",
              "showType": "0",
              "bizType": "lazMall"
            }
          ],
          "image": "https://filebroker-cdn.lazada.vn/kf/S094c18127dd64c919433f90d3297ff8dl.jpg",
          "isSmartImage": false,
          "utLogMap": {
            "srp_name": "LazadaMainSrp",
            "x_object_type": "item",
            "src": "organic",
            "trafficType": "organic",
            "lower_k": "b%C3%A0n+ph%C3%ADm+c%C6%A1+aula+75",
            "x_sku_ids": "116884770752",
            "x_item_ids": "13361253958",
            "iconList": "167087;120018;226328;76432",
            "SN": "d410eaa2a114d0bae901697abc58c5f0",
            "current_price": "1860000",
            "x_object_id": "13361253958",
            "ai_item": "0"
          },
          "originalPriceShow": "",
          "priceShow": "1.860.000 ₫",
          "discount": "45% Off",
          "ratingScore": "5.0",
          "review": "1",
          "location": "China",
          "description": [],
          "thumbs": [
            {
              "image": "https://filebroker-cdn.lazada.vn/kf/S30b220b983eb4c1c929c2f41b913e4d8w.jpg",
              "sku": "13361253958_VNAMZ",
              "skuId": "116884770759",
              "itemUrl": "/products/pdp-i13361253958.html",
              "querystring": ""
            },
            {
              "image": "https://filebroker-cdn.lazada.vn/kf/S30b220b983eb4c1c929c2f41b913e4d8w.jpg",
              "sku": "13361253958_VNAMZ",
              "skuId": "116884770758",
              "itemUrl": "/products/pdp-i13361253958.html",
              "querystring": ""
            },
            {
              "image": "https://filebroker-cdn.lazada.vn/kf/S30b220b983eb4c1c929c2f41b913e4d8w.jpg",
              "sku": "13361253958_VNAMZ",
              "skuId": "116884770760",
              "itemUrl": "/products/pdp-i13361253958.html",
              "querystring": ""
            },
            {
              "image": "https://filebroker-cdn.lazada.vn/kf/S30b220b983eb4c1c929c2f41b913e4d8w.jpg",
              "sku": "13361253958_VNAMZ",
              "skuId": "116884770753",
              "itemUrl": "/products/pdp-i13361253958.html",
              "querystring": ""
            },
            {
              "image": "https://filebroker-cdn.lazada.vn/kf/S30b220b983eb4c1c929c2f41b913e4d8w.jpg",
              "sku": "13361253958_VNAMZ",
              "skuId": "116884770752",
              "itemUrl": "/products/pdp-i13361253958.html",
              "querystring": ""
            },
            {
              "image": "https://filebroker-cdn.lazada.vn/kf/S30b220b983eb4c1c929c2f41b913e4d8w.jpg",
              "sku": "13361253958_VNAMZ",
              "skuId": "116884770763",
              "itemUrl": "/products/pdp-i13361253958.html",
              "querystring": ""
            },
            {
              "image": "https://filebroker-cdn.lazada.vn/kf/S30b220b983eb4c1c929c2f41b913e4d8w.jpg",
              "sku": "13361253958_VNAMZ",
              "skuId": "116884770762",
              "itemUrl": "/products/pdp-i13361253958.html",
              "querystring": ""
            },
            {
              "image": "https://filebroker-cdn.lazada.vn/kf/S30b220b983eb4c1c929c2f41b913e4d8w.jpg",
              "sku": "13361253958_VNAMZ",
              "skuId": "116884770761",
              "itemUrl": "/products/pdp-i13361253958.html",
              "querystring": ""
            },
            {
              "image": "https://filebroker-cdn.lazada.vn/kf/S30b220b983eb4c1c929c2f41b913e4d8w.jpg",
              "sku": "13361253958_VNAMZ",
              "skuId": "116884770757",
              "itemUrl": "/products/pdp-i13361253958.html",
              "querystring": ""
            },
            {
              "image": "https://filebroker-cdn.lazada.vn/kf/S30b220b983eb4c1c929c2f41b913e4d8w.jpg",
              "sku": "13361253958_VNAMZ",
              "skuId": "116884770756",
              "itemUrl": "/products/pdp-i13361253958.html",
              "querystring": ""
            },
            {
              "image": "https://filebroker-cdn.lazada.vn/kf/S30b220b983eb4c1c929c2f41b913e4d8w.jpg",
              "sku": "13361253958_VNAMZ",
              "skuId": "116884770755",
              "itemUrl": "/products/pdp-i13361253958.html",
              "querystring": ""
            },
            {
              "image": "https://filebroker-cdn.lazada.vn/kf/S30b220b983eb4c1c929c2f41b913e4d8w.jpg",
              "sku": "13361253958_VNAMZ",
              "skuId": "116884770754",
              "itemUrl": "/products/pdp-i13361253958.html",
              "querystring": ""
            }
          ],
          "sellerName": "AULA haimo Specialty Store",
          "sellerId": "201072816388",
          "brandName": "AULA",
          "brandId": "3613",
          "cheapest_sku": "13361253958_VNAMZ-116884770752",
          "skuId": "116884770752",
          "sku": "13361253958_VNAMZ",
          "categories": [
            42062201,
            4455,
            2160,
            2161
          ],
          "price": "1860000",
          "restrictedAge": 0,
          "inStock": true,
          "originalPrice": "3363000",
          "clickTrace": "query:B%C3%A0n+ph%C3%ADm+c%C6%A1+aula+75;nid:13361253958;src:LazadaMainSrp;rn:d410eaa2a114d0bae901697abc58c5f0;region:vn;sku:13361253958_VNAMZ;price:1860000;client:desktop;supplier_id:201072816388;session_id:;biz_source:h5_internal;slot:35;utlog_bucket_id:470687;asc_category_id:2161;item_id:13361253958;sku_id:116884770752;shop_id:5061189;templateInfo:107883_E#-1_A3_C#",
          "itemSoldCntShow": "15 Đã bán",
          "longImageDisplayable": false,
          "skus": [
            {
              "id": "13361253958_VNAMZ-116884770752"
            }
          ],
          "promotionId": "",
          "isSponsored": false,
          "tItemType": "nt_product",
          "skuType": "2",
          "adFlag": "0",
          "directSimilarUrl": "https://native.m.lazada.com/dynamicxresult?item_img=https%3A%2F%2Ffilebroker-cdn.lazada.vn%2Fkf%2FS094c18127dd64c919433f90d3297ff8dl.jpg&src=srp_findsimilar&item_id=13361253958&sku_id=116884770752&params=%7B%22sub_src%22%3A%22long_press%22%2C%22src%22%3A%22srp_findsimilar%22%7D&m=tpp_findSimilar&q=B%25C3%25A0n%2Bph%25C3%25ADm%2Bc%25C6%25A1%2Baula%2B75&similarType=findSimilarV1&price=1860000.00&spuTriggerItem=0",
          "gridTitleLine": "2",
          "isFission": "0",
          "isBadgeAutoScroll": false,
          "showCart": false,
          "showBackIcon": false,
          "showUnitPrice": false,
          "itemUrl": "//www.lazada.vn/products/pdp-i13361253958.html",
          "querystring": "fs_ab=2&priceCompare=skuId%3A116884770752%3Bsource%3Alazada-search-voucher%3Bsn%3Ad410eaa2a114d0bae901697abc58c5f0%3BoriginPrice%3A1860000%3BdisplayPrice%3A1860000%3BisGray%3Afalse%3BsinglePromotionId%3A460000000000000%3BsingleToolCode%3ApromPrice%3BvoucherPricePlugin%3A0%3Btimestamp%3A1781074857787&c=&ratingscore=5.0&freeshipping=1&source=search&channelLpJumpArgs=&fuse_fs=&search=1&sale=15&price=1.86E%206&review=1&location=China&stock=1&lang=vi&request_id=d410eaa2a114d0bae901697abc58c5f0&clickTrackInfo=query%253AB%2525C3%2525A0n%252Bph%2525C3%2525ADm%252Bc%2525C6%2525A1%252Baula%252B75%253Bnid%253A13361253958%253Bsrc%253ALazadaMainSrp%253Brn%253Ad410eaa2a114d0bae901697abc58c5f0%253Bregion%253Avn%253Bsku%253A13361253958_VNAMZ%253Bprice%253A1860000%253Bclient%253Adesktop%253Bsupplier_id%253A201072816388%253Bsession_id%253A%253Bbiz_source%253Ah5_internal%253Bslot%253A35%253Butlog_bucket_id%253A470687%253Basc_category_id%253A2161%253Bitem_id%253A13361253958%253Bsku_id%253A116884770752%253Bshop_id%253A5061189%253BtemplateInfo%253A107883_E%2523-1_A3_C%2523"
        },
        {
          "name": "AULA | Bàn phím cơ không dây ba chế độ Wolf Spider S75Pro, cấu trúc đệm tùy chỉnh, dùng cho chơi game, văn phòng và đa năng",
          "nid": "3274345162",
          "itemId": "3274345162",
          "icons": [
            {
              "domClass": "167087",
              "type": "img",
              "group": "6",
              "showType": "0",
              "bizType": "Freeshipping"
            },
            {
              "domClass": "120018",
              "text": "Voucher giảm  65%",
              "type": "text",
              "group": "2",
              "showType": "0",
              "bizType": "voucherApplied"
            },
            {
              "domClass": "226328",
              "type": "img",
              "group": "3",
              "showType": "0",
              "bizType": "campaign"
            },
            {
              "domClass": "76432",
              "type": "img",
              "group": "3",
              "showType": "0",
              "bizType": "lazMall"
            }
          ],
          "image": "https://filebroker-cdn.lazada.vn/kf/S72a22cc0bbe649e19a11df965a85d048b.jpg",
          "isSmartImage": false,
          "utLogMap": {
            "srp_name": "LazadaMainSrp",
            "x_object_type": "item",
            "src": "organic",
            "trafficType": "organic",
            "lower_k": "b%C3%A0n+ph%C3%ADm+c%C6%A1+aula+75",
            "x_sku_ids": "15817763161",
            "x_item_ids": "3274345162",
            "iconList": "167087;120018;226328;76432",
            "SN": "d410eaa2a114d0bae901697abc58c5f0",
            "current_price": "1015000",
            "x_object_id": "3274345162",
            "ai_item": "0"
          },
          "originalPriceShow": "",
          "priceShow": "1.015.000 ₫",
          "discount": "65% Off",
          "ratingScore": "3.8609022556390977",
          "review": "266",
          "location": "Thành phố Hồ Chí Minh",
          "description": [],
          "thumbs": [
            {
              "image": "https://filebroker-cdn.lazada.vn/kf/Sa53527e965a54f50959155e09ce59331L.jpg",
              "sku": "3274345162_VNAMZ",
              "skuId": "117066254498",
              "itemUrl": "/products/pdp-i3274345162.html",
              "querystring": ""
            },
            {
              "image": "https://filebroker-cdn.lazada.vn/kf/S939111c39acd42b58529c7fe997f84e1i.jpg",
              "sku": "3274345162_VNAMZ",
              "skuId": "117066254499",
              "itemUrl": "/products/pdp-i3274345162.html",
              "querystring": ""
            },
            {
              "image": "https://filebroker-cdn.lazada.vn/kf/S5d5c0af2b251420d980be1ebf55f20b8Z.jpg",
              "sku": "3274345162_VNAMZ",
              "skuId": "15817763169",
              "itemUrl": "/products/pdp-i3274345162.html",
              "querystring": ""
            },
            {
              "image": "https://filebroker-cdn.lazada.vn/kf/S81146251f02544eeb1ba2fe782c168f0s.jpg",
              "sku": "3274345162_VNAMZ",
              "skuId": "15817763167",
              "itemUrl": "/products/pdp-i3274345162.html",
              "querystring": ""
            },
            {
              "image": "https://filebroker-cdn.lazada.vn/kf/S3f886279ff9c4a5eac63381de0bd561e9.jpg",
              "sku": "3274345162_VNAMZ",
              "skuId": "15817763165",
              "itemUrl": "/products/pdp-i3274345162.html",
              "querystring": ""
            },
            {
              "image": "https://filebroker-cdn.lazada.vn/kf/Sdae5e5ea33cc49b287b0d3b9e9c46b93N.jpg",
              "sku": "3274345162_VNAMZ",
              "skuId": "15817763161",
              "itemUrl": "/products/pdp-i3274345162.html",
              "querystring": ""
            },
            {
              "image": "https://filebroker-cdn.lazada.vn/kf/S394e23c33fa14f70876f84817403d8966.jpg",
              "sku": "3274345162_VNAMZ",
              "skuId": "15817763171",
              "itemUrl": "/products/pdp-i3274345162.html",
              "querystring": ""
            }
          ],
          "sellerName": "AULA-DG",
          "sellerId": "201080592391",
          "brandName": "AULA",
          "brandId": "3613",
          "cheapest_sku": "3274345162_VNAMZ-15817763161",
          "skuId": "15817763161",
          "sku": "3274345162_VNAMZ",
          "categories": [
            42062201,
            4455,
            2160,
            2161
          ],
          "price": "1015000",
          "restrictedAge": 0,
          "inStock": true,
          "originalPrice": "2895000",
          "clickTrace": "query:B%C3%A0n+ph%C3%ADm+c%C6%A1+aula+75;nid:3274345162;src:LazadaMainSrp;rn:d410eaa2a114d0bae901697abc58c5f0;region:vn;sku:3274345162_VNAMZ;price:1015000;client:desktop;supplier_id:201080592391;session_id:;biz_source:h5_internal;slot:36;utlog_bucket_id:470687;asc_category_id:2161;item_id:3274345162;sku_id:15817763161;shop_id:5069243;templateInfo:107883_E#-1_A3_C#",
          "itemSoldCntShow": "870 Đã bán",
          "longImageDisplayable": false,
          "skus": [
            {
              "id": "3274345162_VNAMZ-15817763161"
            }
          ],
          "promotionId": "",
          "isSponsored": false,
          "tItemType": "nt_product",
          "skuType": "2",
          "adFlag": "0",
          "directSimilarUrl": "https://native.m.lazada.com/dynamicxresult?item_img=https%3A%2F%2Ffilebroker-cdn.lazada.vn%2Fkf%2FS72a22cc0bbe649e19a11df965a85d048b.jpg&src=srp_findsimilar&item_id=3274345162&sku_id=15817763161&params=%7B%22sub_src%22%3A%22long_press%22%2C%22src%22%3A%22srp_findsimilar%22%7D&m=tpp_findSimilar&q=B%25C3%25A0n%2Bph%25C3%25ADm%2Bc%25C6%25A1%2Baula%2B75&similarType=findSimilarV1&price=1015000.00&spuTriggerItem=0",
          "gridTitleLine": "2",
          "isFission": "0",
          "isBadgeAutoScroll": false,
          "showCart": false,
          "showBackIcon": false,
          "showUnitPrice": false,
          "itemUrl": "//www.lazada.vn/products/pdp-i3274345162.html",
          "querystring": "fs_ab=2&priceCompare=skuId%3A15817763161%3Bsource%3Alazada-search-voucher%3Bsn%3Ad410eaa2a114d0bae901697abc58c5f0%3BoriginPrice%3A1015000%3BdisplayPrice%3A1015000%3BisGray%3Afalse%3BsinglePromotionId%3A460000000000000%3BsingleToolCode%3ApromPrice%3BvoucherPricePlugin%3A0%3Btimestamp%3A1781074857787&c=&ratingscore=3.8609022556390977&freeshipping=1&source=search&channelLpJumpArgs=&fuse_fs=&search=1&sale=870&price=1.015E%206&review=266&location=Th%C3%A0nh%20ph%E1%BB%91%20H%E1%BB%93%20Ch%C3%AD%20Minh&stock=1&lang=vi&request_id=d410eaa2a114d0bae901697abc58c5f0&clickTrackInfo=query%253AB%2525C3%2525A0n%252Bph%2525C3%2525ADm%252Bc%2525C6%2525A1%252Baula%252B75%253Bnid%253A3274345162%253Bsrc%253ALazadaMainSrp%253Brn%253Ad410eaa2a114d0bae901697abc58c5f0%253Bregion%253Avn%253Bsku%253A3274345162_VNAMZ%253Bprice%253A1015000%253Bclient%253Adesktop%253Bsupplier_id%253A201080592391%253Bsession_id%253A%253Bbiz_source%253Ah5_internal%253Bslot%253A36%253Butlog_bucket_id%253A470687%253Basc_category_id%253A2161%253Bitem_id%253A3274345162%253Bsku_id%253A15817763161%253Bshop_id%253A5069243%253BtemplateInfo%253A107883_E%2523-1_A3_C%2523"
        },
        {
          "name": "AULA | Bàn Phím Cơ F75Max 3 Chế Độ Nút Phím In Chữ Cạnh Bên",
          "nid": "13390679692",
          "itemId": "13390679692",
          "icons": [
            {
              "domClass": "167087",
              "type": "img",
              "group": "6",
              "showType": "0",
              "bizType": "Freeshipping"
            },
            {
              "domClass": "120018",
              "text": "Voucher giảm  25%",
              "type": "text",
              "group": "2",
              "showType": "0",
              "bizType": "voucherApplied"
            },
            {
              "domClass": "226328",
              "type": "img",
              "group": "3",
              "showType": "0",
              "bizType": "campaign"
            },
            {
              "domClass": "76432",
              "type": "img",
              "group": "3",
              "showType": "0",
              "bizType": "lazMall"
            }
          ],
          "image": "https://filebroker-cdn.lazada.vn/kf/S2a726715b82f4b42b5ad77f9fa5af515a.jpg",
          "isSmartImage": false,
          "utLogMap": {
            "srp_name": "LazadaMainSrp",
            "x_object_type": "item",
            "src": "organic",
            "trafficType": "organic",
            "lower_k": "b%C3%A0n+ph%C3%ADm+c%C6%A1+aula+75",
            "x_sku_ids": "117011988663",
            "x_item_ids": "13390679692",
            "iconList": "167087;120018;226328;76432",
            "SN": "d410eaa2a114d0bae901697abc58c5f0",
            "current_price": "1392000",
            "x_object_id": "13390679692",
            "ai_item": "0"
          },
          "originalPriceShow": "",
          "priceShow": "1.392.000 ₫",
          "discount": "25% Off",
          "ratingScore": "5.0",
          "review": "5",
          "location": "China",
          "description": [],
          "thumbs": [
            {
              "image": "https://ae-pic-a1.aliexpress-media.com/kf/S4fd5d37501c24b7098c8054545cbd7b2N.png",
              "sku": "13390679692_VNAMZ",
              "skuId": "117011988671",
              "itemUrl": "/products/pdp-i13390679692.html",
              "querystring": ""
            },
            {
              "image": "https://ae-pic-a1.aliexpress-media.com/kf/Secd7f885c4304839b0d6b055a842b80ds.png",
              "sku": "13390679692_VNAMZ",
              "skuId": "117011988663",
              "itemUrl": "/products/pdp-i13390679692.html",
              "querystring": ""
            },
            {
              "image": "https://ae-pic-a1.aliexpress-media.com/kf/S004b67e202c246109452a5baa9cfa2efS.png",
              "sku": "13390679692_VNAMZ",
              "skuId": "117011988662",
              "itemUrl": "/products/pdp-i13390679692.html",
              "querystring": ""
            },
            {
              "image": "https://ae-pic-a1.aliexpress-media.com/kf/Sef114316422846788dc3fd2a31d3dae9o.png",
              "sku": "13390679692_VNAMZ",
              "skuId": "117011988665",
              "itemUrl": "/products/pdp-i13390679692.html",
              "querystring": ""
            },
            {
              "image": "https://filebroker-cdn.lazada.vn/kf/Sa447be037dfd4843bcc9b7e3b1c0e037M.jpg",
              "sku": "13390679692_VNAMZ",
              "skuId": "117011988664",
              "itemUrl": "/products/pdp-i13390679692.html",
              "querystring": ""
            },
            {
              "image": "https://ae-pic-a1.aliexpress-media.com/kf/S37cc6ae3b735460e9eb39266ad3ec4a4e.png",
              "sku": "13390679692_VNAMZ",
              "skuId": "117011988667",
              "itemUrl": "/products/pdp-i13390679692.html",
              "querystring": ""
            },
            {
              "image": "https://filebroker-cdn.lazada.vn/kf/S40f26a3dd2ec4f3dbcb6588c9a7aa9e5z.jpg",
              "sku": "13390679692_VNAMZ",
              "skuId": "117011988666",
              "itemUrl": "/products/pdp-i13390679692.html",
              "querystring": ""
            },
            {
              "image": "https://filebroker-cdn.lazada.vn/kf/S54ecea920a7e4c9eac283ca5668cd9e26.jpg",
              "sku": "13390679692_VNAMZ",
              "skuId": "117011988669",
              "itemUrl": "/products/pdp-i13390679692.html",
              "querystring": ""
            },
            {
              "image": "https://ae-pic-a1.aliexpress-media.com/kf/S18fd0057c8f749a9ad00cd9777756ce21.png",
              "sku": "13390679692_VNAMZ",
              "skuId": "117011988668",
              "itemUrl": "/products/pdp-i13390679692.html",
              "querystring": ""
            },
            {
              "image": "https://ae-pic-a1.aliexpress-media.com/kf/Sabe2d95ac3024be0b1548a5ee22e2800W.png",
              "sku": "13390679692_VNAMZ",
              "skuId": "117011988670",
              "itemUrl": "/products/pdp-i13390679692.html",
              "querystring": ""
            }
          ],
          "sellerName": "Game Peripheral",
          "sellerId": "201052336013",
          "brandName": "AULA",
          "brandId": "3613",
          "cheapest_sku": "13390679692_VNAMZ-117011988663",
          "skuId": "117011988663",
          "sku": "13390679692_VNAMZ",
          "categories": [
            42062201,
            4455,
            2160,
            2161
          ],
          "price": "1392000",
          "restrictedAge": 0,
          "inStock": true,
          "originalPrice": "1862000",
          "clickTrace": "query:B%C3%A0n+ph%C3%ADm+c%C6%A1+aula+75;nid:13390679692;src:LazadaMainSrp;rn:d410eaa2a114d0bae901697abc58c5f0;region:vn;sku:13390679692_VNAMZ;price:1392000;client:desktop;supplier_id:201052336013;session_id:;biz_source:h5_internal;slot:37;utlog_bucket_id:470687;asc_category_id:2161;item_id:13390679692;sku_id:117011988663;shop_id:5054421;templateInfo:107883_E#-1_A3_C#",
          "itemSoldCntShow": "31 Đã bán",
          "longImageDisplayable": false,
          "skus": [
            {
              "id": "13390679692_VNAMZ-117011988663"
            }
          ],
          "promotionId": "",
          "isSponsored": false,
          "tItemType": "nt_product",
          "skuType": "2",
          "adFlag": "0",
          "directSimilarUrl": "https://native.m.lazada.com/dynamicxresult?item_img=https%3A%2F%2Ffilebroker-cdn.lazada.vn%2Fkf%2FS2a726715b82f4b42b5ad77f9fa5af515a.jpg&src=srp_findsimilar&item_id=13390679692&sku_id=117011988663&params=%7B%22sub_src%22%3A%22long_press%22%2C%22src%22%3A%22srp_findsimilar%22%7D&m=tpp_findSimilar&q=B%25C3%25A0n%2Bph%25C3%25ADm%2Bc%25C6%25A1%2Baula%2B75&similarType=findSimilarV1&price=1392000.00&spuTriggerItem=0",
          "gridTitleLine": "2",
          "isFission": "0",
          "isBadgeAutoScroll": false,
          "showCart": false,
          "showBackIcon": false,
          "showUnitPrice": false,
          "itemUrl": "//www.lazada.vn/products/pdp-i13390679692.html",
          "querystring": "fs_ab=2&priceCompare=skuId%3A117011988663%3Bsource%3Alazada-search-voucher%3Bsn%3Ad410eaa2a114d0bae901697abc58c5f0%3BoriginPrice%3A1392000%3BdisplayPrice%3A1392000%3BisGray%3Afalse%3BsinglePromotionId%3A460000000000000%3BsingleToolCode%3ApromPrice%3BvoucherPricePlugin%3A0%3Btimestamp%3A1781074857787&c=&ratingscore=5.0&freeshipping=1&source=search&channelLpJumpArgs=&fuse_fs=&search=1&sale=31&price=1.392E%206&review=5&location=China&stock=1&lang=vi&request_id=d410eaa2a114d0bae901697abc58c5f0&clickTrackInfo=query%253AB%2525C3%2525A0n%252Bph%2525C3%2525ADm%252Bc%2525C6%2525A1%252Baula%252B75%253Bnid%253A13390679692%253Bsrc%253ALazadaMainSrp%253Brn%253Ad410eaa2a114d0bae901697abc58c5f0%253Bregion%253Avn%253Bsku%253A13390679692_VNAMZ%253Bprice%253A1392000%253Bclient%253Adesktop%253Bsupplier_id%253A201052336013%253Bsession_id%253A%253Bbiz_source%253Ah5_internal%253Bslot%253A37%253Butlog_bucket_id%253A470687%253Basc_category_id%253A2161%253Bitem_id%253A13390679692%253Bsku_id%253A117011988663%253Bshop_id%253A5054421%253BtemplateInfo%253A107883_E%2523-1_A3_C%2523"
        },
        {
          "name": "AULA| Bàn Phím Cơ Wolf Spider F75 Kết Cấu Gasket, 3 Chế Độ, Hot-Swap",
          "nid": "13353745264",
          "itemId": "13353745264",
          "icons": [
            {
              "domClass": "167087",
              "type": "img",
              "group": "6",
              "showType": "0",
              "bizType": "Freeshipping"
            },
            {
              "domClass": "120018",
              "text": "Voucher giảm  47%",
              "type": "text",
              "group": "2",
              "showType": "0",
              "bizType": "voucherApplied"
            },
            {
              "domClass": "226328",
              "type": "img",
              "group": "3",
              "showType": "0",
              "bizType": "campaign"
            },
            {
              "domClass": "76432",
              "type": "img",
              "group": "3",
              "showType": "0",
              "bizType": "lazMall"
            }
          ],
          "image": "https://filebroker-cdn.lazada.vn/kf/S0883450f3f084508ad31234d262d28dbF.jpg",
          "isSmartImage": false,
          "utLogMap": {
            "srp_name": "LazadaMainSrp",
            "x_object_type": "item",
            "src": "organic",
            "trafficType": "organic",
            "lower_k": "b%C3%A0n+ph%C3%ADm+c%C6%A1+aula+75",
            "x_sku_ids": "116788161294",
            "x_item_ids": "13353745264",
            "iconList": "167087;120018;226328;76432",
            "SN": "d410eaa2a114d0bae901697abc58c5f0",
            "current_price": "1298000",
            "x_object_id": "13353745264",
            "ai_item": "0"
          },
          "originalPriceShow": "",
          "priceShow": "1.298.000 ₫",
          "discount": "47% Off",
          "ratingScore": "4.983471074380165",
          "review": "120",
          "location": "China",
          "description": [],
          "thumbs": [
            {
              "image": "https://filebroker-cdn.lazada.vn/kf/Sa86ef823b8ca4fb9a191e54b98f8a4a2E.jpg",
              "sku": "13353745264_VNAMZ",
              "skuId": "116788161296",
              "itemUrl": "/products/pdp-i13353745264.html",
              "querystring": ""
            },
            {
              "image": "https://filebroker-cdn.lazada.vn/kf/Se3f27b3bb98c4dbb9480933ade4e9c87g.jpg",
              "sku": "13353745264_VNAMZ",
              "skuId": "116788161297",
              "itemUrl": "/products/pdp-i13353745264.html",
              "querystring": ""
            },
            {
              "image": "https://filebroker-cdn.lazada.vn/kf/Sa7b5d0b63a64480a9e4bd2ff81d55d02T.jpg",
              "sku": "13353745264_VNAMZ",
              "skuId": "116788161298",
              "itemUrl": "/products/pdp-i13353745264.html",
              "querystring": ""
            },
            {
              "image": "https://filebroker-cdn.lazada.vn/kf/S160f602ad5884b09b535fed7195e35b62.jpg",
              "sku": "13353745264_VNAMZ",
              "skuId": "116788161299",
              "itemUrl": "/products/pdp-i13353745264.html",
              "querystring": ""
            },
            {
              "image": "https://filebroker-cdn.lazada.vn/kf/Sf32eea9299d04bd69cdaa66d74c3f55bZ.jpg",
              "sku": "13353745264_VNAMZ",
              "skuId": "116821612672",
              "itemUrl": "/products/pdp-i13353745264.html",
              "querystring": ""
            },
            {
              "image": "https://filebroker-cdn.lazada.vn/kf/S198d685f528941fda420ca5e442b82c9T.jpg",
              "sku": "13353745264_VNAMZ",
              "skuId": "116821612673",
              "itemUrl": "/products/pdp-i13353745264.html",
              "querystring": ""
            },
            {
              "image": "https://filebroker-cdn.lazada.vn/kf/Sb317aa55065b4c3eb33e41c7a9f4111dU.jpg",
              "sku": "13353745264_VNAMZ",
              "skuId": "116821612674",
              "itemUrl": "/products/pdp-i13353745264.html",
              "querystring": ""
            },
            {
              "image": "https://filebroker-cdn.lazada.vn/kf/Sa86ef823b8ca4fb9a191e54b98f8a4a2E.jpg",
              "sku": "13353745264_VNAMZ",
              "skuId": "116788161294",
              "itemUrl": "/products/pdp-i13353745264.html",
              "querystring": ""
            },
            {
              "image": "https://filebroker-cdn.lazada.vn/kf/S334d6ffea76d4f02b1b14d44aa5bed0ce.jpg",
              "sku": "13353745264_VNAMZ",
              "skuId": "116821612675",
              "itemUrl": "/products/pdp-i13353745264.html",
              "querystring": ""
            },
            {
              "image": "https://filebroker-cdn.lazada.vn/kf/S5c9cab844cfc4f59b81d68ceb3fcfff3J.jpg",
              "sku": "13353745264_VNAMZ",
              "skuId": "116788161295",
              "itemUrl": "/products/pdp-i13353745264.html",
              "querystring": ""
            },
            {
              "image": "https://filebroker-cdn.lazada.vn/kf/S86ed40b380504abd95b1b6507e225dfek.jpg",
              "sku": "13353745264_VNAMZ",
              "skuId": "116821612676",
              "itemUrl": "/products/pdp-i13353745264.html",
              "querystring": ""
            },
            {
              "image": "https://filebroker-cdn.lazada.vn/kf/Sa2308b354f89420f8ab8a968fedb85a2A.jpg",
              "sku": "13353745264_VNAMZ",
              "skuId": "116929109778",
              "itemUrl": "/products/pdp-i13353745264.html",
              "querystring": ""
            },
            {
              "image": "https://filebroker-cdn.lazada.vn/kf/Sa0f48bffc6da4532a38e7f0dc7d1701fp.jpg",
              "sku": "13353745264_VNAMZ",
              "skuId": "116929109774",
              "itemUrl": "/products/pdp-i13353745264.html",
              "querystring": ""
            },
            {
              "image": "https://filebroker-cdn.lazada.vn/kf/S91c195c1888f4a93a4f97af3ea92cb9cx.jpg",
              "sku": "13353745264_VNAMZ",
              "skuId": "116929109775",
              "itemUrl": "/products/pdp-i13353745264.html",
              "querystring": ""
            },
            {
              "image": "https://filebroker-cdn.lazada.vn/kf/S2f6dd1acb3314043bae37670e39f2830d.jpg",
              "sku": "13353745264_VNAMZ",
              "skuId": "116929109776",
              "itemUrl": "/products/pdp-i13353745264.html",
              "querystring": ""
            },
            {
              "image": "https://filebroker-cdn.lazada.vn/kf/Se81ef3c856114978ac5799dc557aa2car.jpg",
              "sku": "13353745264_VNAMZ",
              "skuId": "116929109777",
              "itemUrl": "/products/pdp-i13353745264.html",
              "querystring": ""
            },
            {
              "image": "https://filebroker-cdn.lazada.vn/kf/S9593d7e63d394f89a5e4cbe00213335fU.jpg",
              "sku": "13353745264_VNAMZ",
              "skuId": "116821612680",
              "itemUrl": "/products/pdp-i13353745264.html",
              "querystring": ""
            },
            {
              "image": "https://filebroker-cdn.lazada.vn/kf/S8bf24b99c791408fbffa271b699cd0cdf.jpg",
              "sku": "13353745264_VNAMZ",
              "skuId": "116821612681",
              "itemUrl": "/products/pdp-i13353745264.html",
              "querystring": ""
            },
            {
              "image": "https://filebroker-cdn.lazada.vn/kf/S424b582c6997465fb658a5f65a9b2816C.jpg",
              "sku": "13353745264_VNAMZ",
              "skuId": "116821612682",
              "itemUrl": "/products/pdp-i13353745264.html",
              "querystring": ""
            },
            {
              "image": "https://filebroker-cdn.lazada.vn/kf/Sd47eb23f62534e5096cd90bee1b25b01h.jpg",
              "sku": "13353745264_VNAMZ",
              "skuId": "116821612683",
              "itemUrl": "/products/pdp-i13353745264.html",
              "querystring": ""
            },
            {
              "image": "https://filebroker-cdn.lazada.vn/kf/S10b37925cc5e4edd87ae07b84e73f89da.jpg",
              "sku": "13353745264_VNAMZ",
              "skuId": "116821612684",
              "itemUrl": "/products/pdp-i13353745264.html",
              "querystring": ""
            },
            {
              "image": "https://filebroker-cdn.lazada.vn/kf/Sc7df69183171474896b8ba9e928ed24bH.jpg",
              "sku": "13353745264_VNAMZ",
              "skuId": "116788161304",
              "itemUrl": "/products/pdp-i13353745264.html",
              "querystring": ""
            },
            {
              "image": "https://filebroker-cdn.lazada.vn/kf/Sc7df69183171474896b8ba9e928ed24bH.jpg",
              "sku": "13353745264_VNAMZ",
              "skuId": "116788161305",
              "itemUrl": "/products/pdp-i13353745264.html",
              "querystring": ""
            },
            {
              "image": "https://filebroker-cdn.lazada.vn/kf/S51856c76a67640199839628bad5db27an.jpg",
              "sku": "13353745264_VNAMZ",
              "skuId": "116788161306",
              "itemUrl": "/products/pdp-i13353745264.html",
              "querystring": ""
            },
            {
              "image": "https://filebroker-cdn.lazada.vn/kf/S51856c76a67640199839628bad5db27an.jpg",
              "sku": "13353745264_VNAMZ",
              "skuId": "116788161307",
              "itemUrl": "/products/pdp-i13353745264.html",
              "querystring": ""
            },
            {
              "image": "https://filebroker-cdn.lazada.vn/kf/S4dfaaa7649e4401298e20d8c528d81f5W.jpg",
              "sku": "13353745264_VNAMZ",
              "skuId": "116788161300",
              "itemUrl": "/products/pdp-i13353745264.html",
              "querystring": ""
            },
            {
              "image": "https://filebroker-cdn.lazada.vn/kf/S757bc2a9a1604d3abffba18521fc4cd7y.jpg",
              "sku": "13353745264_VNAMZ",
              "skuId": "116788161301",
              "itemUrl": "/products/pdp-i13353745264.html",
              "querystring": ""
            },
            {
              "image": "https://filebroker-cdn.lazada.vn/kf/Sab3cc15333b64b3581ac0eed386fdbd7x.jpg",
              "sku": "13353745264_VNAMZ",
              "skuId": "116788161302",
              "itemUrl": "/products/pdp-i13353745264.html",
              "querystring": ""
            },
            {
              "image": "https://filebroker-cdn.lazada.vn/kf/Sab3cc15333b64b3581ac0eed386fdbd7x.jpg",
              "sku": "13353745264_VNAMZ",
              "skuId": "116788161303",
              "itemUrl": "/products/pdp-i13353745264.html",
              "querystring": ""
            },
            {
              "image": "https://filebroker-cdn.lazada.vn/kf/S7f38c36f15c043d99251953f084220e2n.jpg",
              "sku": "13353745264_VNAMZ",
              "skuId": "116821612677",
              "itemUrl": "/products/pdp-i13353745264.html",
              "querystring": ""
            },
            {
              "image": "https://filebroker-cdn.lazada.vn/kf/S17fbb9512e644cf891072d7412c7ec69T.jpg",
              "sku": "13353745264_VNAMZ",
              "skuId": "116821612678",
              "itemUrl": "/products/pdp-i13353745264.html",
              "querystring": ""
            },
            {
              "image": "https://filebroker-cdn.lazada.vn/kf/S9920e415c68045df8fce977746e345bcj.jpg",
              "sku": "13353745264_VNAMZ",
              "skuId": "116821612679",
              "itemUrl": "/products/pdp-i13353745264.html",
              "querystring": ""
            }
          ],
          "sellerName": "AULA eSports",
          "sellerId": "201040064688",
          "brandName": "ESPORTS LIVNG MUSEUM",
          "brandId": "127572639",
          "cheapest_sku": "13353745264_VNAMZ-116788161294",
          "skuId": "116788161294",
          "sku": "13353745264_VNAMZ",
          "categories": [
            42062201,
            4455,
            2160,
            2161
          ],
          "price": "1298000",
          "restrictedAge": 0,
          "inStock": true,
          "originalPrice": "2426000",
          "clickTrace": "query:B%C3%A0n+ph%C3%ADm+c%C6%A1+aula+75;nid:13353745264;src:LazadaMainSrp;rn:d410eaa2a114d0bae901697abc58c5f0;region:vn;sku:13353745264_VNAMZ;price:1298000;client:desktop;supplier_id:201040064688;session_id:;biz_source:h5_internal;slot:38;utlog_bucket_id:470687;asc_category_id:2161;item_id:13353745264;sku_id:116788161294;shop_id:5051141;templateInfo:107883_E#-1_A3_C#",
          "itemSoldCntShow": "258 Đã bán",
          "longImageDisplayable": false,
          "skus": [
            {
              "id": "13353745264_VNAMZ-116788161294"
            }
          ],
          "promotionId": "",
          "isSponsored": false,
          "tItemType": "nt_product",
          "skuType": "2",
          "adFlag": "0",
          "directSimilarUrl": "https://native.m.lazada.com/dynamicxresult?item_img=https%3A%2F%2Ffilebroker-cdn.lazada.vn%2Fkf%2FS0883450f3f084508ad31234d262d28dbF.jpg&src=srp_findsimilar&item_id=13353745264&sku_id=116788161294&params=%7B%22sub_src%22%3A%22long_press%22%2C%22src%22%3A%22srp_findsimilar%22%7D&m=tpp_findSimilar&q=B%25C3%25A0n%2Bph%25C3%25ADm%2Bc%25C6%25A1%2Baula%2B75&similarType=findSimilarV1&price=1298000.00&spuTriggerItem=0",
          "gridTitleLine": "2",
          "isFission": "0",
          "isBadgeAutoScroll": false,
          "showCart": false,
          "showBackIcon": false,
          "showUnitPrice": false,
          "itemUrl": "//www.lazada.vn/products/pdp-i13353745264.html",
          "querystring": "fs_ab=2&priceCompare=skuId%3A116788161294%3Bsource%3Alazada-search-voucher%3Bsn%3Ad410eaa2a114d0bae901697abc58c5f0%3BoriginPrice%3A1298000%3BdisplayPrice%3A1298000%3BisGray%3Afalse%3BsinglePromotionId%3A460000000000000%3BsingleToolCode%3ApromPrice%3BvoucherPricePlugin%3A0%3Btimestamp%3A1781074857787&c=&ratingscore=4.983471074380165&freeshipping=1&source=search&channelLpJumpArgs=&fuse_fs=&search=1&sale=258&price=1.298E%206&review=120&location=China&stock=1&lang=vi&request_id=d410eaa2a114d0bae901697abc58c5f0&clickTrackInfo=query%253AB%2525C3%2525A0n%252Bph%2525C3%2525ADm%252Bc%2525C6%2525A1%252Baula%252B75%253Bnid%253A13353745264%253Bsrc%253ALazadaMainSrp%253Brn%253Ad410eaa2a114d0bae901697abc58c5f0%253Bregion%253Avn%253Bsku%253A13353745264_VNAMZ%253Bprice%253A1298000%253Bclient%253Adesktop%253Bsupplier_id%253A201040064688%253Bsession_id%253A%253Bbiz_source%253Ah5_internal%253Bslot%253A38%253Butlog_bucket_id%253A470687%253Basc_category_id%253A2161%253Bitem_id%253A13353745264%253Bsku_id%253A116788161294%253Bshop_id%253A5051141%253BtemplateInfo%253A107883_E%2523-1_A3_C%2523"
        },
        {
          "name": "AULA | Bàn phím cơ AULA F75 - Kết nối 3 chế độ (Tri-mode), Hotswap (Thay nóng switch), Chuyên Gaming/Văn phòng",
          "nid": "3309423219",
          "itemId": "3309423219",
          "icons": [
            {
              "domClass": "167087",
              "type": "img",
              "group": "6",
              "showType": "0",
              "bizType": "Freeshipping"
            },
            {
              "domClass": "215496",
              "type": "img",
              "group": "3",
              "showType": "0",
              "bizType": "campaign"
            },
            {
              "domClass": "76432",
              "type": "img",
              "group": "3",
              "showType": "0",
              "bizType": "lazMall"
            }
          ],
          "image": "https://filebroker-cdn.lazada.vn/kf/S1ccfca9fb6114630afbf40337eb07f05r.jpg",
          "isSmartImage": false,
          "utLogMap": {
            "srp_name": "LazadaMainSrp",
            "x_object_type": "item",
            "src": "organic",
            "trafficType": "organic",
            "lower_k": "b%C3%A0n+ph%C3%ADm+c%C6%A1+aula+75",
            "x_sku_ids": "16137973237",
            "x_item_ids": "3309423219",
            "iconList": "167087;215496;76432",
            "SN": "d410eaa2a114d0bae901697abc58c5f0",
            "current_price": "1454320",
            "x_object_id": "3309423219",
            "ai_item": "0"
          },
          "originalPriceShow": "",
          "priceShow": "1.454.320 ₫",
          "discount": "40% Off",
          "ratingScore": "4.956973293768546",
          "review": "677",
          "location": "China",
          "description": [],
          "thumbs": [
            {
              "image": "https://filebroker-cdn.lazada.vn/kf/Sa55daf3b75454d6191cdf2669203bf56s.jpg",
              "sku": "3309423219_VNAMZ",
              "skuId": "16137973239",
              "itemUrl": "/products/pdp-i3309423219.html",
              "querystring": ""
            },
            {
              "image": "https://filebroker-cdn.lazada.vn/kf/S50fe482571434b6586a76bf6ecc90c664.jpg",
              "sku": "3309423219_VNAMZ",
              "skuId": "16137973238",
              "itemUrl": "/products/pdp-i3309423219.html",
              "querystring": ""
            },
            {
              "image": "https://filebroker-cdn.lazada.vn/kf/S466761151e974a53b0fc8146a63895bfw.jpg",
              "sku": "3309423219_VNAMZ",
              "skuId": "16137973249",
              "itemUrl": "/products/pdp-i3309423219.html",
              "querystring": ""
            },
            {
              "image": "https://filebroker-cdn.lazada.vn/kf/Se127b610de824117ad88dfe04077d8f8V.png",
              "sku": "3309423219_VNAMZ",
              "skuId": "16137973237",
              "itemUrl": "/products/pdp-i3309423219.html",
              "querystring": ""
            },
            {
              "image": "https://filebroker-cdn.lazada.vn/kf/Sd670b7595f944f10ad6445406064567cB.jpg",
              "sku": "3309423219_VNAMZ",
              "skuId": "16137973248",
              "itemUrl": "/products/pdp-i3309423219.html",
              "querystring": ""
            },
            {
              "image": "https://filebroker-cdn.lazada.vn/kf/Sc13cd51714364cc7b77e435eb1574eddd.jpg",
              "sku": "3309423219_VNAMZ",
              "skuId": "16137973247",
              "itemUrl": "/products/pdp-i3309423219.html",
              "querystring": ""
            },
            {
              "image": "https://filebroker-cdn.lazada.vn/kf/S48b8aa6372564568aaeed91094309378A.jpg",
              "sku": "3309423219_VNAMZ",
              "skuId": "16137973242",
              "itemUrl": "/products/pdp-i3309423219.html",
              "querystring": ""
            },
            {
              "image": "https://filebroker-cdn.lazada.vn/kf/Sb62af5ad50c148a2a359424ce64ea39bP.jpg",
              "sku": "3309423219_VNAMZ",
              "skuId": "16137973241",
              "itemUrl": "/products/pdp-i3309423219.html",
              "querystring": ""
            },
            {
              "image": "https://filebroker-cdn.lazada.vn/kf/S5af42e024df44f83a11dcedc478f02d1t.jpg",
              "sku": "3309423219_VNAMZ",
              "skuId": "16137973240",
              "itemUrl": "/products/pdp-i3309423219.html",
              "querystring": ""
            },
            {
              "image": "https://filebroker-cdn.lazada.vn/kf/S466761151e974a53b0fc8146a63895bfw.jpg",
              "sku": "3309423219_VNAMZ",
              "skuId": "16137973250",
              "itemUrl": "/products/pdp-i3309423219.html",
              "querystring": ""
            },
            {
              "image": "https://filebroker-cdn.lazada.vn/kf/Se31948f3a1f146dca7d6787bc94ba5f78.jpg",
              "sku": "3309423219_VNAMZ",
              "skuId": "16137973246",
              "itemUrl": "/products/pdp-i3309423219.html",
              "querystring": ""
            },
            {
              "image": "https://filebroker-cdn.lazada.vn/kf/S3e4f4c514cbb4b7290b6f66cf9a71c49j.jpg",
              "sku": "3309423219_VNAMZ",
              "skuId": "16137973245",
              "itemUrl": "/products/pdp-i3309423219.html",
              "querystring": ""
            },
            {
              "image": "https://filebroker-cdn.lazada.vn/kf/S5d553dea07384135aacc8ff4731d5bcaM.jpg",
              "sku": "3309423219_VNAMZ",
              "skuId": "16137973244",
              "itemUrl": "/products/pdp-i3309423219.html",
              "querystring": ""
            },
            {
              "image": "https://filebroker-cdn.lazada.vn/kf/S47516bd4fb894b86b793434b3b804d0eQ.jpg",
              "sku": "3309423219_VNAMZ",
              "skuId": "16137973243",
              "itemUrl": "/products/pdp-i3309423219.html",
              "querystring": ""
            }
          ],
          "sellerName": "AULA-mojing",
          "sellerId": "201039968120",
          "brandName": "AULA-MOJING",
          "brandId": "127567083",
          "cheapest_sku": "3309423219_VNAMZ-16137973237",
          "skuId": "16137973237",
          "sku": "3309423219_VNAMZ",
          "categories": [
            42062201,
            4455,
            2160,
            2161
          ],
          "price": "1454320",
          "restrictedAge": 0,
          "inStock": true,
          "originalPrice": "2426000",
          "clickTrace": "query:B%C3%A0n+ph%C3%ADm+c%C6%A1+aula+75;nid:3309423219;src:LazadaMainSrp;rn:d410eaa2a114d0bae901697abc58c5f0;region:vn;sku:3309423219_VNAMZ;price:1454320;client:desktop;supplier_id:201039968120;session_id:;biz_source:h5_internal;slot:39;utlog_bucket_id:470687;asc_category_id:2161;item_id:3309423219;sku_id:16137973237;shop_id:5050108;templateInfo:155386_D_E_G#-1_A3_C#",
          "itemSoldCntShow": "1.3K Đã bán",
          "longImageDisplayable": false,
          "skus": [
            {
              "id": "3309423219_VNAMZ-16137973237"
            }
          ],
          "promotionId": "",
          "isSponsored": false,
          "tItemType": "nt_product",
          "skuType": "2",
          "adFlag": "0",
          "directSimilarUrl": "https://native.m.lazada.com/dynamicxresult?item_img=https%3A%2F%2Ffilebroker-cdn.lazada.vn%2Fkf%2FS1ccfca9fb6114630afbf40337eb07f05r.jpg&src=srp_findsimilar&item_id=3309423219&sku_id=16137973237&params=%7B%22sub_src%22%3A%22long_press%22%2C%22src%22%3A%22srp_findsimilar%22%7D&m=tpp_findSimilar&q=B%25C3%25A0n%2Bph%25C3%25ADm%2Bc%25C6%25A1%2Baula%2B75&similarType=findSimilarV1&price=1454320.00&spuTriggerItem=0",
          "gridTitleLine": "2",
          "isFission": "0",
          "isBadgeAutoScroll": false,
          "showCart": false,
          "showBackIcon": false,
          "showUnitPrice": false,
          "itemUrl": "//www.lazada.vn/products/pdp-i3309423219.html",
          "querystring": "fs_ab=2&priceCompare=skuId%3A16137973237%3Bsource%3Alazada-search-voucher%3Bsn%3Ad410eaa2a114d0bae901697abc58c5f0%3BoriginPrice%3A1454320%3BdisplayPrice%3A1454320%3BisGray%3Afalse%3BsinglePromotionId%3A900000877327879%3BsingleToolCode%3AmillionSubsidy%3BvoucherPricePlugin%3A0%3Btimestamp%3A1781074857787&c=&ratingscore=4.956973293768546&freeshipping=1&source=search&channelLpJumpArgs=&fuse_fs=&search=1&sale=1343&price=1.45432E%206&review=677&location=China&stock=1&lang=vi&request_id=d410eaa2a114d0bae901697abc58c5f0&clickTrackInfo=query%253AB%2525C3%2525A0n%252Bph%2525C3%2525ADm%252Bc%2525C6%2525A1%252Baula%252B75%253Bnid%253A3309423219%253Bsrc%253ALazadaMainSrp%253Brn%253Ad410eaa2a114d0bae901697abc58c5f0%253Bregion%253Avn%253Bsku%253A3309423219_VNAMZ%253Bprice%253A1454320%253Bclient%253Adesktop%253Bsupplier_id%253A201039968120%253Bsession_id%253A%253Bbiz_source%253Ah5_internal%253Bslot%253A39%253Butlog_bucket_id%253A470687%253Basc_category_id%253A2161%253Bitem_id%253A3309423219%253Bsku_id%253A16137973237%253Bshop_id%253A5050108%253BtemplateInfo%253A155386_D_E_G%2523-1_A3_C%2523"
        }
      ],
      "breadcrumb": [
        {
          "url": "https://www.lazada.vn",
          "title": "Trang chủ"
        },
        {
          "title": "Kết quả tìm kiếm"
        }
      ],
      "sortBar": {
        "tItemType": "nt_sortbar",
        "filter": "Bộ lọc",
        "style": "wf",
        "sortItems": [
          {
            "name": "Popularity",
            "tip": "Phù hợp nhất",
            "isActive": "true",
            "value": "popularity",
            "key": "sort",
            "tabName": ""
          },
          {
            "name": "Price-ASC",
            "tip": "Giá từ thấp tới cao",
            "value": "priceasc",
            "key": "sort",
            "tabName": ""
          },
          {
            "name": "Price-DESC",
            "tip": "Giá từ cao xuống thấp",
            "value": "pricedesc",
            "key": "sort",
            "tabName": ""
          }
        ],
        "hiddenLayoutBtn": false,
        "showFilterBtn": true,
        "hasFilter": false
      },
      "resultTips": {
        "tItemType": "nt_resulttips",
        "tips": "Tìm thấy 4023 sản phẩm cho \"{$0}\"",
        "keywords": [
          {
            "text": "Bàn phím cơ aula 75"
          }
        ]
      },
      "linksInfo": []
    },
    "mainInfo": {
      "errorMsg": "",
      "bizCode": 0,
      "serverParams": "translatedEnQuery%3Daula+75+mechanical+keyboard%26",
      "totalResults": "4023",
      "pageSize": "40",
      "page": "1",
      "hiddenLayoutBtn": false,
      "layoutInfo": {
        "listHeader": [
          "didYouMean",
          "campaignBanner",
          "categoryBar",
          "brandBar",
          "superStore",
          "banner",
          "resultTips",
          "navCategory",
          "hotDeal",
          "emptyResult",
          "recQuery",
          "emptyResultBannerTips",
          "limitedResult",
          "recommendTitle"
        ],
        "stickyHeader": [
          "reminderBanner"
        ],
        "sceneHeader": [],
        "halfStickyHeader": [
          "sortBar",
          "preposeFilter"
        ],
        "bottomHalfStickyHeader": []
      },
      "pageType": "searchList",
      "gridTitleLine": "2",
      "trackParams": {},
      "userId": "200125884142",
      "anonUid": "zYQCz8ePY2sdy9gMliL1E5AIXtGjAvIk",
      "cate_id": "",
      "hyperspaceInfo": "",
      "currency": "₫",
      "currencyOnRight": "true",
      "currencySpace": "true",
      "isShowFeedbackForm": "false",
      "showThumbs": "true",
      "allProductURL": "/all-products/",
      "addToCartURL": "//cart.lazada.vn/cart/api/add",
      "cluster": "fiber2_sg52",
      "column": 2,
      "bucketId": "mobile_v1",
      "auctionType": 1,
      "noMorePages": false,
      "srpName": "LazadaMainSrp",
      "params": "{\"src\":\"h5_internal\"}",
      "searchScenario": "keyword",
      "hiddenShopChangeBtn": true,
      "selectedFilters": {},
      "expParams": {
        "disableTileSimple": "1",
        "isBadgeAutoScroll": "0",
        "filterLazyLoad": "0",
        "funnelFilterBtnPosition": "sortBarContainerRight",
        "enableShortStyle": "0",
        "enableFeedbackAssistant": "1",
        "disableScreenSimple": "1",
        "enableCompactLineHeight": "1",
        "disableFspImagePreload": "0"
      },
      "filterLazyLoad": false,
      "RN": "d410eaa2a114d0bae901697abc58c5f0",
      "style": "wf",
      "title": "Bàn phím cơ aula 75",
      "lang": "vi",
      "venture": "VN",
      "themes": [
        {
          "img": "https://img.lazcdn.com/us/lzd-onepiece/e09da34c2fe4a880c5c286c8850d9fbd1755399349335.png",
          "width": "117",
          "labelMarginLeft": "0",
          "key": "76432",
          "height": "36"
        },
        {
          "img": "https://img.lazcdn.com/us/lazgcp/a1163eaa-58f6-4c25-a83f-70400884fea8_ALL-204-52.png",
          "width": "204",
          "labelMarginLeft": "0",
          "key": "215496",
          "height": "52"
        },
        {
          "font-size": "11",
          "labelMarginLeft": "0",
          "color": "#FF0066",
          "key": "120018"
        },
        {
          "img": "https://img.lazcdn.com/us/lzd-onepiece/6abc4702a53281e23740daccbd1dec5c1755400370098.png",
          "width": "432",
          "labelMarginLeft": "0",
          "key": "167087",
          "height": "54"
        },
        {
          "img": "https://img.lazcdn.com/us/lazgcp/de039f65-6661-4846-814a-f9e1dd1e836f_ALL-82-52.png",
          "width": "91",
          "labelMarginLeft": "0",
          "key": "225748",
          "height": "52"
        },
        {
          "img": "https://img.lazcdn.com/us/lazgcp/f2964bd1-3309-46f0-a3df-dcec77efdfc5_ALL-167-52.png",
          "width": "235",
          "labelMarginLeft": "0",
          "key": "226328",
          "height": "52"
        }
      ],
      "q": "Bàn phím cơ aula 75",
      "rt": {
        "all": 394
      },
      "serverResponseTime": 1781074857,
      "reqParams": "{\"src\":\"h5_internal\",\"refer\":\"https://www.lazada.vn/\",\"scenario\":\"keyword-dynamic\",\"ab_test\":\"BASE:0\"}",
      "pageTitle": "Bàn phím cơ aula 75- Giá Tốt & Ưu Đãi | Lazada Việt Nam"
    },
    "seoInfo": {
      "pageTitle": "Bàn phím cơ aula 75- Giá Tốt & Ưu Đãi | Lazada Việt Nam",
      "description": "Tìm kiếm Bàn phím cơ aula 75? Lazada Việt Nam là nơi tập hợp các cửa hàng uy tín trong nước và quốc tế! Trải nghiệm mua sắm an toàn, thoải mái với sản phẩm chính hãng, giao hàng nhanh và giá tốt nhất. Mua ngay với chính sách đổi trả dễ dàng và thanh toán bảo mật!",
      "robotsContent": "index,follow",
      "canonicalHref": "/catalog/?q=bàn+phím+cơ+aula+75",
      "androidDeepLink": "android-app://com.lazada.android/lazada/vn/page?url_key=%2Fcatalog%2F%3Fq%3DB%25C3%25A0n%2520ph%25C3%25ADm%2520c%25C6%25A1%2520aula%252075&utm_campaign=%2Fcatalog%2F%3Fq%3Db%25c3%25a0n%2520ph%25c3%25adm%2520c%25c6%25a1%2520aula%252075&utm_medium=organic&utm_source=google_app_indexing&utm_from=search",
      "nextHref": "/catalog/?page=2&q=B%C3%A0n%20ph%C3%ADm%20c%C6%A1%20aula%2075",
      "internalLink": [],
      "h1": "",
      "itemListSchema": {
        "@context": "https://schema.org",
        "@type": "ItemList",
        "name": "Best Selling Bàn phím cơ aula 75 Products",
        "itemListElement": [
          {
            "@type": "ListItem",
            "position": 1,
            "item": {
              "@type": "Product",
              "name": "AULA |Bàn phím cơ ba chế độ Lang Tu F75",
              "image": "https://filebroker-cdn.lazada.vn/kf/Sfa6ba036486142bdaf186c59ad8741afE.jpg",
              "url": "//www.lazada.vn/products/pdp-i3234652279.html",
              "aggregateRating": {
                "@type": "AggregateRating",
                "ratingValue": "4.9",
                "ratingCount": 1100
              }
            }
          },
          {
            "@type": "ListItem",
            "position": 2,
            "item": {
              "@type": "Product",
              "name": "AULA | Bàn Phím Cơ Không Dây AULA Nova 75 - Hot-swap (Custom), Kết nối 3 chế độ (Bluetooth/2.4G/Wired), Chuyên văn phòng và Gaming",
              "image": "https://ae01.alicdn.com/kf/Sb6e519e7b1da40deb84c633351461309V.jpg",
              "url": "//www.lazada.vn/products/pdp-i3298209334.html",
              "aggregateRating": {
                "@type": "AggregateRating",
                "ratingValue": "4.9",
                "ratingCount": 352
              }
            }
          },
          {
            "@type": "ListItem",
            "position": 3,
            "item": {
              "@type": "Product",
              "name": "AULA | Bàn Phím Cơ Đa Chế Độ F75 Đặt Hàng Theo Yêu Cầu",
              "image": "https://filebroker-cdn.lazada.vn/kf/S7561faa8d19a4497bf7009ba7f733ae7X.png",
              "url": "//www.lazada.vn/products/pdp-i13395002268.html",
              "aggregateRating": {
                "@type": "AggregateRating",
                "ratingValue": "5.0",
                "ratingCount": 8
              }
            }
          },
          {
            "@type": "ListItem",
            "position": 4,
            "item": {
              "@type": "Product",
              "name": "AULA | Bàn Phím Cơ AULA S75PRO - Tri-mode (Wireless 2.4G/Bluetooth/USB-C), Layout 75%, LED RGB, Chuyên Gaming",
              "image": "https://filebroker-cdn.lazada.vn/kf/S37b3dcdc4b6f4e76b615c800d9dfb6d6M.jpg",
              "url": "//www.lazada.vn/products/pdp-i13347484056.html",
              "aggregateRating": {
                "@type": "AggregateRating",
                "ratingValue": "4.9",
                "ratingCount": 49
              }
            }
          },
          {
            "@type": "ListItem",
            "position": 5,
            "item": {
              "@type": "Product",
              "name": "AULA | Bàn phím cơ AULA F75 - Tri-mode, Đèn RGB, Dành cho văn phòng, máy tính, thể thao điện tử và chơi game",
              "image": "https://ae01.alicdn.com/kf/Sdb048a6253654f28a40d77248f866c11d.jpg",
              "url": "//www.lazada.vn/products/pdp-i3318863273.html",
              "aggregateRating": {
                "@type": "AggregateRating",
                "ratingValue": "4.6",
                "ratingCount": 165
              }
            }
          },
          {
            "@type": "ListItem",
            "position": 6,
            "item": {
              "@type": "Product",
              "name": "AULA | Bàn Phím Cơ F75 Gõ Siêu Mượt, Độ Trễ Cực Thấp",
              "image": "https://filebroker-cdn.lazada.vn/kf/S70806f791a484a12810d20419454c4751.jpg",
              "url": "//www.lazada.vn/products/pdp-i13359219433.html",
              "aggregateRating": {
                "@type": "AggregateRating",
                "ratingValue": "5.0",
                "ratingCount": 78
              }
            }
          },
          {
            "@type": "ListItem",
            "position": 7,
            "item": {
              "@type": "Product",
              "name": "AULA | Bàn Phím Cơ Không Dây Bluetooth Ba Chế Độ 75 Phím",
              "image": "https://filebroker-cdn.lazada.vn/kf/S17812497e3d64331bc9c30fbc728d2ean.jpg",
              "url": "//www.lazada.vn/products/pdp-i13359946450.html",
              "aggregateRating": {
                "@type": "AggregateRating",
                "ratingValue": "4.7",
                "ratingCount": 15
              }
            }
          },
          {
            "@type": "ListItem",
            "position": 8,
            "item": {
              "@type": "Product",
              "name": "AULA | Bàn Phím Cơ Không Dây S75 Pro Kết Nối 3 Chế Độ, Gasket Mount, Layout 75%, Màn Hình & Núm Xoay",
              "image": "https://ae01.alicdn.com/kf/Sffc8da2cfe774e5188a2ad6c4c52c628Y.jpeg",
              "url": "//www.lazada.vn/products/pdp-i3278130390.html",
              "aggregateRating": {
                "@type": "AggregateRating",
                "ratingValue": "4.9",
                "ratingCount": 40
              }
            }
          },
          {
            "@type": "ListItem",
            "position": 9,
            "item": {
              "@type": "Product",
              "name": "AULA | Bàn Phím Cơ Không Dây Bluetooth RGB Đa Sắc Mầu Có Thể Tùy Chỉnh 75 Phím",
              "image": "https://filebroker-cdn.lazada.vn/kf/Sb898593b36784c489fb6c8bf2ac60bd5L.jpg",
              "url": "//www.lazada.vn/products/pdp-i13362527375.html",
              "aggregateRating": {
                "@type": "AggregateRating",
                "ratingValue": "4.5",
                "ratingCount": 17
              }
            }
          },
          {
            "@type": "ListItem",
            "position": 10,
            "item": {
              "@type": "Product",
              "name": "AULA | Bàn Phím Cơ Chơi Game Bluetooth Ba Chế Độ 75 Phím",
              "image": "https://filebroker-cdn.lazada.vn/kf/S2ab86188f42f41949f9204a6da1a812c7.jpg",
              "url": "//www.lazada.vn/products/pdp-i13379614759.html",
              "aggregateRating": {
                "@type": "AggregateRating",
                "ratingValue": "4.9",
                "ratingCount": 23
              }
            }
          }
        ]
      },
      "breadcrumbSchema": {
        "@context": "https://schema.org",
        "@type": "BreadcrumbList",
        "itemListElement": [
          {
            "item": {
              "@id": "https://www.lazada.vn",
              "name": "Trang chủ"
            },
            "@type": "ListItem",
            "position": 1
          }
        ]
      },
      "breadcrumbData": [
        {
          "categoryName": "Trang chủ",
          "categoryLink": "https://www.lazada.vn"
        },
        {
          "categoryName": "Kết quả tìm kiếm"
        }
      ],
      "productSchema": {
        "@type": "Product",
        "@context": "https://schema.org",
        "name": "AULA |Bàn phím cơ ba chế độ Lang Tu F75",
        "image": "https://filebroker-cdn.lazada.vn/kf/Sfa6ba036486142bdaf186c59ad8741afE.jpg",
        "sku": "3234652279_VNAMZ",
        "mpn": "15557050197",
        "aggregateRating": {
          "@type": "AggregateRating",
          "ratingValue": "4.9",
          "ratingCount": 1100
        },
        "brand": {
          "@type": "Organization",
          "name": "AULA"
        }
      }
    }
  }
}
---
